<?xml version="1.0" encoding="utf-8" ?>
<kml xmlns="http://www.opengis.net/kml/2.2">
<Document id="root_doc">
<Schema name="simplified" id="simplified">
	<SimpleField name="OBJECTID" type="int"></SimpleField>
	<SimpleField name="Section_Name" type="string"></SimpleField>
	<SimpleField name="Shape_Length" type="float"></SimpleField>
	<SimpleField name="FolderPath" type="string"></SimpleField>
	<SimpleField name="Region" type="string"></SimpleField>
</Schema>
<Folder><name>simplified</name>
  <Placemark id="simplified.1">
	<Style><LineStyle><color>ff0000ff</color></LineStyle><PolyStyle><fill>0</fill></PolyStyle></Style>
	<ExtendedData><SchemaData schemaUrl="#simplified">
		<SimpleData name="OBJECTID">1</SimpleData>
		<SimpleData name="Section_Name">WA Section I</SimpleData>
		<SimpleData name="Shape_Length">0.509095620714805</SimpleData>
		<SimpleData name="FolderPath">Track/5 - Washington/WA Section I</SimpleData>
		<SimpleData name="Region">Washington</SimpleData>
	</SchemaData></ExtendedData>
      <LineString><coordinates>-121.4354736,46.7634348 -121.4384527,46.7642646 -121.4353627,46.7642852000001 -121.4362196,46.7650499000001 -121.4394849,46.7656498000001 -121.4345094,46.7672024 -121.4322806,46.7699459 -121.4296752,46.7701828 -121.4257487,46.7719523000001 -121.429796,46.7732553000001 -121.4353666,46.7734178000001 -121.4359214,46.7743696000001 -121.4379757,46.7746293000001 -121.4403056,46.7737741 -121.4419504,46.7716351 -121.4452977,46.7707525000001 -121.4473638,46.7690669 -121.4451005,46.7722674 -121.4476606,46.7709481000001 -121.4500525,46.7719592 -121.4492514,46.7732732000001 -121.450916,46.7743475 -121.4506385,46.7756866 -121.4532294,46.7806078 -121.4535352,46.7841788000001 -121.4524497,46.7871508000001 -121.451396,46.7879934000001 -121.4483428,46.7883402000001 -121.4485541,46.7897246000001 -121.4469548,46.7911853000001 -121.4482893,46.7922408000001 -121.4489391,46.7954356000001 -121.4553124,46.7970915000001 -121.4571383,46.7996344000001 -121.4594224,46.8005644 -121.4583663,46.8049360000001 -121.4674753,46.8148134 -121.4673583,46.8164067000001 -121.4682143,46.8156372 -121.4701015,46.8183782 -121.4703693,46.8221352 -121.4719736,46.8233106000001 -121.4716097,46.8248168000001 -121.4739807,46.8269034 -121.4748756,46.8288224 -121.4737045,46.8290718000001 -121.4733372,46.8307805000001 -121.4723986,46.8312858 -121.4744593,46.8316802000001 -121.473643,46.8340964000001 -121.4747593,46.8374971000001 -121.4713143,46.8417334000001 -121.471163,46.8434536 -121.4764476,46.8477972000001 -121.4782181,46.8482281 -121.4772673,46.8495707000001 -121.4786689,46.8523878 -121.482648,46.8536409000001 -121.4838304,46.8550874000001 -121.48801,46.8557209000001 -121.4882877,46.8578518 -121.489343,46.8579496 -121.4894064,46.8586241 -121.4908976,46.8582407000001 -121.492854,46.8592870000001 -121.4946979,46.8591737 -121.4945757,46.8602129000001 -121.4999399,46.860684 -121.4954454,46.8625534000001 -121.495053,46.8644697 -121.5023817,46.8678506000001 -121.5047465,46.8713126000001 -121.5084033,46.8722243 -121.515982,46.8718721000001 -121.515931,46.8730062000001 -121.5179708,46.8740366000001 -121.5184725,46.8756725000001 -121.5127319,46.8825208000001 -121.5047823,46.8875142000001 -121.5065724,46.8898866000001 -121.5057679,46.8917346000001 -121.5025281,46.8923954000001 -121.5035919,46.8927445 -121.5030862,46.8937343000001 -121.5015153,46.8941730000001 -121.5005065,46.895653 -121.4986174,46.8954418000001 -121.4982188,46.8967607000001 -121.499507,46.8976263000001 -121.4993101,46.8983502 -121.497504,46.8977816 -121.4970488,46.8985928000001 -121.4956984,46.8986343 -121.5005126,46.9015175000001 -121.5006033,46.9024841 -121.4999462,46.9019211 -121.5000952,46.9031042 -121.4978256,46.9044775 -121.4975185,46.9057249000001 -121.4934694,46.9081805000001 -121.4880019,46.9093954000001 -121.4887623,46.9111227000001 -121.4875261,46.9118798000001 -121.481081,46.9118559 -121.4737428,46.9136217000001 -121.4720209,46.9174286000001 -121.4720513,46.9215725000001 -121.4704435,46.919631 -121.4679819,46.9195358000001 -121.4666061,46.9197436000001 -121.4654163,46.9210456000001 -121.4533251,46.9230552000001 -121.4575905,46.9230463000001 -121.4569252,46.9270344 -121.4580936,46.927846 -121.4584177,46.9294709000001 -121.4563171,46.9304718000001 -121.4543141,46.9300191 -121.4509753,46.9325639 -121.4505806,46.9336786000001 -121.4559914,46.9422778000001 -121.4530944,46.9463753000001 -121.4525796,46.9497244 -121.4536572,46.9514685 -121.4515752,46.9543892 -121.4485204,46.9563677 -121.4478361,46.9582846000001 -121.4483397,46.9596979 -121.4503148,46.9597032 -121.453039,46.9613266000001 -121.4528606,46.9627134 -121.4510503,46.9640421 -121.4489555,46.9684590000001 -121.4443291,46.9716332 -121.4448603,46.9725617 -121.4432026,46.9730934 -121.4436826,46.9767185000001 -121.4428451,46.9782046 -121.4360899,46.9810825000001 -121.4318126,46.9820297000001 -121.4309499,46.9831306 -121.4250636,46.9849585000001 -121.4240552,46.9863706 -121.4214786,46.9873298000001 -121.4191678,46.9896058 -121.4192216,46.9905816 -121.420524,46.9915554 -121.4205261,46.9948535 -121.4177776,46.9927371000001 -121.4134269,46.9927928000001 -121.4089825,46.9978554</coordinates></LineString>
  </Placemark>
  <Placemark id="simplified.2">
	<Style><LineStyle><color>ff0000ff</color></LineStyle><PolyStyle><fill>0</fill></PolyStyle></Style>
	<ExtendedData><SchemaData schemaUrl="#simplified">
		<SimpleData name="OBJECTID">2</SimpleData>
		<SimpleData name="Section_Name">WA Section I</SimpleData>
		<SimpleData name="Shape_Length">0.473423306723238</SimpleData>
		<SimpleData name="FolderPath">Track/5 - Washington/WA Section I</SimpleData>
		<SimpleData name="Region">Washington</SimpleData>
	</SchemaData></ExtendedData>
      <LineString><coordinates>-121.4089825,46.9978554 -121.4091631,46.9992724000001 -121.407827,47.0012691000001 -121.410138,47.0034217 -121.4103536,47.004538 -121.4087296,47.0054187000001 -121.408195,47.0081317 -121.4065101,47.0084567000001 -121.4070278,47.0099245000001 -121.4060593,47.0123085000001 -121.4021411,47.0151122 -121.4009241,47.0147141 -121.4003767,47.0164914000001 -121.3961688,47.0198306 -121.395056,47.0220177 -121.3951582,47.0246586000001 -121.3965436,47.028088 -121.3958441,47.0302331 -121.3967073,47.0318114 -121.398264,47.0325158000001 -121.3972963,47.0350778000001 -121.3932526,47.0378737 -121.3938905,47.0399683000001 -121.3921024,47.0416963000001 -121.3882215,47.0448730000001 -121.3842622,47.0463929000001 -121.3854835,47.0480847000001 -121.3833055,47.0494349000001 -121.3828478,47.0544632 -121.3805968,47.0559211 -121.3762105,47.0568630000001 -121.3757353,47.0581711 -121.3774378,47.0608301 -121.3774613,47.0633793000001 -121.3723913,47.0680241000001 -121.3746043,47.0680478 -121.3744856,47.0754871 -121.376776,47.0759826 -121.3803375,47.0796379000001 -121.3844122,47.0817167000001 -121.3874107,47.0822902 -121.3968341,47.0880127 -121.3943715,47.0915533 -121.3951866,47.0932962000001 -121.3937506,47.0948711 -121.3955335,47.0959140000001 -121.3956916,47.0976338 -121.3983314,47.1002946 -121.3978078,47.100583 -121.3994886,47.1010147000001 -121.3989633,47.1012466000001 -121.4001179,47.1023315 -121.3991188,47.1041710000001 -121.4032271,47.1065415 -121.4033592,47.1072738 -121.4065388,47.1077457000001 -121.4085222,47.1099462000001 -121.4113113,47.1103591 -121.4117818,47.1113183000001 -121.4064188,47.1141581000001 -121.4048229,47.1178786 -121.4051549,47.1201453 -121.4004919,47.1213951 -121.3993303,47.1233092000001 -121.3973363,47.1240500000001 -121.3976596,47.1261668000001 -121.3965061,47.126966 -121.3878359,47.1254401 -121.3905244,47.1279828 -121.3906786,47.129898 -121.3893521,47.1314052000001 -121.3845365,47.1335809 -121.3815704,47.1336372000001 -121.368877,47.1382194 -121.3663718,47.1384416000001 -121.3628169,47.1404368 -121.3591548,47.1375272000001 -121.3580693,47.1379831 -121.3561615,47.1368236000001 -121.3522998,47.1381221 -121.3497326,47.1367189000001 -121.3472783,47.1379425000001 -121.3442996,47.1350774000001 -121.3388708,47.1350993 -121.3349721,47.1311852000001 -121.3316886,47.1320466000001 -121.3307631,47.1331438 -121.3258689,47.1333089 -121.3210678,47.1350572000001 -121.3189125,47.1346454000001 -121.3177772,47.1357067000001 -121.3167906,47.1334531000001 -121.3147033,47.1322305 -121.3131113,47.1348686000001 -121.3107032,47.1361829000001 -121.3043562,47.1361065 -121.3058323,47.1378056 -121.3043092,47.1379006000001 -121.3014173,47.1441363000001 -121.3022402,47.1454508 -121.3003745,47.1464946 -121.3020505,47.1465442000001 -121.2991677,47.1478030000001 -121.2987364,47.1493454000001 -121.3042501,47.1575051 -121.3054674,47.1619851 -121.311677,47.163376 -121.3113667,47.1640545000001 -121.312584,47.1658527000001 -121.3141092,47.1668526 -121.3157289,47.1716035000001 -121.3155175,47.1745834000001 -121.3141313,47.1767682 -121.3151104,47.1778763 -121.3122419,47.1773766000001 -121.311763,47.1780208000001 -121.3129917,47.1786343000001 -121.3109448,47.1803337000001 -121.3076155,47.180889 -121.3082312,47.1822447000001 -121.3052255,47.1850187000001 -121.3047818,47.1903225 -121.3038988,47.1916972000001 -121.3089469,47.1953917000001 -121.3071315,47.1962373000001 -121.3087274,47.1966912 -121.3071115,47.1972086000001 -121.308852,47.1976528000001 -121.3075726,47.1982757000001 -121.3112287,47.1990492 -121.3085861,47.2006435000001 -121.3096325,47.2009734000001 -121.3101167,47.2026628 -121.3081282,47.2037743000001 -121.3104513,47.2053216 -121.3158586,47.2066742000001 -121.3151092,47.2086052000001 -121.3155031,47.2105721 -121.3166998,47.2106837000001 -121.3179129,47.2122065 -121.3213623,47.2125958 -121.3213982,47.2132572</coordinates></LineString>
  </Placemark>
  <Placemark id="simplified.3">
	<Style><LineStyle><color>ff0000ff</color></LineStyle><PolyStyle><fill>0</fill></PolyStyle></Style>
	<ExtendedData><SchemaData schemaUrl="#simplified">
		<SimpleData name="OBJECTID">3</SimpleData>
		<SimpleData name="Section_Name">WA Section I</SimpleData>
		<SimpleData name="Shape_Length">0.458944530568167</SimpleData>
		<SimpleData name="FolderPath">Track/5 - Washington/WA Section I</SimpleData>
		<SimpleData name="Region">Washington</SimpleData>
	</SchemaData></ExtendedData>
      <LineString><coordinates>-121.3213982,47.2132572 -121.3213522,47.2139271 -121.3236263,47.2141757000001 -121.325373,47.2156142000001 -121.3292925,47.2164551000001 -121.3311913,47.2161766 -121.3355388,47.2124227 -121.3383602,47.2144213 -121.336932,47.2143777000001 -121.3373334,47.2147210000001 -121.3411395,47.2154501000001 -121.3441967,47.2186147 -121.3609304,47.2227061 -121.3627568,47.2239553000001 -121.362586,47.226324 -121.3609389,47.2277032000001 -121.3604533,47.2302753000001 -121.3609334,47.2314861 -121.3627525,47.2324007 -121.3620178,47.2325075000001 -121.3633145,47.2328643000001 -121.3599841,47.2337901000001 -121.362758,47.2350358 -121.3593014,47.2366722 -121.3581516,47.2387745 -121.3589233,47.2406455 -121.3512998,47.2421533 -121.3504091,47.2437808000001 -121.3450936,47.2454435000001 -121.341236,47.2446124000001 -121.3388762,47.2450149000001 -121.3379295,47.2470267 -121.3384224,47.2493099000001 -121.3374143,47.2523139 -121.3340467,47.2535495000001 -121.3340673,47.2554222000001 -121.331805,47.2577876 -121.3317527,47.258857 -121.3336191,47.2607853000001 -121.3326772,47.2609379 -121.3344904,47.2615483000001 -121.3337047,47.2619819000001 -121.3346832,47.2623052000001 -121.3339482,47.2628243 -121.3376059,47.2643561 -121.336941,47.26608 -121.3393546,47.2680596000001 -121.3375381,47.2710354000001 -121.3386179,47.2725694000001 -121.3387601,47.2749316000001 -121.3408305,47.276037 -121.3409558,47.2771912000001 -121.3437812,47.2775619000001 -121.3437783,47.2791333000001 -121.3449447,47.2806179 -121.3445067,47.2810724 -121.3487274,47.2814032000001 -121.3513597,47.2832842 -121.3527459,47.2825747000001 -121.3527961,47.2832032000001 -121.3549965,47.2830801000001 -121.3576129,47.2849528 -121.3594772,47.2851333 -121.3609839,47.2876385000001 -121.3608483,47.2892273000001 -121.3678867,47.2902932000001 -121.3702301,47.2914964 -121.3731703,47.2915923 -121.3769422,47.2888780000001 -121.3770991,47.2872734000001 -121.3805036,47.2862283000001 -121.3855918,47.2868621000001 -121.3862502,47.2895263 -121.3873047,47.2906021000001 -121.3929446,47.291767 -121.3953442,47.2936917000001 -121.3977685,47.2928644 -121.3985065,47.2933431000001 -121.4026536,47.2902025000001 -121.4044543,47.2903373 -121.4067962,47.2924736000001 -121.4081483,47.2959685000001 -121.4107326,47.2984756000001 -121.413105,47.2997659000001 -121.4159753,47.2999603000001 -121.4156674,47.3017292000001 -121.4131848,47.3036645000001 -121.4166185,47.3071605000001 -121.4205519,47.309446 -121.4289177,47.3122881 -121.4287196,47.3139399 -121.4322817,47.3187422 -121.4330861,47.3215626 -121.4322481,47.3239349 -121.4298048,47.3244967000001 -121.4366945,47.3293473000001 -121.4351419,47.3306435000001 -121.4356707,47.3309528 -121.4332495,47.3341223 -121.4334163,47.3353509 -121.4374361,47.3367582000001 -121.4346022,47.3394645000001 -121.434704,47.3415885000001 -121.4379846,47.343267 -121.4366652,47.3436432 -121.4362894,47.3453026 -121.4368047,47.3464261 -121.4390951,47.3474661000001 -121.4385815,47.3488844 -121.4411782,47.3508209 -121.4414274,47.3501881 -121.4417143,47.3519297 -121.4439747,47.3509823000001 -121.448548,47.3510477 -121.4501966,47.3517639 -121.4505906,47.3533924000001 -121.4541922,47.3526824 -121.4548018,47.3531576 -121.4543146,47.3542047 -121.4549744,47.3563953 -121.455855,47.3562948000001 -121.4554246,47.3574226000001 -121.4522809,47.3593960000001 -121.4522454,47.3611483000001 -121.4511946,47.3617761 -121.4504534,47.3640424000001 -121.4474527,47.3679892000001 -121.4488211,47.3714777000001 -121.4468341,47.3732028000001 -121.4471,47.3773129 -121.4462664,47.3800789000001 -121.4451268,47.3811079000001 -121.4477496,47.3881594000001 -121.4462649,47.3902437 -121.4444854,47.3910218 -121.4383816,47.3916853000001 -121.4405118,47.3958876 -121.438694978,47.402738007 -121.4353726,47.4045973 -121.4330267,47.4071039 -121.4300523,47.4074471000001</coordinates></LineString>
  </Placemark>
  <Placemark id="simplified.4">
	<Style><LineStyle><color>ff0000ff</color></LineStyle><PolyStyle><fill>0</fill></PolyStyle></Style>
	<ExtendedData><SchemaData schemaUrl="#simplified">
		<SimpleData name="OBJECTID">4</SimpleData>
		<SimpleData name="Section_Name">WA Section I</SimpleData>
		<SimpleData name="Shape_Length">0.294691936116226</SimpleData>
		<SimpleData name="FolderPath">Track/5 - Washington/WA Section I</SimpleData>
		<SimpleData name="Region">Washington</SimpleData>
	</SchemaData></ExtendedData>
      <LineString><coordinates>-121.3739908,46.6261708000001 -121.3752541,46.6284365000001 -121.3751394,46.6321756 -121.3740721,46.6339842 -121.3764056,46.6335798000001 -121.3752254,46.6344897000001 -121.3761638,46.6345473000001 -121.378194,46.6329124000001 -121.3768309,46.6350481000001 -121.3797121,46.6361613 -121.3797029,46.6382842 -121.3812097,46.6371961 -121.3813637,46.6392029 -121.3787258,46.6424964 -121.3791415,46.6440470000001 -121.3810237,46.6444229000001 -121.3824732,46.6457551 -121.3857613,46.6460481 -121.3840782,46.6469201 -121.3938878,46.6524207000001 -121.4046805,46.6525373000001 -121.406322,46.6531327000001 -121.4068089,46.6541779 -121.410632,46.6532076 -121.411303,46.6549372000001 -121.4107652,46.6560985 -121.4138591,46.6600807 -121.4125069,46.6651232 -121.4107351,46.6656065000001 -121.4114707,46.6698400000001 -121.4108726,46.6704773000001 -121.4105793,46.6763379000001 -121.406951,46.6779297 -121.4057578,46.6800751000001 -121.4034308,46.6813708000001 -121.4039545,46.6843326000001 -121.4029491,46.686854 -121.3997328,46.6897935000001 -121.4021509,46.6922529 -121.4020998,46.6932721000001 -121.4003681,46.6933838 -121.4003975,46.6942777 -121.3987012,46.6941522000001 -121.3970021,46.6955904000001 -121.3945574,46.6944067000001 -121.3905715,46.6965566000001 -121.3888159,46.6963809000001 -121.3874857,46.6971529 -121.3853073,46.6997571000001 -121.3873389,46.7012428 -121.3848071,46.7031006 -121.3861841,46.7062157 -121.3836186,46.7071062000001 -121.3837771,46.7084214000001 -121.3871202,46.7095701000001 -121.3869516,46.7112145 -121.3849321,46.7121303000001 -121.3867953,46.7135603 -121.3886899,46.7137476 -121.3889927,46.7146999 -121.3927618,46.7155891 -121.3935171,46.7168370000001 -121.4000333,46.7166826000001 -121.4036534,46.7194730000001 -121.4016065,46.7208626 -121.403559968,46.7213829890001 -121.4040389,46.7233638000001 -121.4012481,46.7258633000001 -121.4023678,46.7267335000001 -121.4020738,46.7274615000001 -121.4031657,46.7273677000001 -121.4041321,46.72954 -121.4042999,46.7311423 -121.403153026,46.7314820080001 -121.4032998,46.7323121000001 -121.4066336,46.7325605 -121.4066409,46.7354927000001 -121.4086685,46.7367779 -121.4091541,46.7391345 -121.4144115,46.7419533 -121.4160382,46.7459716000001 -121.4192671,46.7470188 -121.4185893,46.7505096 -121.4220972,46.7584235 -121.4219487,46.7602508000001 -121.425853986,46.764306966 -121.430141,46.7633173 -121.4292289,46.7639310000001 -121.4288326,46.7644203 -121.4278105,46.7650957000001 -121.4273202,46.765543 -121.4323628,46.7636747000001 -121.435473599,46.7634348</coordinates></LineString>
  </Placemark>
  <Placemark id="simplified.5">
	<Style><LineStyle><color>ff0000ff</color></LineStyle><PolyStyle><fill>0</fill></PolyStyle></Style>
	<ExtendedData><SchemaData schemaUrl="#simplified">
		<SimpleData name="OBJECTID">5</SimpleData>
		<SimpleData name="Section_Name">CA Section P</SimpleData>
		<SimpleData name="Shape_Length">0.378364890893721</SimpleData>
		<SimpleData name="FolderPath">Track/3 - Northern California/CA Section P</SimpleData>
		<SimpleData name="Region">Northern California</SimpleData>
	</SchemaData></ExtendedData>
      <LineString><coordinates>-122.284046443,41.161247464 -122.282370894,41.1615433160001 -122.282936701,41.1620782100001 -122.281963186,41.162484152 -122.282883837,41.163092012 -122.282392932,41.163810568 -122.28409852,41.1622133770001 -122.289828143,41.160295148 -122.289540528,41.1594556530001 -122.295004854,41.1608462630001 -122.296177526,41.16265257 -122.2984423,41.1624409 -122.2977633,41.1615492 -122.2982575,41.1602139 -122.2965869,41.1580765 -122.2987335,41.1580139000001 -122.3002122,41.1591958000001 -122.3039052,41.1598153 -122.3048919,41.1606517000001 -122.3102405,41.1613445 -122.3093782,41.1637119000001 -122.3101192,41.1640981 -122.3125155,41.1620952000001 -122.3121811,41.1612675000001 -122.3132355,41.1609675 -122.3126591,41.1600784 -122.314409,41.1605286000001 -122.3226365,41.1572054000001 -122.3272963,41.1582466 -122.3282213,41.1601779000001 -122.3272524,41.1622156 -122.3278285,41.162513 -122.332152,41.1618093000001 -122.3343134,41.1626961000001 -122.3385327,41.1597801 -122.3400563,41.1609742000001 -122.3474805,41.1622735 -122.3482484,41.1622634 -122.3464182,41.1612940000001 -122.3478007,41.1607081000001 -122.3494559,41.1622275 -122.350766,41.1613176000001 -122.3529602,41.1614107 -122.3523524,41.1609745000001 -122.3523038,41.1607945000001 -122.3540004,41.1612682000001 -122.3539688,41.1619722 -122.3543353,41.1614355 -122.3548861,41.1613424000001 -122.3547616,41.1619380000001 -122.356522,41.1623525000001 -122.3585472,41.1645326 -122.3598602,41.1632909 -122.3630166,41.1659632000001 -122.3634061,41.1651496000001 -122.3632811,41.1647881000001 -122.363387,41.1645657 -122.3636233,41.1650482000001 -122.3634488,41.1658639 -122.3634777,41.1661546 -122.3634947,41.1661841000001 -122.3634928,41.166251 -122.3635188,41.1663257000001 -122.3641262,41.1638797000001 -122.3663583,41.1633959000001 -122.3665808,41.1658251000001 -122.3698035,41.1677569 -122.3693084,41.1709131000001 -122.3702001,41.1716901 -122.3687324,41.1726628000001 -122.3689949,41.1746738000001 -122.3699594,41.174653 -122.3702267,41.1765749 -122.3716006,41.1761482000001 -122.3718615,41.1778392000001 -122.3730252,41.1789219 -122.3732136,41.1818235000001 -122.3740437,41.1825026000001 -122.3751487,41.1815461 -122.3749332,41.1837747000001 -122.3727624,41.1836379000001 -122.3739289,41.1851956 -122.3764172,41.1842895 -122.3783464,41.1852033000001 -122.3784351,41.1881152 -122.3793656,41.1890862000001 -122.378838,41.1905889000001 -122.3799388,41.1901573000001 -122.3803957,41.1885364 -122.3806846,41.1881352 -122.3805633,41.1915446 -122.3786014,41.1938485000001 -122.3775647,41.1970106000001 -122.3828154,41.1927317 -122.384067,41.1954839000001 -122.3824777,41.1944871000001 -122.3817812,41.1971034000001 -122.3826407,41.1961534000001 -122.3823155,41.1970883000001 -122.3842711,41.1989387 -122.3835194,41.1987169000001 -122.3850043,41.2011670000001 -122.3819424,41.2030925 -122.382171,41.2042900000001 -122.3798009,41.2067002000001 -122.3785111,41.2104795000001 -122.3770171,41.2122532000001 -122.3810721,41.2133655000001 -122.3815517,41.2147832000001 -122.3828262,41.2155226 -122.3855073,41.2130749 -122.3855613,41.2113744000001 -122.3882063,41.2100769 -122.3928322,41.2138107000001 -122.3965457,41.2152998 -122.4016132,41.2148412000001 -122.4044827,41.216329 -122.4102459,41.2144309 -122.4148534,41.2084118000001 -122.4171051,41.207068 -122.4208808,41.2063763 -122.4220456,41.2037684000001 -122.425414,41.2007483 -122.4254973,41.1993495 -122.42226,41.1979841 -122.433019,41.1912236000001 -122.4340114,41.1891013000001 -122.4409862,41.1905523 -122.4435522,41.1901637 -122.4448057,41.1883578000001 -122.4478154,41.1874193 -122.4631111,41.1913132 -122.4704914,41.1913336000001</coordinates></LineString>
  </Placemark>
  <Placemark id="simplified.6">
	<Style><LineStyle><color>ff0000ff</color></LineStyle><PolyStyle><fill>0</fill></PolyStyle></Style>
	<ExtendedData><SchemaData schemaUrl="#simplified">
		<SimpleData name="OBJECTID">6</SimpleData>
		<SimpleData name="Section_Name">CA Section P</SimpleData>
		<SimpleData name="Shape_Length">0.479419422442561</SimpleData>
		<SimpleData name="FolderPath">Track/3 - Northern California/CA Section P</SimpleData>
		<SimpleData name="Region">Northern California</SimpleData>
	</SchemaData></ExtendedData>
      <LineString><coordinates>-122.4704914,41.1913336000001 -122.4907116,41.1910073000001 -122.4975265,41.1874238 -122.498383,41.1896381 -122.4977923,41.1933959 -122.4994746,41.1962857 -122.5053759,41.1991386 -122.5102409,41.2035926 -122.5157437,41.2045029000001 -122.5164061,41.2067599000001 -122.5189642,41.2071163000001 -122.5188419,41.2090158 -122.521429,41.2092882000001 -122.5227187,41.2104469000001 -122.5214078,41.2102708 -122.5201477,41.2114139 -122.5213419,41.2162706 -122.5159214,41.2218575000001 -122.5135439,41.2288175 -122.5144958,41.2315287000001 -122.5165043,41.2329729 -122.5169514,41.2354953 -122.5160982,41.2372083000001 -122.5123241,41.2400792 -122.5123908,41.2418574000001 -122.5100306,41.2489389 -122.5104646,41.2513290000001 -122.5118053,41.2528943 -122.5125935,41.2590224 -122.509573,41.2643642 -122.5036424,41.266214 -122.5014308,41.2676611000001 -122.5031512,41.2695947 -122.503076,41.2712501 -122.5043809,41.2728667000001 -122.5039762,41.2742819000001 -122.5057621,41.2767156 -122.5055653,41.2780694 -122.510415,41.2818293 -122.5099224,41.2840406 -122.50785,41.2860915000001 -122.5052387,41.28722 -122.4985008,41.2881026000001 -122.4894471,41.2907131000001 -122.4907537,41.2916231 -122.4934366,41.2914423 -122.4973552,41.2925221 -122.4996691,41.3010936000001 -122.5083589,41.3073313 -122.5125302,41.3117318000001 -122.5138613,41.3145787 -122.5149697,41.3206043000001 -122.5062758,41.3185039000001 -122.5054552,41.3191656000001 -122.5057454,41.3207558 -122.5046675,41.3208319 -122.5062399,41.3227204 -122.5060434,41.3240371000001 -122.5079861,41.3273511 -122.5080924,41.3294438 -122.5120842,41.3341394 -122.513445,41.3375277000001 -122.5203977,41.3391292000001 -122.5303996,41.3387022000001 -122.5360373,41.3395587000001 -122.5389923,41.3444618 -122.5438013,41.3448645 -122.5426175,41.3475947000001 -122.5443851,41.3506417 -122.5441111,41.3547388000001 -122.5549753,41.3608923 -122.5622136,41.3614173 -122.5727041,41.3578429 -122.5737653,41.3565712000001 -122.573073,41.3549574 -122.5754964,41.3514533000001 -122.5732576,41.3495882 -122.5736568,41.3466262000001 -122.5729858,41.3461311 -122.5695641,41.3465763 -122.5612241,41.3445424000001 -122.5644691,41.3415807000001 -122.5673439,41.3409098000001 -122.5692392,41.3394841 -122.5664886,41.3359768 -122.571789,41.3349896 -122.5772127,41.3328095000001 -122.5772612,41.3303894000001 -122.5708666,41.3284028 -122.5785764,41.3254519000001 -122.5859164,41.3243408000001 -122.5967162,41.3213236 -122.5986526,41.3180432 -122.6007225,41.3197396 -122.6084403,41.3205981 -122.6062255,41.3229433000001 -122.6094328,41.3257383000001 -122.6139915,41.3257018 -122.6182316,41.3233474 -122.619976,41.3257977000001 -122.6262894,41.3295295</coordinates></LineString>
  </Placemark>
  <Placemark id="simplified.7">
	<Style><LineStyle><color>ff0000ff</color></LineStyle><PolyStyle><fill>0</fill></PolyStyle></Style>
	<ExtendedData><SchemaData schemaUrl="#simplified">
		<SimpleData name="OBJECTID">7</SimpleData>
		<SimpleData name="Section_Name">CA Section P</SimpleData>
		<SimpleData name="Shape_Length">0.433707674317821</SimpleData>
		<SimpleData name="FolderPath">Track/3 - Northern California/CA Section P</SimpleData>
		<SimpleData name="Region">Northern California</SimpleData>
	</SchemaData></ExtendedData>
      <LineString><coordinates>-122.6262894,41.3295295 -122.6297374,41.3311606 -122.6318711,41.3305883 -122.6388296,41.3238361000001 -122.6464885,41.3199293000001 -122.6466687,41.3174735000001 -122.6453516,41.3158871000001 -122.6416574,41.3155810000001 -122.6411685,41.3147478000001 -122.6466285,41.3091483000001 -122.6411692,41.3046364 -122.6460404,41.3015154 -122.6482958,41.2957885000001 -122.6482054,41.2938472000001 -122.6449599,41.2918093000001 -122.6457076,41.2904087000001 -122.6474184,41.2895261 -122.6472036,41.2864617000001 -122.6477998,41.2854681000001 -122.6519079,41.2844161 -122.6529611,41.2830522 -122.6587197,41.2879742000001 -122.6591613,41.2906413000001 -122.6600148,41.2913955000001 -122.6611601,41.291792 -122.6656775,41.2902491 -122.6715026,41.2834950000001 -122.67068,41.2825968000001 -122.6693922,41.2828576000001 -122.6682554,41.2807549 -122.6694528,41.2779005 -122.6781498,41.2746116000001 -122.6794976,41.2712970000001 -122.6791633,41.2704298 -122.6812758,41.2684965 -122.6823141,41.2703566000001 -122.6869373,41.2733818 -122.6903156,41.2782406000001 -122.6929608,41.2797636000001 -122.6932058,41.2827004000001 -122.694128,41.2807943 -122.6959584,41.2797761 -122.6972847,41.2756843000001 -122.7009537,41.2759624 -122.7057793,41.2749396 -122.7085364,41.272 -122.70994,41.2748266 -122.7112575,41.2755946 -122.7112892,41.2740944000001 -122.7143777,41.2719020000001 -122.7133316,41.2697275 -122.7159993,41.2703043000001 -122.715431,41.2684822000001 -122.7208091,41.2657406000001 -122.7226778,41.2631027 -122.7259086,41.2616984000001 -122.7269193,41.2579841 -122.7266992,41.2553256 -122.727877,41.2534160000001 -122.7265257,41.2509172000001 -122.7265852,41.2451605000001 -122.7297094,41.2435188000001 -122.7308487,41.2406917000001 -122.732751,41.2397939000001 -122.7325211,41.2378105000001 -122.7345232,41.2361161000001 -122.732876,41.2337563 -122.7367116,41.229656 -122.73893,41.2286321 -122.7456195,41.2281786 -122.7454816,41.2256336 -122.7673919,41.2297438000001 -122.7757701,41.227602 -122.777547,41.2252988000001 -122.7771827,41.2241910000001 -122.7780274,41.2228206 -122.7771886,41.2219594000001 -122.7772952,41.2206246000001 -122.7756344,41.2204017 -122.7743277,41.2187885000001 -122.7763089,41.2176735 -122.7760639,41.2163606 -122.7828299,41.2167922 -122.7866002,41.2146506 -122.7872461,41.2133964000001 -122.7861414,41.2119178 -122.7881067,41.2115987 -122.7898537,41.2126248000001 -122.7936485,41.2108465000001 -122.7948234,41.2096131000001 -122.7955483,41.2068868000001 -122.7935056,41.2042929 -122.8015411,41.1983326000001 -122.8072352,41.2013375000001 -122.8114769,41.2024532 -122.8137363,41.2017821000001 -122.8140267,41.2046304 -122.8172126,41.2058308000001 -122.8224502,41.2057783000001 -122.8276305,41.2069809000001 -122.8329511,41.206329 -122.8355751,41.207119 -122.8401389,41.2047012 -122.8394971,41.1985271 -122.8437263,41.1984501000001 -122.8467802,41.1969359 -122.8504024,41.1966034000001 -122.8568565,41.1979996000001 -122.8620999,41.1957675</coordinates></LineString>
  </Placemark>
  <Placemark id="simplified.8">
	<Style><LineStyle><color>ff0000ff</color></LineStyle><PolyStyle><fill>0</fill></PolyStyle></Style>
	<ExtendedData><SchemaData schemaUrl="#simplified">
		<SimpleData name="OBJECTID">8</SimpleData>
		<SimpleData name="Section_Name">CA Section P</SimpleData>
		<SimpleData name="Shape_Length">0.373448573781532</SimpleData>
		<SimpleData name="FolderPath">Track/3 - Northern California/CA Section P</SimpleData>
		<SimpleData name="Region">Northern California</SimpleData>
	</SchemaData></ExtendedData>
      <LineString><coordinates>-122.8620999,41.1957675 -122.8639614,41.1966176 -122.8702804,41.2046857 -122.8735558,41.2045699000001 -122.8770849,41.2074383 -122.8789397,41.2128697000001 -122.8805365,41.2146543000001 -122.8800258,41.2126106000001 -122.8826823,41.2090011000001 -122.8837046,41.2090486000001 -122.8847008,41.2123578000001 -122.8858421,41.2131643000001 -122.8882033,41.2126173 -122.8916333,41.2097417000001 -122.8938138,41.2095782000001 -122.8956501,41.2118485 -122.8995203,41.2144050000001 -122.8977331,41.2175877000001 -122.8985739,41.2198242000001 -122.9008649,41.2221895000001 -122.8999225,41.2223188 -122.9074764,41.225153 -122.9097999,41.2284992 -122.9142326,41.2288843000001 -122.9168498,41.2302991 -122.9186726,41.2325480000001 -122.9207344,41.2332215000001 -122.9243393,41.2379793000001 -122.9288307,41.2383944000001 -122.932166,41.2407440000001 -122.9352458,41.2413921 -122.9376673,41.240575 -122.9463051,41.2402171000001 -122.9494234,41.2388982000001 -122.9509474,41.2396618000001 -122.9513619,41.2422988000001 -122.9525285,41.2437978 -122.9576734,41.2454943000001 -122.9573399,41.2480803 -122.952596,41.2536523000001 -122.9555917,41.2557885000001 -122.9540055,41.2559521000001 -122.9570561,41.2575685 -122.9544025,41.2576317 -122.9551806,41.2594689000001 -122.9531304,41.2630228 -122.9536998,41.2629084000001 -122.9541946,41.2645333 -122.9535032,41.2654667 -122.9549489,41.2715704 -122.9546786,41.2753883 -122.9556159,41.2771863 -122.9589201,41.2793783000001 -122.959345,41.2813308 -122.9609731,41.2827205 -122.9605638,41.2845102000001 -122.9622435,41.2860616 -122.9615549,41.2873415 -122.9634655,41.2888377 -122.9655003,41.2936773000001 -122.9671769,41.2952396000001 -122.966946,41.2970838000001 -122.970213,41.2989097 -122.9693338,41.3013050000001 -122.9728255,41.304151 -122.9731989,41.3050592000001 -122.9725373,41.3061251 -122.9760901,41.3082724000001 -122.9787519,41.3084046000001 -122.9803668,41.3104188 -122.9773595,41.312393 -122.9765235,41.31465 -122.9741098,41.313681 -122.9722275,41.3152616 -122.9718113,41.3170361000001 -122.9731659,41.3218968 -122.9662967,41.3257807000001 -122.9679543,41.3279639 -122.9681442,41.3313682 -122.9667053,41.3308091000001 -122.9661266,41.3330088000001 -122.9616436,41.3342897000001 -122.9629557,41.3349531000001 -122.9638712,41.3367524000001 -122.9549812,41.3412050000001 -122.9571347,41.3419014 -122.9595749,41.344498 -122.9542063,41.3484734 -122.9577498,41.3498927000001 -122.952111,41.3524853000001 -122.9634662,41.3612712 -122.9642114,41.3639417000001 -122.9617373,41.3673477 -122.9632981,41.3663944 -122.962762,41.3674964000001 -122.9638761,41.3684877000001 -122.9640275,41.3702414000001 -122.9679145,41.3709229 -122.9709838,41.3735025 -122.9713664,41.3729239 -122.9721887,41.3767943 -122.9753125,41.3792771 -122.9733515,41.3822998000001 -122.9744718,41.3835913</coordinates></LineString>
  </Placemark>
  <Placemark id="simplified.9">
	<Style><LineStyle><color>ff0000ff</color></LineStyle><PolyStyle><fill>0</fill></PolyStyle></Style>
	<ExtendedData><SchemaData schemaUrl="#simplified">
		<SimpleData name="OBJECTID">9</SimpleData>
		<SimpleData name="Section_Name">WA Section L</SimpleData>
		<SimpleData name="Shape_Length">0.35954102104345</SimpleData>
		<SimpleData name="FolderPath">Track/5 - Washington/WA Section L</SimpleData>
		<SimpleData name="Region">Washington</SimpleData>
	</SchemaData></ExtendedData>
      <LineString><coordinates>-120.7076519,48.4984996000001 -120.7114417,48.5020658 -120.7152266,48.5038069 -120.7298952,48.5041544000001 -120.7324328,48.5063944 -120.7322125,48.5086278000001 -120.7337853,48.5099113000001 -120.7344473,48.5146789 -120.7332522,48.5148960000001 -120.7328008,48.5159310000001 -120.7333411,48.5184027000001 -120.7325922,48.5216826000001 -120.7320379,48.5211955 -120.7323187,48.5243733 -120.7312752,48.5259933 -120.733353,48.5303204000001 -120.7254757,48.5365597000001 -120.7251344,48.5382912000001 -120.7265056,48.5386833000001 -120.7227918,48.5412855000001 -120.7223674,48.5424056000001 -120.7247772,48.5416404000001 -120.7204374,48.5485677 -120.7174146,48.5514459 -120.7102111,48.5526015 -120.7086163,48.5517060000001 -120.7092364,48.5502309 -120.7063058,48.5519723 -120.7071583,48.5505915000001 -120.705186,48.5520156000001 -120.7060727,48.5536723000001 -120.7043439,48.5520239000001 -120.7043793,48.5534989000001 -120.7035843,48.55409 -120.7057222,48.5547165 -120.7035132,48.5557225000001 -120.7003179,48.5548724000001 -120.6930941,48.5588959 -120.6897561,48.5573334000001 -120.6903395,48.560997 -120.684915,48.5658978000001 -120.6865401,48.5669300000001 -120.6857998,48.5674412000001 -120.6861471,48.5693024 -120.6870512,48.5696043 -120.6876815,48.5679958000001 -120.6882613,48.5707238000001 -120.6900374,48.5715231 -120.6912092,48.573834 -120.6956968,48.5774191 -120.7058477,48.5811608000001 -120.7145014,48.5829253000001 -120.7178227,48.5855614000001 -120.7212004,48.5850748 -120.7225167,48.5829536000001 -120.7283786,48.5829889 -120.7318029,48.5818944000001 -120.7332892,48.5825736 -120.7340545,48.5871266 -120.7343015,48.5864916 -120.7352098,48.5873434000001 -120.7354852,48.5851794000001 -120.7357027,48.5848348000001 -120.7360354,48.5846356000001 -120.7373789,48.5872571 -120.7378987,48.5862894000001 -120.7389355,48.5869624000001 -120.7396587,48.5856858000001 -120.7450921,48.5870305 -120.746672,48.590716 -120.7496843,48.5917659 -120.752345687,48.5944608230001 -120.753016574,48.5968186520001 -120.7561067,48.6015469000001 -120.7562139,48.6038774 -120.7582659,48.606542 -120.7586024,48.6094913000001 -120.7568532,48.6131648 -120.7575109,48.6182207000001 -120.7539352,48.6213152 -120.7523012,48.6255777000001 -120.7523246,48.6266381 -120.7531463,48.6270445000001 -120.7528817,48.6282417 -120.7442744,48.6360385 -120.731496,48.6403460000001 -120.7210913,48.6423864000001 -120.7142759,48.6427736000001 -120.7115104,48.6448964000001</coordinates></LineString>
  </Placemark>
  <Placemark id="simplified.10">
	<Style><LineStyle><color>ff0000ff</color></LineStyle><PolyStyle><fill>0</fill></PolyStyle></Style>
	<ExtendedData><SchemaData schemaUrl="#simplified">
		<SimpleData name="OBJECTID">10</SimpleData>
		<SimpleData name="Section_Name">WA Section L</SimpleData>
		<SimpleData name="Shape_Length">0.40498286205506</SimpleData>
		<SimpleData name="FolderPath">Track/5 - Washington/WA Section L</SimpleData>
		<SimpleData name="Region">Washington</SimpleData>
	</SchemaData></ExtendedData>
      <LineString><coordinates>-120.7115104,48.6448964000001 -120.7105052,48.6458744 -120.7084695,48.6461871000001 -120.7089496,48.6480653 -120.7061276,48.6477528 -120.7126856,48.6512124000001 -120.7153183,48.6539526 -120.7182568,48.6550149 -120.717173,48.6551141 -120.7215256,48.6575407 -120.7302712,48.6596017000001 -120.726319,48.6601585000001 -120.7304114,48.6605766000001 -120.7282252,48.6610691000001 -120.7325528,48.6627699000001 -120.7311847,48.6626994000001 -120.7301423,48.665758 -120.7282459,48.667016 -120.728651,48.6648421 -120.7238429,48.6680466 -120.7245584,48.6662581000001 -120.7234461,48.666881 -120.7239353,48.6657111000001 -120.7218932,48.6678175000001 -120.7218685,48.6658584 -120.7211682,48.6667847000001 -120.7212567,48.6659123000001 -120.7195077,48.6693291 -120.7190309,48.6671782000001 -120.7186507,48.6690713 -120.7182619,48.6673808 -120.7178565,48.6699974000001 -120.7187486,48.6732603 -120.7181733,48.6750983000001 -120.7124205,48.6765600000001 -120.7074766,48.6813324 -120.7051195,48.6821058 -120.7075384,48.6836626 -120.7059019,48.6848133 -120.7071371,48.6877736000001 -120.7065259,48.6900634 -120.7041811,48.6914793 -120.7055248,48.6912528 -120.7042924,48.6917762 -120.7057597,48.6926715000001 -120.7061502,48.6939738 -120.7014791,48.6958006 -120.694944,48.6965732 -120.6880507,48.6955267000001 -120.6848097,48.6937776 -120.6832746,48.6919872 -120.6803163,48.6914570000001 -120.6776078,48.6932379 -120.6751347,48.6927380000001 -120.6709448,48.6937715 -120.6739429,48.6950913000001 -120.675721,48.6988676 -120.6756069,48.7000174 -120.6733041,48.7024754 -120.676955,48.7047878000001 -120.6770656,48.7071425 -120.6812509,48.7124456000001 -120.681394,48.7219795 -120.6806776,48.7226400000001 -120.67886,48.7226438000001 -120.6765998,48.7213175000001 -120.6729534,48.7219356000001 -120.6700521,48.7212546000001 -120.6684734,48.7225145 -120.6651646,48.7231084000001 -120.6644121,48.7241494 -120.6649376,48.7274458000001 -120.6657697,48.7281821 -120.6686887,48.7300224000001 -120.6774518,48.7317776 -120.6779101,48.7321872000001 -120.6770967,48.7323538000001 -120.6785511,48.7335185000001 -120.6809545,48.738842 -120.683656,48.7395846000001 -120.6854063,48.7424984 -120.6932443,48.7470019 -120.696146,48.7517875 -120.6929836,48.7547598 -120.6934469,48.7557607000001 -120.7009237,48.7558155 -120.7012167,48.7582759000001 -120.7028272,48.7609414 -120.7075312,48.7635152 -120.7116628,48.7691781 -120.7117023,48.7711276000001 -120.7129071,48.7722707 -120.7179915,48.7741971 -120.7225684,48.7775699000001 -120.7211163,48.7790709000001 -120.7272986,48.7780884000001 -120.7260046,48.7786822 -120.7281628,48.7788527000001 -120.7270321,48.7789771000001 -120.7291234,48.7799450000001 -120.7274279,48.7800737000001 -120.7303435,48.7811540000001 -120.7317448,48.7829881000001 -120.7350595,48.7850796000001 -120.7364519,48.7889576000001 -120.7353356,48.7931398000001 -120.7362962,48.7955160000001 -120.7332842,48.7985647 -120.7256708,48.8014602000001 -120.7238925,48.8087601 -120.724359,48.8084266000001 -120.7240427,48.8108863 -120.7254806,48.8090229000001</coordinates></LineString>
  </Placemark>
  <Placemark id="simplified.11">
	<Style><LineStyle><color>ff0000ff</color></LineStyle><PolyStyle><fill>0</fill></PolyStyle></Style>
	<ExtendedData><SchemaData schemaUrl="#simplified">
		<SimpleData name="OBJECTID">11</SimpleData>
		<SimpleData name="Section_Name">WA Section L</SimpleData>
		<SimpleData name="Shape_Length">0.35828809041521</SimpleData>
		<SimpleData name="FolderPath">Track/5 - Washington/WA Section L</SimpleData>
		<SimpleData name="Region">Washington</SimpleData>
	</SchemaData></ExtendedData>
      <LineString><coordinates>-120.7254806,48.8090229000001 -120.7331356,48.8109517 -120.7334777,48.8133760000001 -120.7324079,48.8191959000001 -120.7341513,48.8200893000001 -120.7342701,48.821651 -120.7338588,48.8227936000001 -120.7315532,48.8238003000001 -120.7298402,48.8271102 -120.7334383,48.8270277 -120.735024,48.8277588 -120.7356898,48.8301426 -120.7352064,48.8318847 -120.7347948,48.8312547 -120.7339726,48.8322308 -120.7331375,48.8317951000001 -120.7338971,48.8333018000001 -120.7331327,48.8332884000001 -120.7356452,48.8338322000001 -120.7360929,48.8360962 -120.7375243,48.836648 -120.7367715,48.8370721000001 -120.7374589,48.8380865 -120.735483,48.8381995 -120.7367902,48.8389033 -120.7360836,48.8394182000001 -120.7405128,48.8420357000001 -120.7450101,48.8425666000001 -120.7475778,48.8485935 -120.7478975,48.8525262000001 -120.7499902,48.8572135000001 -120.7484153,48.8591105 -120.7488367,48.8570351000001 -120.7477753,48.8578945 -120.7479726,48.8568647000001 -120.7432519,48.8583901000001 -120.7418975,48.8608177 -120.7422488,48.8629785000001 -120.7450926,48.8649142 -120.7509145,48.8670328000001 -120.7537767,48.8697997 -120.7502456,48.8685082000001 -120.7491725,48.8685999 -120.7537788,48.8715227000001 -120.7541335,48.8723529000001 -120.7515346,48.8708207000001 -120.7593277,48.8785039000001 -120.7601858,48.8818973 -120.7614653,48.8808467000001 -120.762636,48.8811192000001 -120.7616598,48.8818413000001 -120.7632899,48.8819549 -120.7622592,48.8828116000001 -120.7623777,48.8837944000001 -120.7641702,48.8849808000001 -120.76781,48.8855524000001 -120.7688478,48.8894497000001 -120.7717439,48.8942097 -120.7718385,48.8965141 -120.7729689,48.8975136000001 -120.7727464,48.8988800000001 -120.7764886,48.9026855000001 -120.7762687,48.9047136 -120.77823,48.9064178 -120.775354,48.9065978 -120.7699628,48.9106395000001 -120.770356,48.9138664000001 -120.7716644,48.9150102 -120.7709347,48.9152722000001 -120.7720716,48.9176869 -120.7741111,48.9195067000001 -120.772306,48.9194391 -120.7712255,48.9209615 -120.7721353,48.9206960000001 -120.7717463,48.9263309 -120.7664792,48.9279446 -120.7667625,48.9273802000001 -120.7642873,48.9279683 -120.7658267,48.9267422 -120.7645019,48.9267497000001 -120.762284,48.9279628 -120.7619914,48.9289912 -120.76665,48.9397447000001 -120.7670849,48.9429071000001 -120.7758017,48.9504675000001 -120.7792578,48.9571785000001 -120.7800573,48.9563738000001 -120.7813992,48.9577721000001 -120.7808881,48.9584569 -120.7814186,48.9606523 -120.783924,48.9631253000001 -120.7872581,48.9710968000001 -120.7895072,48.972747 -120.7894566,48.9741136000001 -120.7909895,48.9761797 -120.7993156,48.9838598000001 -120.8015361,48.9903186000001 -120.8000724,49.0000142000001 -120.8008343,48.9993725 -120.8021052,49.0003017000001</coordinates></LineString>
  </Placemark>
  <Placemark id="simplified.12">
	<Style><LineStyle><color>ff0000ff</color></LineStyle><PolyStyle><fill>0</fill></PolyStyle></Style>
	<ExtendedData><SchemaData schemaUrl="#simplified">
		<SimpleData name="OBJECTID">12</SimpleData>
		<SimpleData name="Section_Name">OR Section G</SimpleData>
		<SimpleData name="Shape_Length">0.343898833639749</SimpleData>
		<SimpleData name="FolderPath">Track/4 - Oregon/OR Section G</SimpleData>
		<SimpleData name="Region">Oregon</SimpleData>
	</SchemaData></ExtendedData>
      <LineString><coordinates>-121.6907622,45.2553006000001 -121.6922684,45.2567503000001 -121.6900476,45.2626109 -121.6931399,45.2678313000001 -121.6928833,45.2692147000001 -121.6919117,45.2702608000001 -121.6909177,45.2749201 -121.6886869,45.2763787000001 -121.6878937,45.2787056000001 -121.6848803,45.2826370000001 -121.6823284,45.2830876 -121.6806568,45.2848847000001 -121.6849982,45.2849166 -121.6857671,45.2858348 -121.6832051,45.2886911000001 -121.6818131,45.2953801 -121.6800452,45.2970661000001 -121.6809938,45.2995435 -121.6863336,45.3036458 -121.6878611,45.3069931000001 -121.690824,45.3098858000001 -121.6905077,45.313007 -121.6925818,45.3142631000001 -121.6941366,45.3132351 -121.6957339,45.3167613000001 -121.6979109,45.3171523 -121.697004028,45.3187900130001 -121.698717037,45.3208669650001 -121.697362019,45.320764035 -121.6960374,45.3219478 -121.7012383,45.3269681 -121.7010828,45.3280674000001 -121.7024515,45.328872 -121.703641,45.3320069000001 -121.7071358,45.3342131000001 -121.7093733,45.3327502000001 -121.7180068,45.3342212000001 -121.7203262,45.3348699000001 -121.7216975,45.3361897 -121.7270166,45.3370653000001 -121.7268233,45.3379547000001 -121.732286,45.3374983 -121.7342153,45.3387846000001 -121.7374281,45.3381849 -121.7385494,45.3401050000001 -121.7372665,45.3416029000001 -121.7381286,45.3418876000001 -121.7411533,45.3422605000001 -121.7485729,45.3402127000001 -121.7455019,45.3420792000001 -121.7454443,45.3426850000001 -121.7489918,45.3414328000001 -121.7464903,45.3432961 -121.7495205,45.3427599 -121.749405004,45.3439639690001 -121.7538471,45.3429837 -121.7509016,45.3446653 -121.7546749,45.3437121000001 -121.7553622,45.3464258000001 -121.7546478,45.3469829000001 -121.7558239,45.3479317000001 -121.7541888,45.3502728 -121.7518069,45.3506113 -121.7503293,45.3518351000001 -121.755023,45.3536012000001 -121.7535217,45.3555235000001 -121.7507952,45.3551229 -121.7528787,45.3575957 -121.7520141,45.358508 -121.752698,45.3598216 -121.7517807,45.3613309 -121.7541978,45.3632345 -121.7552226,45.3630223000001 -121.7551792,45.3643721 -121.7575202,45.3633022000001 -121.7581425,45.3637276000001 -121.7576525,45.3664389 -121.7613764,45.3659690000001 -121.7640697,45.3643927000001 -121.7651686,45.3667177 -121.7649803,45.36783 -121.7636909,45.3687172 -121.7670884,45.3690717000001 -121.768695,45.3683977000001 -121.7687442,45.369983 -121.7706671,45.3698984000001 -121.7713151,45.3707903000001 -121.7747841,45.3717120000001 -121.7763384,45.3734259 -121.7772294,45.3739935 -121.777277011,45.372074023 -121.7803219,45.3771185000001 -121.7834406,45.3783480000001 -121.7842103,45.3799102 -121.7927394,45.3854134000001 -121.8081002,45.3910994 -121.8061327,45.3915122000001 -121.8008197,45.3955713 -121.8008499,45.3961336 -121.8018485,45.3958312</coordinates></LineString>
  </Placemark>
  <Placemark id="simplified.13">
	<Style><LineStyle><color>ff0000ff</color></LineStyle><PolyStyle><fill>0</fill></PolyStyle></Style>
	<ExtendedData><SchemaData schemaUrl="#simplified">
		<SimpleData name="OBJECTID">13</SimpleData>
		<SimpleData name="Section_Name">OR Section G</SimpleData>
		<SimpleData name="Shape_Length">0.31188951470677</SimpleData>
		<SimpleData name="FolderPath">Track/4 - Oregon/OR Section G</SimpleData>
		<SimpleData name="Region">Oregon</SimpleData>
	</SchemaData></ExtendedData>
      <LineString><coordinates>-121.8018485,45.3958312 -121.8038832,45.3976940000001 -121.8007717,45.4002208000001 -121.7955009,45.4005524 -121.7973898,45.4011221000001 -121.7967159,45.4013517000001 -121.7907001,45.4007686 -121.7918259,45.4013469000001 -121.7909582,45.4012766000001 -121.7906861,45.4012938000001 -121.7905996,45.4013566 -121.7905484,45.4013616 -121.790452,45.401399 -121.7903935,45.4014040000001 -121.7903872,45.4014097 -121.7923379,45.4032328000001 -121.7832205,45.4036597 -121.7784117,45.4053371000001 -121.7854335,45.4118665 -121.7903159,45.4142079000001 -121.7938081,45.4139141000001 -121.7980273,45.4177250000001 -121.7955355,45.4169639 -121.7943337,45.4192011000001 -121.7921277,45.4187649 -121.7947427,45.4217271000001 -121.7936229,45.4221906000001 -121.7948647,45.4228000000001 -121.7942993,45.4232006 -121.7946587,45.4254141000001 -121.797793,45.4284134000001 -121.7970684,45.4304645 -121.7987986,45.4321537000001 -121.7983509,45.4354798000001 -121.7994242,45.4366031000001 -121.803418,45.4375334000001 -121.8061091,45.4401652000001 -121.8064294,45.4421379 -121.8041261,45.4441272 -121.8065655,45.4463015000001 -121.8037371,45.4498701000001 -121.8041378,45.4565928000001 -121.8122059,45.4578507000001 -121.8158689,45.460176 -121.8174332,45.4627201000001 -121.8213738,45.4644815 -121.8215424,45.4664744 -121.8289618,45.4676136 -121.8302755,45.4689175 -121.8315017,45.4732174000001 -121.8319225,45.4719401 -121.8328279,45.4734889000001 -121.8332578,45.4725463 -121.8342691,45.4741609000001 -121.8382341,45.4756035 -121.8433595,45.4761320000001 -121.8456738,45.4774753 -121.8468746,45.47925 -121.8469301,45.4818496 -121.8494537,45.4854470000001 -121.8493992,45.4874434000001 -121.8543662,45.4872482000001 -121.8599809,45.4897896000001 -121.8613156,45.4923754000001 -121.8609804,45.4966938000001 -121.8623188,45.4989734000001 -121.8618603,45.5027736000001 -121.8630959,45.5010907000001 -121.8639665,45.5044157 -121.8687823,45.5090649000001 -121.8688256,45.511423 -121.867607,45.5133284 -121.8626623,45.5174754000001 -121.8581055,45.5194346000001 -121.8565648,45.5211022 -121.8550052,45.5255549 -121.8509571,45.5291325000001 -121.8484419,45.5328755 -121.843969,45.5363575000001 -121.8419076,45.5365672 -121.8405103,45.5376690000001 -121.8393436,45.5414067 -121.835877,45.5468441 -121.832964,45.5558382</coordinates></LineString>
  </Placemark>
  <Placemark id="simplified.14">
	<Style><LineStyle><color>ff0000ff</color></LineStyle><PolyStyle><fill>0</fill></PolyStyle></Style>
	<ExtendedData><SchemaData schemaUrl="#simplified">
		<SimpleData name="OBJECTID">14</SimpleData>
		<SimpleData name="Section_Name">OR Section G</SimpleData>
		<SimpleData name="Shape_Length">0.308056921792195</SimpleData>
		<SimpleData name="FolderPath">Track/4 - Oregon/OR Section G</SimpleData>
		<SimpleData name="Region">Oregon</SimpleData>
	</SchemaData></ExtendedData>
      <LineString><coordinates>-121.832964,45.5558382 -121.8317958,45.5578008000001 -121.829683,45.5564613000001 -121.8252151,45.5567647 -121.8083494,45.5607899 -121.8066576,45.5630501000001 -121.8057979,45.565948 -121.8073944,45.5691623000001 -121.8076864,45.5721373000001 -121.8058207,45.5780111 -121.8037073,45.5793343 -121.7986461,45.5805611000001 -121.7926406,45.5792365 -121.7888329,45.5810861000001 -121.7881584,45.5838491000001 -121.7896447,45.585251 -121.7953109,45.5871865 -121.8015682,45.5849676 -121.805623,45.5860455000001 -121.809845,45.5839684000001 -121.8140788,45.5855183 -121.816353,45.5907044 -121.8196698,45.5917908000001 -121.8264377,45.5981618000001 -121.829455,45.6026593 -121.831976,45.6044549000001 -121.8321028,45.6055766000001 -121.8416951,45.6136758000001 -121.8418395,45.6148583 -121.8406126,45.6164551000001 -121.8435505,45.6193365 -121.8434611,45.6220127 -121.8401044,45.6277863 -121.8416304,45.6298921000001 -121.8416635,45.6312960000001 -121.8449758,45.6344464000001 -121.8476754,45.6395019 -121.8452305,45.6438049000001 -121.8435797,45.6457221000001 -121.8418094,45.6463724000001 -121.8401975,45.6489627 -121.8407186,45.6514511 -121.8425185,45.6541895 -121.8405394,45.6564433 -121.8432645,45.6572244000001 -121.839568,45.6585625000001 -121.8416087,45.6587165 -121.8386582,45.6606077000001 -121.8356987,45.6645514000001 -121.8360492,45.6629483 -121.8338988,45.6645791 -121.8345572,45.6658714000001 -121.8330252,45.6690373000001 -121.8326099,45.6677034000001 -121.832472,45.6687512 -121.8317335,45.6693266 -121.8319921,45.6686719 -121.8308712,45.6676405000001 -121.8315429,45.6662851 -121.8294634,45.6675494 -121.8298672,45.6685479000001 -121.8289111,45.6693413 -121.8290227,45.6708750000001 -121.8306872,45.6716488000001 -121.8302776,45.6730337000001 -121.8313106,45.6739171 -121.8306083,45.6736298000001 -121.8312229,45.6750440000001 -121.8328285,45.6735245 -121.8405941,45.6716842000001 -121.8445008,45.6701153000001 -121.8455074,45.668953 -121.8475388,45.6693928 -121.851907,45.6676840000001 -121.8526999,45.6678646 -121.8530562,45.669651 -121.8546129,45.6700117 -121.8598954,45.669163 -121.863813,45.6671089000001 -121.8663611,45.663464 -121.8686409,45.6620782000001 -121.8680683,45.6605798000001 -121.8706746,45.6598086000001</coordinates></LineString>
  </Placemark>
  <Placemark id="simplified.15">
	<Style><LineStyle><color>ff0000ff</color></LineStyle><PolyStyle><fill>0</fill></PolyStyle></Style>
	<ExtendedData><SchemaData schemaUrl="#simplified">
		<SimpleData name="OBJECTID">15</SimpleData>
		<SimpleData name="Section_Name">CA Section L</SimpleData>
		<SimpleData name="Shape_Length">0.632934588490323</SimpleData>
		<SimpleData name="FolderPath">Track/3 - Northern California/CA Section L</SimpleData>
		<SimpleData name="Region">Northern California</SimpleData>
	</SchemaData></ExtendedData>
      <LineString><coordinates>-120.325015,39.3364329 -120.3272766,39.3378872000001 -120.330908,39.3381604 -120.3308104,39.3373602 -120.3327483,39.3380128000001 -120.3334776,39.3393828000001 -120.3351684,39.3397088 -120.3362124,39.3416582 -120.336174463,39.3437699080001 -120.338377632,39.3452649810001 -120.339462984,39.3456035630001 -120.340387683,39.3437350040001 -120.343332468,39.342518533 -120.344694535,39.342669922 -120.348029722,39.3452476480001 -120.350025955,39.3451633 -120.352211067,39.3487358950001 -120.352944624,39.3525575840001 -120.354636129,39.3544798190001 -120.35549011,39.357744251 -120.361042414,39.359707476 -120.36496656,39.3579427380001 -120.364192716,39.36168968 -120.365659074,39.3655706210001 -120.364964219,39.366405867 -120.367063767,39.3671468590001 -120.36777,39.36888 -120.366666301,39.371826001 -120.36809028,39.3720015390001 -120.368627168,39.374440652 -120.367276639,39.37599412 -120.368835667,39.376145347 -120.367741796,39.376459735 -120.370868345,39.378385601 -120.370362857,39.378670287 -120.371412277,39.382552537 -120.373373729,39.38414801 -120.372910362,39.385716981 -120.373859609,39.3896318610001 -120.375177068,39.3903863190001 -120.375131295,39.3912097190001 -120.37683049,39.389737215 -120.377254918,39.3903908500001 -120.375940619,39.39235789 -120.377987954,39.391985166 -120.378384368,39.392326715 -120.37694065,39.3930183580001 -120.379704434,39.394044976 -120.37907278,39.394188103 -120.380545766,39.3951397610001 -120.376144634,39.3954456440001 -120.377366466,39.4011513740001 -120.380442246,39.4027787040001 -120.380598505,39.403532854 -120.391069331,39.406191633 -120.390477179,39.406386846 -120.391942743,39.4072160480001 -120.390625339,39.4091304560001 -120.391123514,39.409567322 -120.394389828,39.4077094400001 -120.393323978,39.4097552050001 -120.394133313,39.4105854040001 -120.399135981,39.4105503850001 -120.399680613,39.41335652 -120.401382353,39.4138994050001 -120.402145153,39.415125039 -120.402873106,39.4171123560001 -120.402207493,39.4178381140001 -120.406209996,39.418274379 -120.404161536,39.419731702 -120.408135302,39.4187624670001 -120.411613869,39.418904447 -120.418623618,39.4216243170001 -120.419538923,39.42307061 -120.41788372,39.425827344 -120.42035242,39.4248458980001 -120.419618963,39.4258804620001 -120.421474807,39.4277583370001 -120.421341041,39.429621685 -120.422103523,39.4303082160001 -120.42138294,39.4317828630001 -120.422245332,39.43357595 -120.423745828,39.433941427 -120.426106349,39.4328961730001 -120.431455142,39.432565938 -120.436345435,39.429895237 -120.439446691,39.425594103 -120.440876346,39.4254240670001 -120.440245083,39.4244846240001 -120.443472935,39.42547001 -120.445793665,39.4234135670001 -120.447315821,39.4253564100001 -120.448664184,39.4255595440001 -120.449974374,39.423096113 -120.45198189,39.42293076 -120.453390949,39.4218252250001 -120.454259728,39.4274646010001 -120.45335991,39.4295713710001 -120.455794052,39.4282528480001 -120.454815684,39.4304812830001 -120.455700371,39.432084182 -120.461423038,39.4337596300001 -120.46153554,39.4332335660001 -120.463145627,39.433547515 -120.464030437,39.436352737 -120.466452836,39.4370539880001 -120.464268059,39.438774521 -120.465339805,39.4387475460001 -120.464508757,39.439429767 -120.461891822,39.4481836620001 -120.463527001,39.4503611060001 -120.465275898,39.4509118500001 -120.462941561,39.4509115640001 -120.466303516,39.4525050230001 -120.465047229,39.4523170790001 -120.465766882,39.455009466 -120.468857621,39.455784986 -120.471476338,39.45959692 -120.47153462,39.4609445 -120.476078798,39.4663559100001 -120.480050413,39.4683749500001 -120.483666231,39.4678702300001 -120.486756104,39.4684488600001 -120.490722202,39.4678365680001 -120.490509169,39.4669914070001 -120.489400248,39.4671781800001 -120.490864779,39.466294169 -120.492778727,39.467569951 -120.495531047,39.4675817230001 -120.493785608,39.469872433 -120.497898836,39.469061739 -120.499248844,39.4708870790001 -120.501766593,39.4703422750001 -120.509540854,39.4712113590001 -120.513715786,39.469844214 -120.516855794,39.47023548 -120.517983531,39.4696457220001 -120.519541434,39.472579705 -120.518360859,39.477330555 -120.519085102,39.4773238500001 -120.523780086,39.485738113 -120.523705227,39.487117191 -120.526460145,39.4896594410001 -120.526976863,39.4938476940001 -120.529959076,39.499317692 -120.530006714,39.5004573410001 -120.527742013,39.5024418030001 -120.527059125,39.5043584360001 -120.530807832,39.5069677870001 -120.532151001,39.5089965490001 -120.539050229,39.5122423820001 -120.541138524,39.51397583 -120.542483754,39.5137721030001 -120.544279098,39.515747113 -120.545278239,39.516201799 -120.545905698,39.515642551 -120.547820463,39.516821689 -120.548932826,39.519015408 -120.553748171,39.5229594 -120.556801537,39.5232472480001 -120.558208249,39.5215075580001 -120.559678308,39.5214338810001 -120.562710476,39.5243326250001 -120.564752555,39.525145029 -120.565362737,39.527366891 -120.566563738,39.5277622410001 -120.567892377,39.5266418410001 -120.568369386,39.526449438 -120.568876822,39.5264339660001 -120.568216653,39.52702437 -120.569216767,39.5278831840001 -120.571501652,39.5293607070001 -120.573070968,39.529314625 -120.574036374,39.5316182920001 -120.573645018,39.5331182570001 -120.573767618,39.532399578 -120.573220431,39.533240902 -120.573463904,39.532034454 -120.572484202,39.531470643 -120.573117879,39.53209689 -120.572633992,39.533851767 -120.571872281,39.5322973740001 -120.570207718,39.5326922410001 -120.569872837,39.5337465000001 -120.567997272,39.5326689520001 -120.567269646,39.534681247 -120.566085003,39.535274401 -120.56711385,39.539508073 -120.56551717,39.538509967 -120.567216576,39.540638073 -120.570046315,39.5419950030001 -120.569916963,39.542764649 -120.570627484,39.5430688860001 -120.571529455,39.542194868 -120.572710573,39.5431290330001 -120.572164326,39.5431972700001 -120.573421768,39.5442779160001 -120.575753873,39.550281242 -120.576424635,39.5498700790001 -120.575928292,39.5508855950001 -120.577071552,39.5511146270001 -120.577609125,39.5559578360001 -120.579865245,39.5592352690001 -120.579662904,39.56028128 -120.586361165,39.564161357 -120.586808592,39.5654657920001 -120.587906175,39.5651037580001 -120.58937773,39.566361634 -120.590912761,39.566108806 -120.593745311,39.569389094 -120.599374043,39.5703411550001 -120.59894179,39.5706675650001 -120.603573424,39.5759098510001</coordinates></LineString>
  </Placemark>
  <Placemark id="simplified.16">
	<Style><LineStyle><color>ff0000ff</color></LineStyle><PolyStyle><fill>0</fill></PolyStyle></Style>
	<ExtendedData><SchemaData schemaUrl="#simplified">
		<SimpleData name="OBJECTID">16</SimpleData>
		<SimpleData name="Section_Name">CA Section F</SimpleData>
		<SimpleData name="Shape_Length">0.548762309996814</SimpleData>
		<SimpleData name="FolderPath">Track/1 - Southern California/CA Section F</SimpleData>
		<SimpleData name="Region">Southern California</SimpleData>
	</SchemaData></ExtendedData>
      <MultiGeometry><LineString><coordinates>-118.292786423,35.100080017 -118.270932,35.1048526000001 -118.264292,35.1100137 -118.2581841,35.1104577 -118.2573767,35.1097717000001 -118.2562943,35.1103288 -118.257334,35.1113752000001 -118.2562202,35.1138549 -118.2606967,35.113658 -118.2604413,35.1144999000001 -118.2612188,35.1142572000001 -118.2605014,35.1149902000001 -118.263704,35.1147247000001 -118.2641994,35.1150274 -118.2633575,35.1153481000001 -118.265246,35.1155664 -118.2643633,35.1165675 -118.2652461,35.1164314000001 -118.2644904,35.1194408000001 -118.2660019,35.119197 -118.2672134,35.1205213000001 -118.2684714,35.120326 -118.2690735,35.1218136000001 -118.2681349,35.1229133000001 -118.269528,35.1232443000001 -118.27019,35.1245352 -118.2693284,35.1254004 -118.2713107,35.1278063 -118.2693431,35.1294495000001 -118.2702839,35.1302457 -118.2697703,35.1310084 -118.270935,35.1336343 -118.2689127,35.1352756000001 -118.2688683,35.1363468000001 -118.2628835,35.1402735 -118.2584833,35.1419977</coordinates></LineString><LineString><coordinates>-118.258483299,35.1419977 -118.2570687,35.1432407 -118.2559821,35.1464987000001 -118.2521801,35.1481842000001 -118.252945,35.1485756000001 -118.252299,35.1486936000001 -118.2532707,35.1523930000001</coordinates></LineString><LineString><coordinates>-118.253270702,35.1523930020001 -118.2559966,35.1528673 -118.2563453,35.1542402000001 -118.2546433,35.1569054 -118.2561363,35.1585755 -118.2554,35.1602449000001 -118.2568282,35.1629633000001 -118.2564884,35.1636636000001 -118.2542284,35.1637463000001 -118.2522675,35.1662411 -118.2513829,35.1661053</coordinates></LineString><LineString><coordinates>-118.251382899,35.1661053 -118.2494023,35.1674876000001 -118.2459403,35.1684066 -118.2491279,35.1705833 -118.2465641,35.1724485 -118.2460605,35.1736980000001 -118.2487365,35.1767361 -118.247473,35.1792541 -118.2444979,35.1787870000001 -118.2460154,35.1799086 -118.2459228,35.1807912 -118.2445141,35.1810312000001 -118.2435285,35.1822258 -118.2428576,35.1859335 -118.2405802,35.1882499000001 -118.2395272,35.1922791000001 -118.2381225,35.1932374</coordinates></LineString><LineString><coordinates>-118.238122499,35.1932374 -118.237044,35.1937164 -118.2363144,35.1964724000001 -118.2344573,35.1970063000001 -118.2322333,35.1964211000001 -118.2289587,35.1989489000001 -118.2291285,35.2004108 -118.2309998,35.2026040000001 -118.2298119,35.2034827000001 -118.2297647,35.2062017000001</coordinates></LineString><LineString><coordinates>-118.229764699,35.2062017010001 -118.2293015,35.2070292000001 -118.231456,35.2077540000001 -118.2359038,35.2116340000001 -118.2355763,35.2121306000001 -118.2319939,35.2113870000001 -118.2321421,35.2124968000001 -118.2343698,35.2147097000001 -118.2323739,35.2151418 -118.2337669,35.2176399000001 -118.2314248,35.2176955 -118.2314464,35.2186986 -118.2327022,35.2183959000001 -118.23358,35.2191608000001 -118.2303279,35.2207991000001 -118.232123,35.2231804 -118.2333441,35.2233417 -118.2334184,35.2255878 -118.2360467,35.2261989 -118.2373398,35.2275918 -118.2380487,35.229951 -118.237559997,35.231091297 -118.2389877,35.2330177000001 -118.2384654,35.2338043 -118.238984334,35.2356122960001 -118.2410244,35.2362423000001 -118.2399338,35.2377084 -118.2418463,35.2389216 -118.2430839,35.2375593 -118.245004,35.2384060000001 -118.2475477,35.2416621 -118.2465372,35.2432658000001 -118.2497367,35.2433570000001 -118.2510415,35.2442454000001 -118.2497544,35.2464612000001 -118.2509461,35.2476058 -118.2486444,35.2478175000001 -118.2495391,35.2507878000001 -118.2476531,35.2504565 -118.249916433,35.251257971 -118.247870779,35.25113515 -118.248779427,35.2535110520001 -118.246714283,35.2551587080001 -118.2492908,35.258314 -118.2511721,35.2574298000001 -118.25276,35.2588204 -118.2513866,35.2612881000001 -118.250454048,35.261467656 -118.251613117,35.2617150670001 -118.252241421,35.260906886 -118.253242898,35.260883897 -118.249834546,35.263214626 -118.249706991,35.266034588 -118.254306428,35.2659792310001 -118.251041144,35.2668034800001 -118.253963409,35.2681296740001 -118.254026037,35.268836155 -118.252259233,35.2694858690001 -118.250192503,35.2690139480001 -118.2497567,35.2698032000001</coordinates></LineString><LineString><coordinates>-118.249756699,35.2698032000001 -118.2452556,35.2703374000001 -118.2470923,35.2722136</coordinates></LineString><LineString><coordinates>-118.2470923,35.272213601 -118.2473185,35.2735648 -118.2494771,35.2754825000001 -118.2503127,35.2749809000001 -118.2533771,35.2757678 -118.2527035,35.2769492 -118.2537335,35.279208 -118.2577191,35.2813604 -118.2576416,35.2823062000001 -118.2670311,35.2810114000001 -118.2690885,35.2834507000001 -118.2673488,35.2843162 -118.2673339,35.2850539 -118.2706199,35.2859613000001 -118.2703431,35.2874142000001 -118.2718806,35.2887892000001 -118.2709189,35.2906561 -118.2711713,35.2917810000001 -118.2700795,35.2926512000001</coordinates></LineString><LineString><coordinates>-118.270079499,35.2926512010001 -118.2691424,35.2967257 -118.2664403,35.2973222000001</coordinates></LineString><LineString><coordinates>-118.266440298,35.297322201 -118.2646385,35.2974867 -118.2670935,35.2988095000001 -118.2673481,35.3012184 -118.2665477,35.3034619000001 -118.2678427,35.3043462000001 -118.2689609,35.3077306000001</coordinates></LineString><LineString><coordinates>-118.2689609,35.3077306010001 -118.2683409,35.3099993000001 -118.2648767,35.3098812000001 -118.2651521,35.3117621000001</coordinates></LineString><LineString><coordinates>-118.2651521,35.3117621010001 -118.2650998,35.3130414 -118.2676495,35.3143641 -118.268813,35.3174276</coordinates></LineString><LineString><coordinates>-118.268812999,35.3174276010001 -118.2688281,35.3199426 -118.2704099,35.3227346 -118.269797,35.3251645 -118.271439,35.3255992000001 -118.274247749,35.3291099890001 -118.276571631,35.3293215480001 -118.278788142,35.330785867 -118.279453916,35.3324132970001 -118.281351244,35.332928114 -118.283009855,35.3358029390001 -118.2850979,35.3366194000001 -118.2836455,35.3387253000001 -118.2818846,35.3395922 -118.2815298,35.3412337 -118.289207,35.3454985000001 -118.2938238,35.3464716 -118.295859,35.3478473000001 -118.2959806,35.3490733 -118.2938839,35.3507068000001 -118.2947718,35.3524435 -118.2935767,35.3541875000001 -118.2961582,35.3568530000001 -118.2994011,35.3586058000001</coordinates></LineString><LineString><coordinates>-118.299401103,35.3586058000001 -118.2995831,35.3593009000001 -118.296915,35.3608019000001 -118.2969536,35.3620906 -118.2957578,35.3632909</coordinates></LineString></MultiGeometry>
  </Placemark>
  <Placemark id="simplified.17">
	<Style><LineStyle><color>ff0000ff</color></LineStyle><PolyStyle><fill>0</fill></PolyStyle></Style>
	<ExtendedData><SchemaData schemaUrl="#simplified">
		<SimpleData name="OBJECTID">17</SimpleData>
		<SimpleData name="Section_Name">CA Section F</SimpleData>
		<SimpleData name="Shape_Length">0.508947220355487</SimpleData>
		<SimpleData name="FolderPath">Track/1 - Southern California/CA Section F</SimpleData>
		<SimpleData name="Region">Southern California</SimpleData>
	</SchemaData></ExtendedData>
      <MultiGeometry><LineString><coordinates>-118.295757799,35.3632909020001 -118.2941514,35.3638340000001 -118.2932757,35.3654546000001 -118.2936335,35.3667113000001 -118.2915365,35.3691892000001 -118.2943677,35.3704446 -118.2926814,35.373292 -118.2948323,35.3750221 -118.2929303,35.3756478 -118.2947553,35.3769805000001</coordinates></LineString><LineString><coordinates>-118.294755301,35.376980501 -118.293292,35.3792266 -118.2952525,35.3824614000001</coordinates></LineString><LineString><coordinates>-118.2952525,35.382461402 -118.2972476,35.3842003 -118.2982321,35.3838375 -118.299717,35.3848408000001 -118.2998568,35.3861207 -118.3013519,35.3876177000001 -118.299425,35.3874689 -118.2999159,35.3880898 -118.2992291,35.3910119</coordinates></LineString><LineString><coordinates>-118.2992291,35.3910119010001 -118.2997233,35.3915213000001 -118.2986768,35.3926096000001 -118.2996828,35.3931951000001 -118.2989174,35.3938849 -118.3002071,35.3955125000001 -118.2998728,35.3969023000001 -118.3031188,35.3987295000001 -118.3034288,35.3997946000001 -118.3043199,35.3997410000001 -118.3059981,35.4029419 -118.3071767,35.4032116000001 -118.3058931,35.4041721 -118.3067543,35.4052783000001 -118.3059617,35.40534 -118.3054732,35.4075530000001 -118.3071964,35.4112831 -118.3056995,35.4125354 -118.3065705,35.4134744 -118.3057573,35.4142383000001 -118.3061216,35.4154243 -118.3032941,35.4184014000001 -118.3041943,35.4191174000001</coordinates></LineString><LineString><coordinates>-118.304194301,35.4191174000001 -118.3052347,35.4198757 -118.3047892,35.4233185000001 -118.3059363,35.4243418 -118.3046921,35.4245006 -118.3072816,35.4249955000001 -118.3080674,35.4271121 -118.3073025,35.4281825 -118.3085212,35.4299704000001 -118.3085632,35.4333119 -118.3090737,35.4341532 -118.3094954,35.4337540000001 -118.3107712,35.4369556 -118.3102461,35.4396413000001 -118.3123712,35.4423127000001 -118.3121531,35.4430560000001 -118.3141899,35.4438518000001 -118.3159374,35.4466422 -118.3155878,35.4489988</coordinates></LineString><LineString><coordinates>-118.315587799,35.4489988020001 -118.3149145,35.4500163000001 -118.3162952,35.4504844000001 -118.3121413,35.4523903</coordinates></LineString><LineString><coordinates>-118.312141299,35.4523903 -118.3054887,35.4536757000001 -118.3043471,35.454646</coordinates></LineString><LineString><coordinates>-118.304347098,35.454646 -118.2970595,35.4543136 -118.2946571,35.4559571 -118.2910188,35.4562396000001 -118.2856095,35.4584708 -118.2819078,35.4574917 -118.2800991,35.4577733 -118.2782995,35.45631 -118.2756377,35.4572915000001 -118.2727075,35.4558914 -118.2679405,35.4566233 -118.2662442,35.4560065000001 -118.2651627,35.4535970000001 -118.2626235,35.4540883 -118.2616999,35.4556475000001 -118.2572417,35.4545421 -118.2537389,35.4561058 -118.2531871,35.4570692 -118.2523095,35.4563202000001 -118.2513361,35.4567861 -118.2501529,35.4541628000001 -118.2478112,35.4539425 -118.2488144,35.4543702 -118.2453276,35.4547424 -118.2459134,35.4555785000001 -118.2445046,35.4553814000001 -118.241974,35.4569001 -118.2401091,35.4560851000001 -118.2363489,35.4580067000001 -118.233426,35.4566985000001 -118.2314377,35.4567981000001 -118.2320502,35.4542626 -118.2295312,35.4543209 -118.2282162,35.4516051000001 -118.2224529,35.4505436000001 -118.2198506,35.4481814000001 -118.2183111,35.4497190000001 -118.2156643,35.4503701 -118.2150232,35.4527788 -118.213277,35.4536698000001 -118.211605,35.4564615 -118.2109703,35.4544947000001 -118.2094413,35.4551613 -118.2066393,35.4534375000001 -118.1998314,35.4527104000001 -118.197411,35.4509423000001 -118.1942499,35.4507929000001 -118.191819,35.4513443000001 -118.1923286,35.4523126 -118.1917759,35.4530438 -118.1888481,35.4537453 -118.1807156,35.4581182000001 -118.1751809,35.4586593000001 -118.171759,35.4577474000001 -118.1715719,35.4592440000001 -118.1701746,35.4593894000001 -118.1712626,35.4617811000001 -118.1673206,35.4646019 -118.1650884,35.4642975 -118.1640533,35.4649687 -118.1633238,35.4643958 -118.1578687,35.4659211000001 -118.1541336,35.4653943000001 -118.1528088,35.4641857 -118.147106,35.4649922 -118.1470994,35.4670860000001 -118.1482285,35.4684983000001 -118.147976,35.4717450000001 -118.1460813,35.4715360000001 -118.1456375,35.4721219 -118.1461626,35.4737179000001 -118.1474733,35.4741777 -118.1477777,35.4758118 -118.1470876,35.4773162000001 -118.1455792,35.4774959000001 -118.1451177,35.4809892000001 -118.1480238,35.4833273 -118.1474374,35.4854728 -118.1485902,35.4857357000001</coordinates></LineString><LineString><coordinates>-118.148590201,35.4857357000001 -118.1490737,35.4870219000001 -118.1469982,35.4911093000001 -118.1446273,35.4927687000001 -118.1392922,35.4921827000001 -118.1396041,35.4933621000001 -118.133932,35.4960454000001 -118.1327123,35.4981978000001 -118.1333923,35.5015946 -118.1312163,35.5087441000001 -118.1282332,35.5118182000001 -118.128193,35.5130631000001 -118.1300118,35.5143097000001 -118.1299779,35.5154216 -118.1268183,35.5154526000001 -118.1270588,35.5173258 -118.1261773,35.5181313000001 -118.1277815,35.5199796000001 -118.1265284,35.5249336000001 -118.1284472,35.5261609 -118.1292052,35.527878 -118.1294628,35.5318651000001</coordinates></LineString><LineString><coordinates>-118.129462801,35.5318651000001 -118.1308461,35.5320859 -118.1311664,35.533822 -118.1328465,35.5356456000001 -118.1357587,35.5356053 -118.1375206,35.5396149000001 -118.1402569,35.5410902 -118.1397377,35.5423223000001 -118.1427009,35.5435508 -118.1434117,35.5458388000001</coordinates></LineString><LineString><coordinates>-118.143411702,35.545838803 -118.1434346,35.5465604 -118.1414907,35.5476083 -118.1412661,35.5489903000001 -118.1380995,35.5501817000001</coordinates></LineString><LineString><coordinates>-118.138099498,35.5501817000001 -118.1351996,35.5524906000001 -118.1315443,35.5534909</coordinates></LineString></MultiGeometry>
  </Placemark>
  <Placemark id="simplified.18">
	<Style><LineStyle><color>ff0000ff</color></LineStyle><PolyStyle><fill>0</fill></PolyStyle></Style>
	<ExtendedData><SchemaData schemaUrl="#simplified">
		<SimpleData name="OBJECTID">18</SimpleData>
		<SimpleData name="Section_Name">CA Section F</SimpleData>
		<SimpleData name="Shape_Length">0.325911058659807</SimpleData>
		<SimpleData name="FolderPath">Track/1 - Southern California/CA Section F</SimpleData>
		<SimpleData name="Region">Southern California</SimpleData>
	</SchemaData></ExtendedData>
      <MultiGeometry><LineString><coordinates>-118.131544299,35.5534909 -118.1290782,35.5541879 -118.1254904,35.5570628 -118.1254246,35.5531574 -118.1243155,35.5520748000001 -118.1185343,35.5527911 -118.1163507,35.5510138000001 -118.1178316,35.5538457000001 -118.1204224,35.5543835 -118.1176887,35.5548531000001 -118.1165664,35.5542109 -118.1171193,35.5551627 -118.1161945,35.5546036000001 -118.1183867,35.5561303000001 -118.1171063,35.5566534000001 -118.1173452,35.5580674 -118.1206713,35.561789 -118.1194686,35.5615668 -118.1206069,35.5623389 -118.1200289,35.5627362000001 -118.1222204,35.5641236000001 -118.12206,35.5660703 -118.12684,35.5695169000001 -118.126408,35.5708750000001 -118.1297211,35.5742214000001 -118.1299733,35.5763941000001 -118.1329749,35.5774797 -118.1316456,35.5779244 -118.1324603,35.5784249000001 -118.129727,35.5790091000001 -118.1316162,35.5802319000001 -118.1293322,35.5798512000001 -118.1281897,35.5781388 -118.1265079,35.5792459</coordinates></LineString><LineString><coordinates>-118.126507899,35.5792459 -118.1228012,35.5799023000001 -118.1244952,35.5824243000001 -118.1237457,35.5826432000001 -118.1242132,35.583831 -118.1228578,35.5836839 -118.1207442,35.5855760000001 -118.1225561,35.5860359000001 -118.1220508,35.5876682000001 -118.1241167,35.5883745 -118.1239336,35.5892026000001 -118.1204867,35.5903345 -118.1200929,35.5911089000001 -118.1186372,35.5904641000001 -118.1176371,35.5914093000001 -118.1161768,35.5914284 -118.1175922,35.5930609000001 -118.1166441,35.5943990000001 -118.1177059,35.5955609000001 -118.1190166,35.5953126000001 -118.1196496,35.5966359 -118.1172312,35.598329 -118.1183949,35.5987497 -118.1194097,35.6005342 -118.1219187,35.5997325000001</coordinates></LineString><LineString><coordinates>-118.121918701,35.5997325010001 -118.1219874,35.6003412000001 -118.123619,35.6004713 -118.1243409,35.6017403000001 -118.126446,35.6022390000001 -118.1267718,35.6034946 -118.1249653,35.6042430000001 -118.1241146,35.6036806000001 -118.1204917,35.6039274 -118.1207461,35.6046582000001 -118.1194129,35.6056751 -118.1201238,35.6071563 -118.1198279,35.6091702000001 -118.1191372,35.6099338000001 -118.1163674,35.6103123 -118.1169391,35.6117785000001 -118.1124331,35.6154046 -118.1014357,35.6196942 -118.098121,35.6193968000001 -118.0955945,35.6207491000001 -118.0862236,35.6189771000001 -118.077367,35.6212346 -118.0771067,35.6243109000001 -118.0751038,35.6258442000001 -118.0771833,35.6276629000001 -118.0793065,35.6283322</coordinates></LineString><LineString><coordinates>-118.079306501,35.628332201 -118.0773217,35.629018 -118.077035,35.631563 -118.0747655,35.6327178000001</coordinates></LineString><LineString><coordinates>-118.074765499,35.6327178000001 -118.0713655,35.6333057000001 -118.0692308,35.6348034000001 -118.0674065,35.6345071000001</coordinates></LineString><LineString><coordinates>-118.067406498,35.6345070990001 -118.0652761,35.6352105 -118.0628358,35.6344321 -118.0613207,35.6357564 -118.0598411,35.6342462000001 -118.0600376,35.6329608 -118.0571125,35.6318393 -118.0541223,35.6321504000001 -118.0531387,35.6338592000001 -118.0489512,35.6340832000001</coordinates></LineString><LineString><coordinates>-118.048951201,35.6340832020001 -118.049841,35.6382917 -118.0485009,35.6383668 -118.0498024,35.6391735</coordinates></LineString><LineString><coordinates>-118.049802401,35.6391735010001 -118.0510027,35.6428371000001 -118.052459,35.6434033 -118.0513865,35.6442365 -118.0589017,35.6478923 -118.0600401,35.6509363000001 -118.0590107,35.6524447 -118.0596068,35.6547138 -118.056728,35.6569230000001 -118.0562282,35.6584257000001 -118.0556718,35.6573754 -118.0535785,35.6577130000001 -118.0547485,35.656908 -118.0525143,35.6558377000001 -118.0525979,35.6566615 -118.0510256,35.6564458</coordinates></LineString><LineString><coordinates>-118.051025599,35.6564458 -118.0467738,35.6557231 -118.0430542,35.6567519000001</coordinates></LineString><LineString><coordinates>-118.043054196,35.6567519050001 -118.0422055,35.6578647000001 -118.039531473,35.6581130440001</coordinates></LineString></MultiGeometry>
  </Placemark>
  <Placemark id="simplified.19">
	<Style><LineStyle><color>ff0000ff</color></LineStyle><PolyStyle><fill>0</fill></PolyStyle></Style>
	<ExtendedData><SchemaData schemaUrl="#simplified">
		<SimpleData name="OBJECTID">19</SimpleData>
		<SimpleData name="Section_Name">CA Section Q</SimpleData>
		<SimpleData name="Shape_Length">0.457128843373123</SimpleData>
		<SimpleData name="FolderPath">Track/3 - Northern California/CA Section Q</SimpleData>
		<SimpleData name="Region">Northern California</SimpleData>
	</SchemaData></ExtendedData>
      <LineString><coordinates>-122.9744483,41.3835772 -122.9864749,41.3871881000001 -122.9896187,41.3919275000001 -122.9932081,41.3947604000001 -122.9990053,41.3966083 -123.0020817,41.3961540000001 -123.0025685,41.3983036000001 -123.0040999,41.400043 -123.0037144,41.4027093 -123.0059129,41.4049001000001 -123.0188577,41.4071312 -123.0259422,41.4063373000001 -123.0290234,41.4039530000001 -123.0337775,41.4019899 -123.0331607,41.4028069 -123.0367143,41.4026246 -123.0411733,41.4099168000001 -123.0432519,41.4116908 -123.0381173,41.4150167000001 -123.036605,41.4207312 -123.0357087,41.4221815000001 -123.0340499,41.4227614000001 -123.0341417,41.4260519000001 -123.0328891,41.4304090000001 -123.0311811,41.431133 -123.0305901,41.4324269000001 -123.0326252,41.4353055 -123.0307319,41.4358012000001 -123.0301782,41.437053 -123.0306915,41.4402413 -123.0317334,41.4413659000001 -123.0363101,41.4426585000001 -123.036646,41.4451703 -123.0396383,41.4462104 -123.038295,41.4487602 -123.038944,41.4519576000001 -123.0369917,41.453045 -123.0370555,41.4555544 -123.0401987,41.4569553000001 -123.0457151,41.4565104000001 -123.0466267,41.4605191000001 -123.0491992,41.4628085000001 -123.0517371,41.4638562000001 -123.0521365,41.4666092000001 -123.0552637,41.4699487 -123.0575787,41.4702105000001 -123.0618866,41.4689863 -123.0649478,41.4723688 -123.0698722,41.4742817000001 -123.0721207,41.4780496000001 -123.0680949,41.4798709 -123.0669084,41.4817594 -123.066945,41.4841819000001 -123.072812,41.4854622 -123.0764418,41.4851087000001 -123.0754958,41.4892725 -123.0759235,41.4910842 -123.0775874,41.4927305000001 -123.0858097,41.4950424 -123.0886445,41.4941615000001 -123.0934478,41.4948322000001 -123.1006498,41.4943040000001 -123.1005147,41.4951611000001 -123.104495,41.4971914000001 -123.1074135,41.4968455000001 -123.1097819,41.4976756 -123.111817,41.5008081 -123.1154192,41.5025578 -123.1180723,41.5054557 -123.1189332,41.5089028 -123.1204718,41.5091151 -123.1219812,41.5077057 -123.1222198,41.5088930000001 -123.1230552,41.5067864000001 -123.1261919,41.5078803000001 -123.1263015,41.5125945 -123.1253714,41.5143178000001 -123.1246009,41.5136452 -123.1243381,41.5143893000001 -123.1254077,41.5158136000001 -123.1248455,41.5189751 -123.1263493,41.5266138000001 -123.1282743,41.5294253000001 -123.1306852,41.5298013 -123.1326322,41.5315289000001 -123.1321768,41.5333258000001 -123.1340913,41.5327283 -123.1338392,41.5344575 -123.1419668,41.5381579 -123.1434311,41.5397158000001 -123.1502546,41.5412366 -123.1520223,41.5431808000001 -123.1567657,41.5441998000001 -123.1613669,41.5426662 -123.169661,41.5445511 -123.1748592,41.5426063 -123.177116,41.5426256000001 -123.1817129,41.5456816000001 -123.1901747,41.548163 -123.1962161,41.5521559000001 -123.2004309,41.5533124 -123.2012634,41.5547554 -123.2001248,41.5542121 -123.202031,41.5576479000001 -123.1991314,41.5587004000001 -123.1985183,41.5607843000001 -123.1994749,41.5630085000001 -123.1969775,41.5645651 -123.1975226,41.5646553 -123.1971833,41.5657096 -123.199638,41.5660996 -123.2001477,41.5672493000001 -123.2012531,41.5675704000001 -123.1957212,41.571555 -123.1969386,41.5741275 -123.1951705,41.5761924</coordinates></LineString>
  </Placemark>
  <Placemark id="simplified.20">
	<Style><LineStyle><color>ff0000ff</color></LineStyle><PolyStyle><fill>0</fill></PolyStyle></Style>
	<ExtendedData><SchemaData schemaUrl="#simplified">
		<SimpleData name="OBJECTID">20</SimpleData>
		<SimpleData name="Section_Name">CA Section Q</SimpleData>
		<SimpleData name="Shape_Length">0.478358871022389</SimpleData>
		<SimpleData name="FolderPath">Track/3 - Northern California/CA Section Q</SimpleData>
		<SimpleData name="Region">Northern California</SimpleData>
	</SchemaData></ExtendedData>
      <LineString><coordinates>-123.1951705,41.5761924 -123.1943147,41.5773864000001 -123.2030452,41.5807176000001 -123.2045792,41.5831151 -123.2029712,41.5851622000001 -123.2027865,41.5872802000001 -123.1963018,41.5888523 -123.2015484,41.5906789000001 -123.2051011,41.5930896 -123.2044211,41.5971917000001 -123.2051702,41.5993633000001 -123.2068827,41.6005282 -123.2073987,41.6038616000001 -123.2036231,41.6061636000001 -123.2073883,41.6071105 -123.2077296,41.6098351000001 -123.2097734,41.6133694000001 -123.212476,41.6147256 -123.2130802,41.6175076000001 -123.2155595,41.6185181000001 -123.2157389,41.6210922000001 -123.2146167,41.6233907000001 -123.2184561,41.6251527000001 -123.2186614,41.6267863 -123.2173925,41.6288757 -123.2174183,41.6311009 -123.216656,41.6308305000001 -123.2160187,41.6310790000001 -123.2169921,41.6319729000001 -123.2185388,41.6379641 -123.2235186,41.6431929 -123.2255144,41.6492839000001 -123.2264325,41.6500895 -123.2272126,41.6545508 -123.2309708,41.6583243000001 -123.2354669,41.6598458 -123.2361543,41.6628735 -123.2415308,41.6640071 -123.2419584,41.6667007 -123.2444343,41.6686236 -123.2505885,41.669696 -123.25487,41.6721198000001 -123.2539245,41.6741655000001 -123.2579805,41.6819676000001 -123.2581728,41.6865394000001 -123.2573678,41.6873964000001 -123.2541455,41.6859435000001 -123.2511099,41.6867958 -123.2489515,41.6889332000001 -123.2475286,41.6913851 -123.2481256,41.6915907000001 -123.2465659,41.6919929000001 -123.2469925,41.6936238000001 -123.2477355,41.693251 -123.246948,41.6955264000001 -123.2459829,41.6961564000001 -123.2462842,41.6972825 -123.2495637,41.6945277 -123.2481282,41.7018745 -123.2469722,41.7019762 -123.2444672,41.7002754000001 -123.2456732,41.7020065 -123.2454545,41.7032882 -123.2445318,41.7036664 -123.2431047,41.7021508 -123.2416966,41.7019530000001 -123.2410263,41.7074485000001 -123.2397538,41.7081671 -123.2382995,41.7074173 -123.2380678,41.7043452 -123.2368045,41.7069832 -123.2366671,41.7064925 -123.2367092,41.7082746 -123.2379015,41.7105519 -123.2402885,41.711623 -123.2420195,41.710948 -123.2429449,41.7120068 -123.2442705,41.7162470000001 -123.24282,41.7186053 -123.2435953,41.7189668 -123.2421978,41.7203538000001 -123.2409678,41.7255461 -123.2403363,41.7253613 -123.2375207,41.7280024 -123.2357759,41.7283822000001 -123.2370045,41.7300168 -123.2350751,41.7327524 -123.2356959,41.7337355000001 -123.2346854,41.7346875000001 -123.2346664,41.7366989000001 -123.2312585,41.7401269000001 -123.2309936,41.7415204000001 -123.2263083,41.7453370000001 -123.2269747,41.7473773 -123.22569,41.7495940000001 -123.2257906,41.7515376000001 -123.2241221,41.7526278 -123.2243822,41.7541006000001 -123.2256356,41.7552019 -123.2263504,41.7597869000001 -123.2239683,41.7629376 -123.2225286,41.7634814 -123.2269986,41.7739576000001 -123.2269694,41.7757445 -123.2252199,41.7780206 -123.2265441,41.7822590000001 -123.2243583,41.7844227000001 -123.224324,41.7898556000001 -123.2250843,41.7907987 -123.2215983,41.7927048000001 -123.2218287,41.7951561 -123.2209378,41.7960932 -123.2209526,41.7975534 -123.2223586,41.7993374000001 -123.2209398,41.8003407 -123.2210684,41.802381 -123.2172508,41.804519 -123.2164302,41.8065439000001 -123.2181393,41.8067777000001 -123.2168169,41.8090776000001 -123.2130937,41.8111192000001 -123.2135709,41.8144678 -123.2130071,41.8178412 -123.2086806,41.820113 -123.2067757,41.8264483 -123.2070109,41.8353040000001 -123.2046628,41.8376659 -123.2002272,41.837608 -123.194592,41.8294933000001 -123.1883076,41.8257916000001 -123.1859372,41.8255615 -123.1810727,41.8280711 -123.1785779,41.8334373000001 -123.1764921,41.8344671 -123.172704,41.8348001000001</coordinates></LineString>
  </Placemark>
  <Placemark id="simplified.21">
	<Style><LineStyle><color>ff0000ff</color></LineStyle><PolyStyle><fill>0</fill></PolyStyle></Style>
	<ExtendedData><SchemaData schemaUrl="#simplified">
		<SimpleData name="OBJECTID">21</SimpleData>
		<SimpleData name="Section_Name">CA Section O</SimpleData>
		<SimpleData name="Shape_Length">0.712325078958475</SimpleData>
		<SimpleData name="FolderPath">Track/3 - Northern California/CA Section O</SimpleData>
		<SimpleData name="Region">Northern California</SimpleData>
	</SchemaData></ExtendedData>
      <LineString><coordinates>-121.620709084,41.013480476 -121.621245946,41.011721505 -121.626075276,41.008705854 -121.626695357,41.00695461 -121.62998626,41.0069624450001 -121.632862927,41.00839627 -121.641283072,41.0092633520001 -121.642272322,41.008321015 -121.641083181,41.006409782 -121.6430269,41.005903776 -121.647445098,41.0074216040001 -121.650250265,41.007420315 -121.65310317,41.00997497 -121.654774299,41.0155535100001 -121.662010817,41.0193692170001 -121.665177767,41.01880248 -121.669083263,41.019306731 -121.673604797,41.0218836920001 -121.674052588,41.02041139 -121.67458415,41.02175993 -121.676185233,41.021273793 -121.680479364,41.0224379490001 -121.682153997,41.0222907200001 -121.684135522,41.0208185330001 -121.684888197,41.01777643 -121.683818312,41.0156927240001 -121.686333311,41.0153196590001 -121.690654401,41.0129990570001 -121.694310918,41.0134576620001 -121.698901897,41.012192186 -121.699512552,41.01274821 -121.698733874,41.01355054 -121.699662552,41.0142763970001 -121.699243469,41.014998346 -121.704100487,41.0159732870001 -121.704314246,41.0179518620001 -121.706958162,41.0174966810001 -121.708388397,41.0217530510001 -121.712134386,41.02220799 -121.713541781,41.025065474 -121.714834813,41.022874196 -121.715168072,41.0243226310001 -121.71808528,41.026281157 -121.72049752,41.023182579 -121.721102401,41.025902827 -121.725046074,41.026284134 -121.725759064,41.026050567 -121.725265692,41.023354919 -121.728138524,41.0228944510001 -121.729514222,41.0241583920001 -121.730808882,41.0241732110001 -121.732011801,41.027498904 -121.73522096,41.0294775610001 -121.739621325,41.0280545750001 -121.745831726,41.028654589 -121.749725416,41.030543918 -121.750454779,41.032069898 -121.753113799,41.0315787480001 -121.754006431,41.033295292 -121.75743849,41.0336984730001 -121.757805794,41.0349797270001 -121.755476239,41.0379513460001 -121.751018193,41.037864138 -121.7495802,41.0392633060001 -121.747755906,41.039637376 -121.746846527,41.042756663 -121.747302591,41.043396541 -121.751114962,41.043389958 -121.756601854,41.04557981 -121.759779158,41.0453796960001 -121.764599048,41.0489463700001 -121.767315858,41.0498874900001 -121.770870558,41.0493083170001 -121.769833766,41.046509245 -121.770434208,41.0456265600001 -121.771899622,41.045589696 -121.77182617,41.0469069660001 -121.774096571,41.049569133 -121.774246337,41.0536905000001 -121.775244485,41.055281779 -121.777644521,41.0568086010001 -121.783972868,41.0585590640001 -121.785345052,41.0605029450001 -121.786568673,41.0605476100001 -121.787785824,41.0620590710001 -121.787017813,41.0640239270001 -121.787993648,41.0664234500001 -121.791964743,41.068650855 -121.793690122,41.0711125390001 -121.796241533,41.0716707340001 -121.798544073,41.073217137 -121.802021671,41.0763848940001 -121.797918834,41.0814510820001 -121.799181363,41.0872037280001 -121.800640211,41.087561216 -121.801706986,41.0895862190001 -121.80023417,41.0931360160001 -121.799261919,41.093526964 -121.7995685,41.094919411 -121.797539903,41.0961444550001 -121.796961401,41.097612068 -121.789339644,41.0989171900001 -121.790257036,41.100297965 -121.786890474,41.102301331 -121.786691394,41.10496399 -121.784435221,41.1060922940001 -121.784784216,41.108212974 -121.787023443,41.108433592 -121.787024138,41.109821438 -121.784083567,41.111186004 -121.782933028,41.1126715250001 -121.775627338,41.114120261 -121.775074054,41.115390704 -121.776456387,41.1164980280001 -121.776993164,41.118444207 -121.775427115,41.1194956670001 -121.778661565,41.1232002630001 -121.776039296,41.1259018160001 -121.772546486,41.1265844660001 -121.773586828,41.1306306760001 -121.771520453,41.1338425120001 -121.771036681,41.136772315 -121.771886428,41.1380957580001 -121.770974202,41.14025517 -121.775445915,41.1431655370001 -121.776831579,41.1456679240001 -121.77581497,41.1472904870001 -121.773273724,41.148041387 -121.773125375,41.148825892 -121.774728771,41.1490092240001 -121.772371171,41.152092924 -121.774203117,41.1537344170001 -121.774401852,41.1574344590001 -121.77864019,41.1599015090001 -121.778788153,41.1618114120001 -121.780296267,41.162957077 -121.779534261,41.1662166070001 -121.782335026,41.167816852 -121.7827512,41.169207149 -121.785259345,41.168995248 -121.785439583,41.1703563090001 -121.788236574,41.169723167 -121.789454693,41.170893203 -121.790765828,41.170403521 -121.793337061,41.17184918 -121.800018641,41.170615798 -121.802113533,41.1726629820001 -121.807696725,41.17297152 -121.813435312,41.1701982910001 -121.816889586,41.1706613590001 -121.81918865,41.1700989830001 -121.82130081,41.171281091 -121.823139463,41.173803408 -121.821772684,41.175505102 -121.824495576,41.179532049 -121.829785252,41.177628935 -121.834172499,41.1745033550001 -121.836832123,41.174873211 -121.836576299,41.176345263 -121.837682507,41.175110321 -121.836920657,41.1742248520001 -121.839488595,41.1746591340001 -121.841504033,41.1778341030001 -121.844150456,41.1791290420001 -121.844194916,41.178463967 -121.847029062,41.179502744 -121.848817323,41.176909934 -121.852634416,41.177143852 -121.855506366,41.1789295660001 -121.855487092,41.175287414 -121.857742415,41.1740910560001 -121.859199902,41.1742419350001 -121.859862454,41.1726598050001 -121.862368343,41.1715871170001 -121.869981567,41.17270519 -121.873059134,41.174341693 -121.876356616,41.1747519190001 -121.879264693,41.176690755 -121.884037153,41.176512743 -121.888348727,41.1776034960001 -121.890833208,41.1767407790001 -121.889994177,41.177725106 -121.893432187,41.17622928 -121.893621847,41.176761608 -121.895969415,41.1738368210001 -121.900711171,41.1719441970001 -121.903361156,41.172458072 -121.903187272,41.1736706460001 -121.908303809,41.1726148750001 -121.909132163,41.171660731 -121.907529386,41.1707652380001 -121.908819829,41.169575411 -121.910214166,41.169760023 -121.911786961,41.1680133040001 -121.911402614,41.1664763810001 -121.912046402,41.164702633 -121.914391864,41.1637406 -121.916859418,41.1642476690001 -121.918345093,41.1626074610001 -121.918416246,41.1611923670001 -121.919695973,41.160275395 -121.919945263,41.1579330120001 -121.922060619,41.157775605 -121.925113889,41.1596509450001 -121.925277101,41.1591109330001 -121.929024305,41.1590404890001 -121.930397616,41.159795053 -121.935181364,41.15939244 -121.935889905,41.160181859 -121.938934442,41.160258549 -121.943898614,41.1593656950001 -121.945792841,41.158338728 -121.946431974,41.156855292 -121.948746598,41.1568592850001 -121.949921784,41.158307542 -121.951598603,41.1578221180001 -121.953922488,41.158928701 -121.961953279,41.1568617710001 -121.960740882,41.153512639 -121.961390233,41.1526368500001 -121.961106657,41.1504202240001</coordinates></LineString>
  </Placemark>
  <Placemark id="simplified.22">
	<Style><LineStyle><color>ff0000ff</color></LineStyle><PolyStyle><fill>0</fill></PolyStyle></Style>
	<ExtendedData><SchemaData schemaUrl="#simplified">
		<SimpleData name="OBJECTID">22</SimpleData>
		<SimpleData name="Section_Name">CA Section O</SimpleData>
		<SimpleData name="Shape_Length">0.701011001898297</SimpleData>
		<SimpleData name="FolderPath">Track/3 - Northern California/CA Section O</SimpleData>
		<SimpleData name="Region">Northern California</SimpleData>
	</SchemaData></ExtendedData>
      <LineString><coordinates>-121.961106657,41.1504202240001 -121.969309189,41.1496083600001 -121.971099663,41.1482793530001 -121.969149174,41.146599607 -121.974313623,41.1432422130001 -121.973705279,41.142125134 -121.974248614,41.141284554 -121.972954951,41.140074527 -121.974095356,41.1361805490001 -121.975451344,41.1366268250001 -121.97481065,41.137836957 -121.975571171,41.138909395 -121.977156118,41.139464661 -121.979881137,41.1388302180001 -121.982891411,41.140466901 -121.985615883,41.140066345 -121.983428305,41.1392956240001 -121.983864137,41.138368497 -121.982601538,41.1378694160001 -121.985326757,41.1370922190001 -121.985824153,41.136047697 -121.984619998,41.13544354 -121.986088425,41.135115785 -121.987784328,41.133229498 -121.987470133,41.1302646290001 -121.986500355,41.1292483500001 -121.984572879,41.12895353 -121.98664703,41.126641971 -121.986600109,41.128027687 -121.987381553,41.1283131550001 -121.988042627,41.127112074 -121.996254921,41.1242798000001 -122.000618968,41.1273500930001 -122.000082365,41.1281923110001 -122.000632886,41.1294350410001 -122.002333479,41.126947783 -122.003838169,41.1279048910001 -122.004044282,41.1258136600001 -122.006607016,41.1224261350001 -122.010202105,41.123269485 -122.012047409,41.1203989460001 -122.013348379,41.1206812 -122.020892444,41.1178927500001 -122.023403922,41.1183439330001 -122.026555458,41.1159135410001 -122.028107858,41.1162117910001 -122.026846474,41.1174042910001 -122.02687476,41.1191643380001 -122.026004355,41.1198836500001 -122.025981368,41.121464475 -122.026860181,41.1219214590001 -122.026307866,41.124816277 -122.025072821,41.125346473 -122.02695458,41.128398034 -122.026622077,41.1297569180001 -122.028628667,41.127681081 -122.028209586,41.126807877 -122.029653593,41.1261191880001 -122.02904826,41.1254180490001 -122.030830624,41.1231970960001 -122.032285692,41.123141983 -122.030867547,41.121937707 -122.031133723,41.1197467970001 -122.033471888,41.119030751 -122.033301411,41.118330159 -122.035281908,41.1170038670001 -122.03628088,41.117235457 -122.036506596,41.1162640050001 -122.039017313,41.1145171840001 -122.039153911,41.115258538 -122.039880513,41.11564746 -122.039878108,41.11468969 -122.04122601,41.1136570850001 -122.043263726,41.113503608 -122.045456898,41.1147422010001 -122.048362728,41.1112944910001 -122.052260518,41.1130078670001 -122.053057742,41.1149772110001 -122.056726947,41.1169927540001 -122.056552614,41.117907523 -122.057119394,41.1170529450001 -122.056706894,41.116527773 -122.057314359,41.116845718 -122.057307986,41.1176355790001 -122.058467432,41.11706386 -122.062316604,41.117619674 -122.061690836,41.116058771 -122.063632736,41.1134370840001 -122.069375636,41.115285698 -122.077217355,41.113860195 -122.082142436,41.1143466940001 -122.084730341,41.115448626 -122.089389418,41.113469803 -122.089756435,41.1156437860001 -122.091092898,41.11387455 -122.093256503,41.114935329 -122.093756373,41.1140382410001 -122.096793487,41.11363192 -122.097127739,41.1155723960001 -122.098725566,41.1170992130001 -122.098927339,41.1151597830001 -122.100453563,41.1132317390001 -122.103614871,41.1145659540001 -122.105117618,41.116310196 -122.106848371,41.1150464660001 -122.106034174,41.1130787820001 -122.107474479,41.1118895120001 -122.107207527,41.1111238240001 -122.111458306,41.1108218100001 -122.112969495,41.1115523600001 -122.114312511,41.1104757050001 -122.113093293,41.106922023 -122.117945937,41.1080930530001 -122.119449927,41.107136939 -122.119168397,41.1057149590001 -122.121877055,41.1051176240001 -122.122021282,41.103518582 -122.123220771,41.102825377 -122.124488229,41.105128081 -122.12368597,41.1061817770001 -122.124792114,41.106702801 -122.123824385,41.1092517120001 -122.122999803,41.109365434 -122.124994343,41.110206416 -122.123401925,41.1111591260001 -122.124146389,41.1124032290001 -122.125829233,41.111830899 -122.126804715,41.1125435480001 -122.123744532,41.115938553 -122.124935593,41.1158846170001 -122.126480307,41.118326611 -122.126713481,41.116113688 -122.128028721,41.1157614110001 -122.129358602,41.117452422 -122.128741305,41.1193299780001 -122.129474454,41.12113222 -122.130518883,41.1222511340001 -122.132317841,41.121999879 -122.13146422,41.123414143 -122.131562619,41.1256150190001 -122.129435918,41.126685106 -122.128483167,41.125898738 -122.127186902,41.1276080050001 -122.12557979,41.127810326 -122.127429444,41.129233261 -122.134268052,41.1282873860001 -122.136354301,41.1269581490001 -122.13913078,41.1274692220001 -122.141540821,41.126341553 -122.143752869,41.1275365130001 -122.143310128,41.1288437060001 -122.146135503,41.1279357990001 -122.146491309,41.1291665370001 -122.147399469,41.1282944880001 -122.14814586,41.1301521240001 -122.148928168,41.129895773 -122.14902188,41.1283197820001 -122.150102111,41.1270379050001 -122.151559719,41.126767215 -122.15224877,41.1250232730001 -122.156857068,41.1248536090001 -122.155766412,41.126663385 -122.156371394,41.129279189 -122.159878541,41.126978729 -122.161608058,41.1286673590001 -122.160208039,41.129799174 -122.160238616,41.1319046880001 -122.159424301,41.1330935870001 -122.161478989,41.133403281 -122.161517803,41.1356463810001 -122.169823947,41.1402001880001 -122.169414073,41.141085263 -122.170762551,41.1397920570001 -122.170680786,41.1413431130001 -122.171901109,41.1424192470001 -122.175850515,41.1407336730001 -122.178824496,41.136421151 -122.179027247,41.136441846 -122.179006166,41.1367992190001 -122.179277185,41.1371675780001 -122.179347507,41.137794877 -122.179520848,41.1379721340001 -122.179624389,41.136516554 -122.182032907,41.135597359 -122.181001824,41.137016169 -122.181603395,41.1381914680001 -122.182265438,41.138309372 -122.181732004,41.1377592900001 -122.182296868,41.137086729 -122.185769279,41.1376400820001 -122.187779545,41.140266835 -122.191016895,41.138650682 -122.19928662,41.1391564560001 -122.20110091,41.13761276 -122.20376703,41.1369146440001 -122.201494438,41.1387017330001 -122.206812538,41.1378648640001 -122.209326422,41.139319933 -122.209290013,41.140799185 -122.210926637,41.1423774400001 -122.210197406,41.144095469 -122.21183919,41.1457917340001 -122.211220867,41.1437099870001 -122.213058714,41.1421233020001 -122.213164784,41.1432475120001 -122.214925927,41.143229396 -122.218591749,41.146968132 -122.224254002,41.1488859790001 -122.226932542,41.151826563 -122.229941487,41.150695553 -122.232694656,41.1511346410001 -122.234056818,41.1502374550001 -122.236256585,41.15049076 -122.240325464,41.14789675 -122.245595174,41.149263885 -122.245119167,41.14247204 -122.248701432,41.1416386550001 -122.248230359,41.1404489710001 -122.249556899,41.138716248 -122.251972292,41.1376846580001 -122.251959736,41.1369075370001 -122.253948021,41.135519167 -122.259671124,41.13538305 -122.260653858,41.1364624830001 -122.261027892,41.137582142 -122.259705882,41.135784394 -122.254788417,41.1362853840001 -122.254516255,41.137122891 -122.25337139,41.1372616140001 -122.253570453,41.1386491480001 -122.251319805,41.139838728 -122.250616124,41.1410518590001 -122.252209704,41.142358872 -122.248827571,41.143874623 -122.25023551,41.148411052 -122.251642341,41.149645209 -122.254782459,41.149870993 -122.256419973,41.151261623 -122.262102415,41.1522162890001 -122.2636298,41.1543681910001 -122.268277802,41.155893253 -122.266529942,41.156248749 -122.270786644,41.156531746 -122.267533721,41.153715951 -122.270677772,41.1554099250001 -122.273920545,41.1558649130001 -122.273765333,41.156880282 -122.27526736,41.1587783370001 -122.277442341,41.159956875 -122.274106837,41.160534827 -122.277107577,41.162312829 -122.279756604,41.1602279950001 -122.280009323,41.1596102120001 -122.279199746,41.1594236870001 -122.279968366,41.1572441260001 -122.28198548,41.1552478020001 -122.281040075,41.158453733 -122.283680021,41.158253954 -122.284661666,41.1588819140001 -122.284046443,41.161247464</coordinates></LineString>
  </Placemark>
  <Placemark id="simplified.23">
	<Style><LineStyle><color>ff0000ff</color></LineStyle><PolyStyle><fill>0</fill></PolyStyle></Style>
	<ExtendedData><SchemaData schemaUrl="#simplified">
		<SimpleData name="OBJECTID">23</SimpleData>
		<SimpleData name="Section_Name">CA Section R</SimpleData>
		<SimpleData name="Shape_Length">0.526543056251405</SimpleData>
		<SimpleData name="FolderPath">Track/3 - Northern California/CA Section R</SimpleData>
		<SimpleData name="Region">Northern California</SimpleData>
	</SchemaData></ExtendedData>
      <LineString><coordinates>-123.1727197,41.8348006000001 -123.1723988,41.8352189 -123.1745272,41.8353972 -123.1796091,41.8343779 -123.1837582,41.8351392000001 -123.1907979,41.8397724000001 -123.2030678,41.8448489 -123.210449,41.8446659000001 -123.2122658,41.8438361 -123.2119672,41.8459361000001 -123.2130242,41.8467128 -123.2102607,41.8471679 -123.2122981,41.8483699000001 -123.2083348,41.8493305000001 -123.2082064,41.8500847 -123.2129518,41.8508323 -123.2134705,41.8511801000001 -123.2121035,41.8516438 -123.2126539,41.852519 -123.2132173,41.8520129 -123.2145244,41.8527780000001 -123.2193636,41.8528586 -123.2164596,41.8544709000001 -123.2186747,41.8543916 -123.2161169,41.8554674000001 -123.2185005,41.8553307 -123.2210628,41.8576001000001 -123.2104834,41.8634638 -123.2113451,41.8657721000001 -123.2102116,41.8669936000001 -123.2111782,41.8666804000001 -123.2119967,41.8680433000001 -123.2113002,41.8676110000001 -123.2109998,41.8675303000001 -123.2107856,41.8675772 -123.2059856,41.8741753 -123.2042405,41.8743733000001 -123.2036293,41.8762277000001 -123.2041998,41.878158 -123.2028716,41.8774088000001 -123.2029342,41.8791034000001 -123.1978889,41.8835572 -123.199692,41.8849341000001 -123.2010965,41.8888372000001 -123.2006151,41.8883119000001 -123.2005052,41.8888366 -123.2015543,41.8900157 -123.2006833,41.8895085 -123.2006804,41.8905340000001 -123.204997,41.8923615 -123.2020029,41.8960899 -123.2022333,41.8991013 -123.2013281,41.9008688000001 -123.2026479,41.9040552000001 -123.1994882,41.9080833 -123.1995348,41.909813 -123.2008398,41.9118718 -123.1998872,41.9115630000001 -123.1981401,41.9134855 -123.1986095,41.9141259 -123.1970728,41.9136119 -123.1978452,41.9145379 -123.1969738,41.9140778 -123.197356,41.9160231000001 -123.1965608,41.9169383 -123.1913185,41.9168292000001 -123.1903988,41.9179580000001 -123.1861583,41.9198259 -123.1885054,41.9214178 -123.1876154,41.9224691000001 -123.176449,41.9255065 -123.1785664,41.9266605 -123.1787119,41.9289566 -123.1722518,41.9338142 -123.1683776,41.9350975 -123.165225,41.9348655000001 -123.1646345,41.9360296 -123.1621855,41.9368328 -123.1588686,41.9355546 -123.1572685,41.9330646000001 -123.1538904,41.9329014 -123.151388,41.9303667 -123.149639,41.9322175 -123.1506241,41.9336638 -123.1502415,41.9376672000001 -123.1467228,41.9419882 -123.1437393,41.9424232000001 -123.135375,41.9412820000001 -123.1324452,41.9391031000001 -123.1271659,41.9377460000001 -123.1249586,41.9376623000001 -123.1292189,41.9403301 -123.1201076,41.9379007000001 -123.120081,41.9386081000001 -123.1142174,41.9356613 -123.1090174,41.9406730000001 -123.101276988,41.94555603 -123.0944412,41.9482981 -123.0866149,41.9487901000001 -123.0813906,41.9513558 -123.0782823,41.9543997000001 -123.0714882,41.9533200000001 -123.0683062,41.9516002 -123.0611514,41.9533623 -123.0593857,41.9520126 -123.0501115,41.9512345000001 -123.0478186,41.9517093000001 -123.0463413,41.9506630000001 -123.0430478,41.9513466000001 -123.0382696,41.9499821000001 -123.0327474,41.9504388 -123.0250173,41.9471063 -123.0229996,41.9470294000001 -123.0206846,41.9481961000001 -123.0145357,41.9479905000001 -123.0114729,41.9464787000001 -123.0090272,41.941992 -123.0068148,41.9399145 -123.0054359,41.9358623000001 -123.0057011,41.9323910000001 -122.9994683,41.9304938000001 -122.9957714,41.9312180000001 -122.9936783,41.9302383 -122.9888283,41.9314029000001 -122.9823066,41.9350696000001 -122.980935,41.9345045000001 -122.9786661,41.9351222000001 -122.9747868,41.9347805 -122.9717111,41.9327729 -122.9675612,41.932401 -122.9647875,41.9333391000001 -122.9615264,41.9360888000001 -122.9618216,41.9417442000001 -122.9607115,41.9456154000001 -122.9593596,41.9466842 -122.95951,41.9489619</coordinates></LineString>
  </Placemark>
  <Placemark id="simplified.24">
	<Style><LineStyle><color>ff0000ff</color></LineStyle><PolyStyle><fill>0</fill></PolyStyle></Style>
	<ExtendedData><SchemaData schemaUrl="#simplified">
		<SimpleData name="OBJECTID">24</SimpleData>
		<SimpleData name="Section_Name">CA Section R</SimpleData>
		<SimpleData name="Shape_Length">0.559431778020687</SimpleData>
		<SimpleData name="FolderPath">Track/3 - Northern California/CA Section R</SimpleData>
		<SimpleData name="Region">Northern California</SimpleData>
	</SchemaData></ExtendedData>
      <LineString><coordinates>-122.95951,41.9489619 -122.9586626,41.9529420000001 -122.9496168,41.9593293 -122.9484367,41.9609576 -122.9469441,41.9614019000001 -122.9449001,41.9638101 -122.9402982,41.965402 -122.9385176,41.9691554 -122.9375866,41.9680568000001 -122.9376674,41.9646680000001 -122.9363038,41.9638687 -122.9364613,41.9631156 -122.9343051,41.9633664 -122.9321251,41.9651890000001 -122.930492,41.9680231 -122.9306233,41.9690935 -122.9276072,41.9706307000001 -122.9254026,41.9755309000001 -122.9238144,41.9761409000001 -122.9204607,41.9816838 -122.9167617,41.9843181000001 -122.9169345,41.9882231 -122.9203094,41.9888197000001 -122.921460019,41.989737963 -122.9198877,41.9926747000001 -122.9178402,41.994045 -122.913222034,41.9921620100001 -122.9114632,41.9930145000001 -122.913596,41.9933814 -122.9128795,41.9945520000001 -122.9134339,41.9950309000001 -122.9114127,41.9969209000001 -122.9110154,42.0025820000001 -122.9084181,42.0025264000001 -122.9092309,42.0037090000001 -122.9132911,42.0036929 -122.9123541,42.0052576 -122.9051568,42.0079772 -122.8987343,42.0082117000001 -122.8963751,42.0094077000001 -122.89448102,42.011658987 -122.896887967,42.0173000080001 -122.8924556,42.0175227 -122.8931656,42.0204342000001 -122.8919833,42.0222011000001 -122.8877334,42.0193350000001 -122.8853432,42.0191524000001 -122.8738401,42.0227451000001 -122.8735874,42.023577 -122.8748382,42.0254884 -122.8745025,42.027249 -122.8757088,42.0295546 -122.8735839,42.0328231 -122.8713044,42.0337071000001 -122.8585232,42.0349647 -122.8561834,42.0361089 -122.8569683,42.0377489000001 -122.8565382,42.0401112000001 -122.8572862,42.0428291000001 -122.8552054,42.0450917000001 -122.8461715,42.0503349000001 -122.8453242,42.056064 -122.8425154,42.0614025 -122.8408947,42.0614412 -122.8411846,42.0609752 -122.8402098,42.0609826 -122.8384875,42.0591849 -122.8391746,42.0564469 -122.8382791,42.0530467 -122.8293477,42.0525947 -122.8283786,42.0517496000001 -122.823931,42.0546774000001 -122.8194129,42.0529604000001 -122.8161647,42.0547832 -122.8143524,42.0531425 -122.8096033,42.0527323000001 -122.8076584,42.0503446000001 -122.803796,42.0500655000001 -122.8005343,42.0486905000001 -122.798664,42.0464589000001 -122.7964212,42.0480959000001 -122.7931983,42.0481707000001 -122.7923707,42.0492991 -122.7919685,42.0522074 -122.795461,42.0532043000001 -122.7959892,42.0540409000001 -122.7943375,42.0581394000001 -122.7921115,42.0582601 -122.7885734,42.0606382 -122.7821401,42.0616074000001 -122.7802419,42.0609337000001 -122.7785533,42.0644273 -122.7701884,42.0676182 -122.7646391,42.0651767000001 -122.7639979,42.0668302 -122.7592732,42.0679924 -122.7552725,42.0700133 -122.7545175,42.0723540000001 -122.750934,42.0752705 -122.7485038,42.0751575 -122.7459891,42.0726636000001 -122.7458929,42.073625 -122.7444637,42.0745262 -122.7447248,42.0770591 -122.7404145,42.0790244 -122.7405974,42.0802078 -122.7394561,42.0815354000001 -122.7355328,42.0808993000001 -122.7315108,42.0828313000001 -122.7302886,42.0810433 -122.7277364,42.0798252000001 -122.7274316,42.0762685 -122.7250402,42.0743487 -122.7216715,42.0752684 -122.7198674,42.07449 -122.7171447,42.0746137 -122.7132836,42.0723167 -122.7091725,42.0752966000001 -122.7071457,42.0752198000001 -122.7051924,42.0785637000001 -122.7038648,42.0787483 -122.7013787,42.0750347000001 -122.6961236,42.0726931 -122.6922622,42.0719395 -122.6884552,42.0731581000001 -122.6880186,42.0703839 -122.6818421,42.0689253 -122.6790901,42.0695025000001 -122.6749873,42.0680756 -122.6728766,42.0684041000001 -122.6731184,42.0678497000001 -122.6715651,42.0677398 -122.6679659,42.0650977000001 -122.6645695,42.0655691000001 -122.6626378,42.0689598000001 -122.6590515,42.0695247 -122.6571698,42.0711942 -122.654533,42.0715694 -122.6523834,42.0735704000001 -122.6523268,42.0759247 -122.6458043,42.0763078000001 -122.6436284,42.0750046000001 -122.6427303,42.0756191 -122.6402605,42.0748288 -122.6388243,42.0766046000001 -122.6373513,42.0768706000001 -122.6341965,42.0756488000001 -122.63228,42.0773131 -122.6307763,42.0770093 -122.6291806,42.0777514000001 -122.6272196,42.0763190000001 -122.6233808,42.0758093000001 -122.621637,42.0773407 -122.6202399,42.0774817000001 -122.6191092,42.0746933 -122.6176297,42.0744842</coordinates></LineString>
  </Placemark>
  <Placemark id="simplified.25">
	<Style><LineStyle><color>ff0000ff</color></LineStyle><PolyStyle><fill>0</fill></PolyStyle></Style>
	<ExtendedData><SchemaData schemaUrl="#simplified">
		<SimpleData name="OBJECTID">25</SimpleData>
		<SimpleData name="Section_Name">CA Section I</SimpleData>
		<SimpleData name="Shape_Length">0.420031015755811</SimpleData>
		<SimpleData name="FolderPath">Track/2 - Central California/CA Section I</SimpleData>
		<SimpleData name="Region">Central California</SimpleData>
	</SchemaData></ExtendedData>
      <LineString><coordinates>-119.344320202,37.8765607 -119.3520426,37.8767816000001 -119.3597607,37.879218 -119.3643321,37.8792655 -119.365772,37.8785980000001 -119.3687762,37.8793217 -119.376489,37.8827074000001 -119.3774417,37.8851059 -119.3805196,37.8872289 -119.3807545,37.8885862000001 -119.3859432,37.8892413 -119.3887287,37.8925151 -119.3951466,37.8956245000001 -119.3954122,37.8978183 -119.3965722,37.8988657 -119.4020312,37.8975205 -119.4051157,37.8995955 -119.4096756,37.9004307000001 -119.410188,37.9022066000001 -119.4132266,37.9009292000001 -119.4143422,37.9028051000001 -119.4162729,37.9020150000001 -119.4154319,37.9034528 -119.4167506,37.9051907 -119.4180814,37.9046991000001 -119.4187821,37.9054218000001 -119.4183805,37.9071127 -119.421131,37.9081163000001 -119.4167669,37.9134599000001 -119.412816,37.9226509000001 -119.4115321,37.9322103000001 -119.4066458,37.9408349 -119.4073501,37.9476741 -119.4056871,37.9522911 -119.4055125,37.956604 -119.4031954,37.9621262000001 -119.3964941,37.9734408 -119.387586,37.9833410000001 -119.3786962,37.9956098000001 -119.378888,37.9974443 -119.3760001,38.0013881 -119.3772931,38.0015693 -119.3766555,38.0037841000001 -119.3773068,38.0049715000001 -119.3761692,38.0066390000001 -119.3777103,38.0067292000001 -119.3839983,38.0029464 -119.3869008,38.0026638000001 -119.3893869,38.0063264 -119.3934227,38.0090335 -119.3940367,38.0083593000001 -119.3953428,38.0090261 -119.3959297,38.0082187 -119.3978893,38.0083753000001 -119.4023955,38.0031916 -119.4084429,37.9996011000001 -119.4093445,37.9980804 -119.4103453,37.9984545 -119.4129974,37.9968365 -119.4143675,37.9969515000001 -119.4187741,37.9938742000001 -119.4189453,37.9954136000001 -119.4173826,37.9973286000001 -119.4163138,38.0005051000001 -119.4159555,38.0024737000001 -119.4169738,38.002442 -119.41573,38.0037032000001 -119.4159106,38.005749 -119.4134892,38.0081307 -119.4154669,38.0080884000001 -119.4130143,38.0138588 -119.4131569,38.0152033000001 -119.4166978,38.0117907000001 -119.4193751,38.0106329000001 -119.4222421,38.0075428000001 -119.4295892,38.0027518000001 -119.4297163,38.0040683 -119.4330569,38.0037800000001 -119.4379649,38.0065196 -119.4392834,38.0085534 -119.4464506,38.0149395 -119.4481842,38.0198178000001 -119.4499278,38.018495 -119.4506154,38.0192321000001 -119.4511975,38.0185462000001 -119.4544226,38.0185919 -119.4693687,38.0113263000001 -119.4721326,38.0105242000001 -119.473277,38.0111903000001 -119.4741328,38.0106398 -119.4735378,38.0094742000001 -119.4778698,38.0082586</coordinates></LineString>
  </Placemark>
  <Placemark id="simplified.26">
	<Style><LineStyle><color>ff0000ff</color></LineStyle><PolyStyle><fill>0</fill></PolyStyle></Style>
	<ExtendedData><SchemaData schemaUrl="#simplified">
		<SimpleData name="OBJECTID">26</SimpleData>
		<SimpleData name="Section_Name">CA Section I</SimpleData>
		<SimpleData name="Shape_Length">0.355438292718893</SimpleData>
		<SimpleData name="FolderPath">Track/2 - Central California/CA Section I</SimpleData>
		<SimpleData name="Region">Central California</SimpleData>
	</SchemaData></ExtendedData>
      <LineString><coordinates>-119.4778698,38.0082586 -119.4802755,38.0087536 -119.4838277,38.0120894 -119.4871508,38.0121411000001 -119.4890588,38.0113859000001 -119.4889423,38.0101515000001 -119.4897859,38.0111455000001 -119.4914469,38.0087502000001 -119.4925816,38.0086366 -119.4930001,38.0060204000001 -119.494274,38.0049289 -119.4971364,38.0055373000001 -119.4979797,38.0100995 -119.4969133,38.0102757000001 -119.4966122,38.0119731 -119.5048781,38.0164009000001 -119.5099855,38.0158778000001 -119.5147724,38.0178982 -119.5147395,38.0190650000001 -119.5167699,38.018741 -119.5191694,38.0210514 -119.5192191,38.0224727 -119.5219673,38.0249751000001 -119.5265612,38.0271002000001 -119.5274779,38.0303099000001 -119.5297058,38.0297984000001 -119.5297535,38.0307920000001 -119.5328597,38.0329716000001 -119.5330054,38.0360484 -119.5289471,38.0365086 -119.5266107,38.0398662000001 -119.5257947,38.0396385000001 -119.5248559,38.0405640000001 -119.5229639,38.0430197000001 -119.5227079,38.0450096000001 -119.5199507,38.0461411000001 -119.520648,38.0489348 -119.5180463,38.0514519000001 -119.5280103,38.0496968 -119.533192,38.0469026000001 -119.5458634,38.0464189 -119.5510638,38.0448102 -119.560752,38.045598 -119.572723,38.0441892000001 -119.5730163,38.0456446000001 -119.5748645,38.044925 -119.5754674,38.0455536000001 -119.5794831,38.0454791000001 -119.5841545,38.0480505 -119.5841809,38.0489375000001 -119.5823246,38.0506369 -119.5844545,38.0529943000001 -119.5840988,38.0555437 -119.5847244,38.0574104 -119.5858157,38.0571552000001 -119.586238,38.059847 -119.5881457,38.0588913 -119.5920186,38.0590245000001 -119.5941742,38.0572691 -119.5957667,38.0579471 -119.5960756,38.0592150000001 -119.6037095,38.0599572 -119.6069003,38.05922 -119.6094195,38.0574551 -119.6108895,38.0582232 -119.6138382,38.056695 -119.6167498,38.0562535 -119.6181655,38.0570402000001 -119.6196412,38.0599183 -119.6212355,38.0603227 -119.6210874,38.0614002 -119.6247045,38.0614709000001 -119.6246469,38.0636799000001 -119.623545,38.0645018000001 -119.6266262,38.0681019 -119.6325862,38.0684601 -119.6363138,38.0700222 -119.6396257,38.0688569000001 -119.6433072,38.0705416000001 -119.646767,38.0738594000001 -119.6460775,38.0761651 -119.6447429,38.0766532000001 -119.645303,38.0786253000001 -119.6406983,38.0796404000001 -119.6387709,38.0809182 -119.635865,38.0809277000001 -119.6330593,38.0828597 -119.6327879,38.0853357 -119.6337879,38.0863066000001</coordinates></LineString>
  </Placemark>
  <Placemark id="simplified.27">
	<Style><LineStyle><color>ff0000ff</color></LineStyle><PolyStyle><fill>0</fill></PolyStyle></Style>
	<ExtendedData><SchemaData schemaUrl="#simplified">
		<SimpleData name="OBJECTID">27</SimpleData>
		<SimpleData name="Section_Name">CA Section I</SimpleData>
		<SimpleData name="Shape_Length">0.432383569066519</SimpleData>
		<SimpleData name="FolderPath">Track/2 - Central California/CA Section I</SimpleData>
		<SimpleData name="Region">Central California</SimpleData>
	</SchemaData></ExtendedData>
      <LineString><coordinates>-119.6337879,38.0863066000001 -119.6342244,38.0878171000001 -119.6328043,38.0888848000001 -119.6332415,38.0906767000001 -119.6306656,38.0942096000001 -119.6295078,38.0976508000001 -119.629528,38.1015615000001 -119.6251461,38.1091701 -119.6249471,38.1113869000001 -119.622884,38.1143357 -119.6233091,38.1162838000001 -119.6216675,38.1186054 -119.6225456,38.1240476 -119.6217099,38.1288894 -119.6165989,38.1403397 -119.6082288,38.1531967000001 -119.6061375,38.1621149000001 -119.6038178,38.1636805000001 -119.6042561,38.1662151 -119.6015243,38.1697339 -119.5948658,38.1744207 -119.593726,38.1767954000001 -119.5892696,38.1786182000001 -119.5825187,38.1796820000001 -119.5809009,38.180555 -119.5800968,38.182581 -119.5773878,38.1838091000001 -119.5752596,38.1838500000001 -119.5728174,38.1853575000001 -119.5716622,38.1872176000001 -119.5714346,38.1863895000001 -119.5701166,38.1867262000001 -119.5691239,38.1892472000001 -119.5693539,38.1923138000001 -119.5696335,38.1937609 -119.5716095,38.1955779 -119.5704286,38.1965717 -119.5700121,38.1987425 -119.5684936,38.200093 -119.5676332,38.2023613000001 -119.572294,38.2066767000001 -119.5724006,38.205965 -119.5740476,38.2056405000001 -119.5758876,38.2074995 -119.5747652,38.2096996000001 -119.574851,38.2117521000001 -119.5759874,38.2127577000001 -119.5752297,38.2139445 -119.5759914,38.2150625 -119.5757283,38.2167915000001 -119.5787241,38.2180758000001 -119.5805379,38.2173980000001 -119.5811139,38.2184894000001 -119.5824017,38.2184142 -119.5765092,38.2262119000001 -119.5785114,38.2275964 -119.5808099,38.2273194000001 -119.5811298,38.2282635 -119.5801827,38.2301209 -119.5816768,38.2321820000001 -119.5819237,38.2347533000001 -119.5809932,38.2372149 -119.5776002,38.2414989000001 -119.5757161,38.2476013 -119.5761059,38.2484745 -119.5784732,38.2503962000001 -119.5797537,38.2498678000001 -119.5827732,38.2521478 -119.5854268,38.2521004000001 -119.5878168,38.2533848 -119.593491,38.2526856000001 -119.6025037,38.2536286000001 -119.6056868,38.2522464 -119.6089506,38.2479962 -119.61421,38.2455474000001 -119.6144254,38.2495967 -119.6176043,38.2516776000001 -119.6163377,38.2491727 -119.6186712,38.2508643 -119.6192985,38.2523747000001 -119.6164192,38.2563763000001 -119.6172882,38.2561365 -119.6141732,38.2587139 -119.614512,38.2606979 -119.6172887,38.263588 -119.6257815,38.2659336 -119.6298985,38.2686003000001 -119.6332479,38.2694417000001 -119.6361671,38.2735721 -119.636229,38.2754559000001 -119.640751,38.2768999 -119.6435192,38.2788106 -119.6432689,38.2797163000001 -119.6452924,38.2829892 -119.6407076,38.2870264000001 -119.6420106,38.2878875000001 -119.6408259,38.2884128000001 -119.6424476,38.2909375 -119.6412399,38.292197 -119.6371003,38.2938873000001 -119.6375813,38.2963378000001 -119.6428087,38.2984903 -119.6434019,38.3003826 -119.6447092,38.3006334 -119.6453871,38.3030574000001 -119.6453978,38.3064014 -119.6431751,38.3107140000001 -119.6442334,38.313205 -119.6437582,38.3172538000001 -119.644998,38.3190872000001 -119.6445589,38.3218027 -119.6424977,38.3184052 -119.6391548,38.3174312 -119.6357138,38.3194005 -119.6365322,38.3205274000001</coordinates></LineString>
  </Placemark>
  <Placemark id="simplified.28">
	<Style><LineStyle><color>ff0000ff</color></LineStyle><PolyStyle><fill>0</fill></PolyStyle></Style>
	<ExtendedData><SchemaData schemaUrl="#simplified">
		<SimpleData name="OBJECTID">28</SimpleData>
		<SimpleData name="Section_Name">CA Section I</SimpleData>
		<SimpleData name="Shape_Length">0.0119833643261146</SimpleData>
		<SimpleData name="FolderPath">Track/2 - Central California/CA Section I</SimpleData>
		<SimpleData name="Region">Central California</SimpleData>
	</SchemaData></ExtendedData>
      <LineString><coordinates>-119.3334829,37.875127686 -119.3392681,37.8775626 -119.3443202,37.8765607</coordinates></LineString>
  </Placemark>
  <Placemark id="simplified.29">
	<Style><LineStyle><color>ff0000ff</color></LineStyle><PolyStyle><fill>0</fill></PolyStyle></Style>
	<ExtendedData><SchemaData schemaUrl="#simplified">
		<SimpleData name="OBJECTID">29</SimpleData>
		<SimpleData name="Section_Name">CA Section E</SimpleData>
		<SimpleData name="Shape_Length">1.05294632909007</SimpleData>
		<SimpleData name="FolderPath">Track/1 - Southern California/CA Section E</SimpleData>
		<SimpleData name="Region">Southern California</SimpleData>
	</SchemaData></ExtendedData>
      <MultiGeometry><LineString><coordinates>-118.326366004,34.4961860220001 -118.3262409,34.4997413 -118.324728,34.5002403 -118.3240559,34.5026753000001</coordinates></LineString><LineString><coordinates>-118.3240559,34.5026753010001 -118.3198338,34.5084374 -118.319561,34.5126096000001 -118.3173968,34.5163991000001 -118.317161,34.5201716 -118.320024,34.5202931000001</coordinates></LineString><LineString><coordinates>-118.320024004,34.520293101 -118.3210379,34.5220042 -118.3155262,34.5247183000001 -118.3144921,34.5267039 -118.3163764,34.5286187 -118.3139545,34.5295587000001 -118.3140806,34.5305569000001 -118.3122988,34.5316363000001 -118.3104647,34.5344953000001 -118.3102503,34.5364226 -118.3089358,34.5372298 -118.3084213,34.5396758000001 -118.3105979,34.5408592000001 -118.3105913,34.5417206000001 -118.3100862,34.5437308 -118.3079231,34.5451231000001 -118.3094929,34.54715 -118.3113426,34.5473695000001 -118.3111273,34.5480963000001 -118.3128244,34.5492331 -118.3143923,34.5525898000001 -118.3167417,34.5522315000001 -118.3161418,34.5536546000001 -118.3172985,34.5546602000001 -118.3171522,34.5555333 -118.3155535,34.5571737000001 -118.3159725,34.5564172000001 -118.3156799,34.5552490000001 -118.314242,34.5571742000001 -118.3159818,34.5589541000001 -118.3162643,34.5611548000001 -118.3176394,34.5623427 -118.3206873,34.5601336</coordinates></LineString><LineString><coordinates>-118.320687301,34.5601336 -118.3226892,34.5621824 -118.3222496,34.5631128000001 -118.3238252,34.5638208 -118.3232322,34.5646692 -118.3237228,34.5652596 -118.3270328,34.5654397000001 -118.327956,34.5660958 -118.3264258,34.5656841000001 -118.320397,34.5665661 -118.3191734,34.5675430000001 -118.3187604,34.5691091</coordinates></LineString><LineString><coordinates>-118.3187604,34.569109102 -118.316381,34.5694054000001 -118.3156212,34.5712978 -118.3173481,34.5727411</coordinates></LineString><LineString><coordinates>-118.3173481,34.5727411010001 -118.3179753,34.5741113 -118.3198613,34.5739735000001 -118.3208613,34.5762863 -118.3304527,34.5773351 -118.3282837,34.5781217000001 -118.3280477,34.5793268 -118.3266665,34.5796394000001 -118.325581,34.5814696 -118.3233898,34.5806602000001 -118.3231297,34.5825313 -118.3223228,34.5824003000001 -118.3224255,34.5830488 -118.3207797,34.5840764000001 -118.3223051,34.5844569000001 -118.3215239,34.5858013000001 -118.3219837,34.587659 -118.3238633,34.5888428000001 -118.3248294,34.5880060000001 -118.326998,34.5887558000001 -118.3278541,34.5904262 -118.3292943,34.5894827000001 -118.3302694,34.5906337000001 -118.3312707,34.5906239 -118.3320615,34.5891133000001 -118.3338732,34.5909097000001 -118.3350316,34.5910586000001 -118.3349271,34.5895562000001 -118.3361397,34.5881161 -118.337328,34.5880274 -118.3378639,34.5895421000001 -118.3373638,34.5913332000001 -118.3385981,34.5938934000001 -118.3374191,34.5944164000001 -118.3383257,34.5954459000001 -118.3383725,34.5974169 -118.3404394,34.5984914000001 -118.3405686,34.5994952 -118.3420237,34.5997759000001 -118.3424861,34.6009681 -118.3454685,34.6014323000001 -118.3454722,34.6005733000001 -118.3467433,34.5997188000001 -118.348923,34.6037533000001 -118.3517457,34.6032255000001 -118.3538028,34.6037682 -118.3542144,34.6049089000001 -118.3533747,34.6041184000001 -118.3520042,34.6043533000001</coordinates></LineString><LineString><coordinates>-118.352004201,34.6043533000001 -118.3518962,34.6056636000001 -118.3508463,34.6054085000001 -118.3484034,34.6067717 -118.3484404,34.607217 -118.3526114,34.6068996000001 -118.3549528,34.6080838 -118.3605743,34.6083782000001 -118.3611091,34.6091858 -118.3651593,34.6101297000001 -118.3644741,34.6111719 -118.3649742,34.6114078000001 -118.367723,34.6108533 -118.3674252,34.61281 -118.369303,34.6116499 -118.3699817,34.6126028 -118.3706959,34.6117043 -118.3710257,34.6133809 -118.3727549,34.6107975 -118.3741416,34.6114447 -118.3760245,34.6099376 -118.3767664,34.6131494000001 -118.3792275,34.6120608000001 -118.3800345,34.6130371 -118.3815287,34.6127834000001 -118.3790334,34.6150986000001</coordinates></LineString><LineString><coordinates>-118.3790334,34.6150986010001 -118.3764694,34.6181364 -118.3748101,34.6184619000001 -118.3744706,34.6196997000001 -118.3724604,34.620057 -118.373316,34.6206472000001 -118.3730218,34.6211772 -118.3743577,34.6212566 -118.3740344,34.6226862 -118.3763772,34.6224403000001 -118.3776039,34.6240535000001 -118.3786565,34.6235273 -118.3791055,34.6243725 -118.3769272,34.6268509000001 -118.3797488,34.6272443 -118.3801191,34.6279027 -118.3812418,34.6275115 -118.3810779,34.6300703000001 -118.3841884,34.6299094 -118.3839086,34.6288016</coordinates></LineString><LineString><coordinates>-118.383908601,34.6288016 -118.3855591,34.6280867 -118.3855157,34.6270755 -118.386437,34.6275859 -118.3870479,34.6261217000001 -118.3888265,34.6260144</coordinates></LineString><LineString><coordinates>-118.3888265,34.626014399 -118.389636,34.6249269 -118.3930308,34.6265281 -118.3916743,34.6280842 -118.3914894,34.6300146 -118.388176,34.6307715 -118.390169,34.6323137000001 -118.3897378,34.6343614 -118.391980883,34.634794621 -118.393361382,34.6362167780001 -118.39364117,34.6352370180001 -118.393718954,34.635904888 -118.394434098,34.634855809 -118.396288762,34.634678783 -118.397339685,34.6357061530001 -118.397081019,34.6381441130001 -118.398199584,34.6379925680001 -118.39891674,34.6398292110001 -118.403618233,34.6394461580001 -118.407063028,34.6446427700001 -118.408895563,34.6448052120001 -118.408109676,34.645555057 -118.408383764,34.646537332 -118.413015855,34.647675678 -118.413478285,34.6462396900001 -118.416606076,34.648242462 -118.417898566,34.6476658710001 -118.421119899,34.6480800210001</coordinates></LineString><LineString><coordinates>-118.4211199,34.6480800210001 -118.424424045,34.6475114770001 -118.425589968,34.646207755 -118.428118369,34.6469376520001 -118.430123068,34.645596547 -118.430083757,34.646326108 -118.431348335,34.6465485640001 -118.434215784,34.646156626</coordinates></LineString><LineString><coordinates>-118.434215789,34.6461566290001 -118.43945263,34.6470773780001 -118.439040994,34.647769555 -118.440527525,34.6491314470001 -118.441982623,34.6478667860001 -118.443152653,34.649703763</coordinates></LineString><LineString><coordinates>-118.443152657,34.6497037660001 -118.446185729,34.651251733 -118.445911556,34.6522745770001 -118.447075551,34.651930835 -118.447535131,34.652925264 -118.448349517,34.652212048 -118.448608434,34.653146211 -118.449953562,34.6526621560001 -118.449471099,34.653370427 -118.45089552,34.6530046410001 -118.451031474,34.653792288 -118.451744439,34.6532783100001 -118.453231808,34.654395198 -118.452667538,34.655149486 -118.454195643,34.6549404410001 -118.454485992,34.6555939780001 -118.455990544,34.654930215 -118.455882501,34.6557482050001 -118.457934307,34.6560519650001 -118.457363835,34.656542055 -118.457836742,34.657053519 -118.459244985,34.65658254 -118.460934442,34.6588017330001 -118.460761607,34.6607366110001 -118.462651139,34.6617002790001 -118.462015623,34.6621918770001 -118.462347211,34.662990505 -118.462445699,34.6623300950001 -118.464536062,34.661863307 -118.464020574,34.660530668 -118.464593226,34.6605825520001 -118.465256067,34.6620850080001 -118.464112105,34.66302311 -118.465914968,34.6642363070001 -118.465125309,34.665459981 -118.466668837,34.6658930740001 -118.465802819,34.6662920530001 -118.468500199,34.669870539 -118.469851781,34.670124678 -118.469253229,34.6704159490001 -118.4695129,34.6708280030001 -118.471291205,34.6691826360001 -118.471709378,34.670228362 -118.472975716,34.6697433850001 -118.472900279,34.670969406 -118.474882264,34.6705247460001 -118.475722717,34.671668541 -118.47644222,34.6713822150001 -118.47829001,34.6726773030001</coordinates></LineString><LineString><coordinates>-118.478290013,34.6726773030001 -118.481976204,34.6742521790001 -118.485192675,34.674112033 -118.489085818,34.675315842 -118.48860654,34.6762541960001 -118.489679927,34.675817415 -118.491382292,34.6779326720001 -118.493772475,34.678775473 -118.49468627,34.68323959 -118.495695451,34.6826500070001 -118.496127371,34.683786593 -118.497132612,34.683462214 -118.497896623,34.684717236 -118.499163631,34.6835566780001 -118.502003085,34.683785755 -118.503182167,34.685199782 -118.502642373,34.686143417 -118.504391173,34.6878116670001 -118.510502335,34.686935507 -118.512548441,34.688489093 -118.518777452,34.687757688 -118.520579729,34.6891899870001 -118.521128241,34.688137639 -118.520227773,34.687891714 -118.521306859,34.6871494970001 -118.523690589,34.688559836 -118.52497763,34.688212322 -118.526805304,34.6891574650001 -118.529219208,34.6881455180001 -118.531249976,34.6847961940001 -118.532332247,34.6880889400001 -118.534066631,34.688036889 -118.534943881,34.68641323 -118.536850261,34.687323002 -118.538139733,34.686720762 -118.539218986,34.6871860420001 -118.540336629,34.686247855 -118.540717,34.687550319 -118.541791644,34.6863400560001 -118.543029903,34.687154777 -118.547043828,34.686943302 -118.548303042,34.688383732 -118.546037162,34.689864647 -118.546153838,34.690811131 -118.550334563,34.6919066460001 -118.55439241,34.6915269460001 -118.554602796,34.6931158190001 -118.556546057,34.6943788880001 -118.558105426,34.694213765 -118.558589648,34.6958138700001 -118.561716266,34.6961618030001 -118.562755287,34.6975985450001 -118.569148667,34.700762378 -118.568673916,34.701951519 -118.5703249,34.7037770970001 -118.572833687,34.7041101940001 -118.57420329,34.702965142 -118.576633958,34.7033761910001 -118.578661038,34.7021510920001 -118.580031479,34.702726426 -118.580367677,34.7044018 -118.579218769,34.7043893110001 -118.581369901,34.7062943500001 -118.582747215,34.7064506730001</coordinates></LineString><LineString><coordinates>-118.582747216,34.7064506730001 -118.583792858,34.7069769730001 -118.58505995,34.7063928380001 -118.587580388,34.7089344820001 -118.589371433,34.708761312 -118.591033146,34.7071933930001 -118.592208624,34.708039882 -118.591721216,34.708978152 -118.592707179,34.709244529</coordinates></LineString><LineString><coordinates>-118.592707186,34.7092445320001 -118.595603043,34.709972581 -118.596371328,34.7093891170001 -118.595397351,34.7084076800001 -118.59777756,34.7076536440001 -118.600264722,34.7047531700001 -118.603160167,34.7058448290001 -118.604253586,34.7051797250001 -118.606936801,34.7064911570001 -118.609353974,34.7050301080001 -118.60878191,34.7027212290001 -118.61103287,34.703605687 -118.611860415,34.702628357 -118.614581767,34.7028143520001 -118.616644051,34.7043661770001 -118.619409828,34.704148751 -118.619847698,34.706374146 -118.621097691,34.7064774950001 -118.62081782,34.708256051 -118.623205153,34.7083457370001 -118.623274388,34.7097607700001 -118.624711046,34.7100554780001 -118.624561764,34.710846562 -118.62616715,34.7105156440001</coordinates></LineString><LineString><coordinates>-118.626167151,34.7105156440001 -118.625786193,34.7117861730001 -118.627073904,34.7121056080001 -118.628230272,34.7104308200001 -118.629585123,34.7113845120001 -118.630332956,34.7106847910001 -118.631592588,34.7119953860001 -118.633155394,34.7113115060001 -118.636371531,34.7144617610001 -118.639800567,34.715901855 -118.64134049,34.7142146620001 -118.643075377,34.713692972 -118.645187868,34.7160987460001 -118.645840567,34.7135369010001 -118.646560069,34.7132982690001 -118.647296168,34.7146666140001 -118.649165248,34.7132229150001 -118.649902856,34.7142780290001 -118.651752658,34.7126469950001 -118.653015476,34.712798875 -118.652907098,34.713874608 -118.654326322,34.7145060170001 -118.653187975,34.7172414510001 -118.654225236,34.722363967 -118.660537647,34.727276433 -118.661175007,34.7267900310001 -118.660290046,34.732231144 -118.659032676,34.732989036 -118.660906283,34.7335827260001 -118.659831388,34.733781209</coordinates></LineString><LineString><coordinates>-118.659831383,34.7337812100001 -118.658165149,34.7339959540001 -118.657761896,34.733416764 -118.656313838,34.733986063 -118.656526236,34.734563576 -118.655677568,34.7341069300001 -118.659912106,34.736768603 -118.655107012,34.7361827080001 -118.656403525,34.7364966110001 -118.656316856,34.737622468 -118.657850996,34.7388726290001 -118.652176782,34.7363847120001 -118.648669627,34.7369756360001 -118.643427668,34.7355982380001 -118.641604604,34.735998474 -118.642751668,34.737555329 -118.642428797,34.7384796850001 -118.640351929,34.7395589390001 -118.640979314,34.7409080900001 -118.64053214,34.7434513270001 -118.641699068,34.745153524 -118.640972776,34.745119996 -118.641805267,34.7459469550001 -118.641256923,34.747744203 -118.642177591,34.7480142680001 -118.641728237,34.748962093 -118.642476909,34.7505593490001 -118.641420538,34.751117332 -118.641087525,34.752652477 -118.637567544,34.7530278190001 -118.637944562,34.7538717090001 -118.636717284,34.753658473 -118.636168689,34.754464393 -118.634847952,34.753924431 -118.635099493,34.753462169 -118.633549344,34.753156817 -118.632892622,34.7541200650001 -118.631680096,34.753174754 -118.630480645,34.754708642 -118.629422598,34.752704361 -118.62816724,34.7535686190001 -118.62578175,34.7528331070001 -118.625371372,34.754254175 -118.623545291,34.753969694 -118.62392541,34.753513802 -118.622360509,34.7526327800001 -118.620337537,34.7537180690001 -118.620094294,34.752981886 -118.618480107,34.753628969 -118.618023796,34.752718443 -118.616031501,34.752849871 -118.613147456,34.7540453820001 -118.612163253,34.753621342 -118.612797931,34.75502992 -118.610125612,34.7555199270001 -118.608174641,34.7569708340001 -118.607806843,34.758344628 -118.610063083,34.761066316 -118.609817745,34.762593415 -118.610533895,34.7636166770001 -118.607880771,34.7648214920001 -118.609272419,34.7646152130001 -118.60775915,34.76648421 -118.60781556,34.7756031340001 -118.6070752,34.7758658000001 -118.6078035,34.7760448000001 -118.6078204,34.7881017 -118.5902342,34.7877294 -118.5898366,34.7883826 -118.5869426,34.7878118 -118.586945,34.7975885000001</coordinates></LineString></MultiGeometry>
  </Placemark>
  <Placemark id="simplified.30">
	<Style><LineStyle><color>ff0000ff</color></LineStyle><PolyStyle><fill>0</fill></PolyStyle></Style>
	<ExtendedData><SchemaData schemaUrl="#simplified">
		<SimpleData name="OBJECTID">30</SimpleData>
		<SimpleData name="Section_Name">CA Section E</SimpleData>
		<SimpleData name="Shape_Length">0.64826743092778</SimpleData>
		<SimpleData name="FolderPath">Track/1 - Southern California/CA Section E</SimpleData>
		<SimpleData name="Region">Southern California</SimpleData>
	</SchemaData></ExtendedData>
      <MultiGeometry><LineString><coordinates>-118.586945,34.7975885010001 -118.5876808,34.8339073000001 -118.5805521,34.8361699000001</coordinates></LineString><LineString><coordinates>-118.580552099,34.8361699000001 -118.5780458,34.8371290000001 -118.5764857,34.8362922000001 -118.5726326,34.8371911 -118.5610663,34.841263 -118.5564078,34.8443493 -118.5535434,34.8494603 -118.5443814,34.8509081 -118.5367654,34.8499028000001</coordinates></LineString><LineString><coordinates>-118.536765399,34.849902801 -118.5282377,34.8539164000001 -118.5210995,34.8542570000001</coordinates></LineString><LineString><coordinates>-118.521099498,34.8542570000001 -118.5177775,34.8544991000001 -118.51767,34.8566908 -118.5162126,34.8576371 -118.5098421,34.8562453000001 -118.5075429,34.8568129000001</coordinates></LineString><LineString><coordinates>-118.507542897,34.8568129000001 -118.5017263,34.8570429000001 -118.4991865,34.8559980000001</coordinates></LineString><LineString><coordinates>-118.499186499,34.8559980000001 -118.4953344,34.8555417000001 -118.4920073,34.853122 -118.4873547,34.8518352 -118.4767689,34.8534951 -118.4588758,34.8591524 -118.4490307,34.8711553000001</coordinates></LineString><LineString><coordinates>-118.449030699,34.871155301 -118.4464369,34.8749661000001 -118.4506302,34.8798088 -118.4526645,34.8810161000001 -118.4471748,34.8848981 -118.4474459,34.8904285 -118.4508079,34.8936013000001 -118.4517217,34.8960955000001 -118.4559279,34.8977090000001 -118.4552971,34.8999882000001 -118.4609742,34.9026155</coordinates></LineString><LineString><coordinates>-118.460974202,34.9026155010001 -118.4627847,34.9057887000001 -118.4669531,34.9062163 -118.4672852,34.9202939</coordinates></LineString><LineString><coordinates>-118.4672852,34.920293901 -118.4720577,34.9385394 -118.4715923,34.9614444000001 -118.4733295,34.9608047 -118.4734228,34.9614316 -118.4713964,34.9652993 -118.4719928,34.9666521 -118.4709773,34.9690668000001 -118.4708899,34.9736426000001 -118.4688117,34.9759246 -118.4691713,34.9785184 -118.4685834,34.979457 -118.4668979,34.9777742000001 -118.4649459,34.9771984000001 -118.464109,34.9737386 -118.4632979,34.9746601000001 -118.4634571,34.9758580000001 -118.4625085,34.9761853000001 -118.4628897,34.977627 -118.4614298,34.9771250000001 -118.4602378,34.9754762000001 -118.4594052,34.9770983000001 -118.4597594,34.9781741 -118.4582293,34.9772985000001 -118.4562741,34.9783473000001 -118.4551775,34.9780524 -118.4557718,34.9773718000001 -118.4539512,34.9777011</coordinates></LineString><LineString><coordinates>-118.453951199,34.9777011 -118.453573,34.9769662 -118.4550922,34.9753544000001 -118.4524881,34.9747528 -118.4511486,34.9735717 -118.4502418,34.9739808 -118.4506948,34.9712493000001 -118.4482282,34.9706624 -118.4480628,34.9723411000001 -118.446495,34.9737191 -118.4465914,34.9724983 -118.4457711,34.9730045000001 -118.4455596,34.9744250000001 -118.4431172,34.9728938000001 -118.4440668,34.9738551 -118.4442162,34.9748768000001 -118.4438526,34.9752204000001 -118.4433178,34.9739385 -118.443509,34.9748339000001 -118.4420629,34.9741566000001 -118.4399588,34.9743950000001 -118.4414929,34.9749224 -118.4416466,34.9751545 -118.4387221,34.9747677 -118.4404303,34.9761572 -118.4387877,34.9761676000001 -118.4374271,34.9781552000001 -118.4399899,34.9808632 -118.4386626,34.9804664000001 -118.4378405,34.9807334000001 -118.4391342,34.9811556000001 -118.438525,34.9823072</coordinates></LineString><LineString><coordinates>-118.438524999,34.982307201 -118.4359401,34.9841624000001 -118.4373358,34.9864429 -118.4358882,34.9865527000001 -118.4359679,34.9881683 -118.4365825,34.9869696000001 -118.4390311,34.9881161000001 -118.4400882,34.9875505000001 -118.4406108,34.988305 -118.4376913,34.9891489 -118.4331935,34.9929981000001 -118.4325181,34.9939726000001 -118.4330616,34.9980458000001</coordinates></LineString><LineString><coordinates>-118.4330616,34.998045801 -118.4313293,34.9994615000001 -118.4329886,35.0014321 -118.4319921,35.0027636 -118.4323306,35.003431 -118.4297775,35.0046236000001 -118.4271539,35.0083512 -118.4254069,35.0086182000001 -118.4242402,35.0098185000001 -118.4225189,35.0096183000001 -118.4223157,35.0089848000001 -118.4206666,35.0111375000001 -118.4185997,35.0106088000001 -118.4176957,35.0083271 -118.4161281,35.0071348000001 -118.4113308,35.0090531000001 -118.4093465,35.0090334000001 -118.410613,35.0149862000001 -118.4084117,35.0144664000001 -118.4090167,35.0155024000001 -118.4078414,35.0169138000001 -118.4091022,35.0168404 -118.410185,35.0177923000001 -118.4091764,35.0175257000001 -118.4074955,35.0188848 -118.404647,35.0179002 -118.4041128,35.0194040000001 -118.3995563,35.0194309 -118.3986018,35.0215541000001 -118.3976755,35.0216649000001 -118.3980503,35.0236526 -118.3968157,35.0239984 -118.3961465,35.0229430000001 -118.3950719,35.0229350000001 -118.3934488,35.02313 -118.3926002,35.0242103 -118.3904864,35.0242009 -118.390517,35.0257179000001 -118.3889148,35.0259811 -118.3894773,35.0275792 -118.3880251,35.0278327 -118.3878731,35.0288864 -118.3860474,35.0288867 -118.3868047,35.0308353 -118.3853164,35.0317000000001 -118.3851476,35.0298619000001 -118.3827016,35.0305597 -118.3821686,35.0331929000001 -118.3803107,35.0343140000001 -118.3812051,35.0364723000001 -118.3794834,35.03623 -118.3794201,35.0374549000001 -118.3745233,35.0392945 -118.3737655,35.0403466000001 -118.3728966,35.0392763 -118.3732598,35.0409662000001 -118.3723553,35.0403610000001 -118.3735399,35.0418834000001 -118.3696237,35.0432555 -118.3686295,35.0422125000001 -118.3663532,35.0444365000001 -118.3636742,35.0447515000001 -118.3633044,35.0459153 -118.3618106,35.0466491 -118.3617887,35.0479149000001 -118.3565246,35.0496901000001 -118.3562074,35.0502762 -118.3588854,35.051967 -118.3537504,35.0532221 -118.3525519,35.0588849000001 -118.3462197,35.0600998 -118.34584,35.0635844 -118.347012,35.0646452 -118.3469518,35.0671805000001 -118.3447893,35.0677706000001 -118.3365069,35.0674291 -118.3329803,35.0690865</coordinates></LineString></MultiGeometry>
  </Placemark>
  <Placemark id="simplified.31">
	<Style><LineStyle><color>ff0000ff</color></LineStyle><PolyStyle><fill>0</fill></PolyStyle></Style>
	<ExtendedData><SchemaData schemaUrl="#simplified">
		<SimpleData name="OBJECTID">31</SimpleData>
		<SimpleData name="Section_Name">CA Section E</SimpleData>
		<SimpleData name="Shape_Length">0.0886407767864726</SimpleData>
		<SimpleData name="FolderPath">Track/1 - Southern California/CA Section E</SimpleData>
		<SimpleData name="Region">Southern California</SimpleData>
	</SchemaData></ExtendedData>
      <MultiGeometry><LineString><coordinates>-118.332980299,35.0690865010001 -118.3302145,35.0710348000001 -118.3290151,35.0709116 -118.3288892,35.0693147000001 -118.3269319,35.0695449 -118.3267473,35.070213 -118.3256501,35.0697634000001 -118.3245631,35.0707171 -118.3243861,35.0722498000001 -118.3207911,35.074873 -118.3177341,35.0765644000001 -118.315069,35.0766497000001 -118.3137125,35.0782424000001 -118.3101481,35.0798144</coordinates></LineString><LineString><coordinates>-118.3101481,35.0798144010001 -118.3103937,35.0817563000001 -118.3076788,35.0830740000001 -118.3087982,35.0845087000001 -118.3068753,35.084322 -118.3092009,35.0856597000001 -118.3077234,35.0853786000001 -118.3072308,35.0867429 -118.3080617,35.086438 -118.3097229,35.0875843000001 -118.3066647,35.0880104 -118.3079487,35.0887695000001 -118.3064789,35.0885519 -118.3067906,35.0889651000001 -118.3082653,35.0898703 -118.3072653,35.0905059</coordinates></LineString><LineString><coordinates>-118.307265301,35.0905059 -118.3096856,35.0909395 -118.3053354,35.0943268</coordinates></LineString><LineString><coordinates>-118.3053354,35.0943268010001 -118.3046603,35.096456 -118.2933165,35.0987103000001 -118.292786423,35.100080017</coordinates></LineString></MultiGeometry>
  </Placemark>
  <Placemark id="simplified.32">
	<Style><LineStyle><color>ff0000ff</color></LineStyle><PolyStyle><fill>0</fill></PolyStyle></Style>
	<ExtendedData><SchemaData schemaUrl="#simplified">
		<SimpleData name="OBJECTID">32</SimpleData>
		<SimpleData name="Section_Name">OR Section C</SimpleData>
		<SimpleData name="Shape_Length">0.374007131404118</SimpleData>
		<SimpleData name="FolderPath">Track/4 - Oregon/OR Section C</SimpleData>
		<SimpleData name="Region">Oregon</SimpleData>
	</SchemaData></ExtendedData>
      <LineString><coordinates>-122.2927459,42.3815927000001 -122.2922464,42.3817858 -122.2928289,42.3825784000001 -122.2893907,42.3848386000001 -122.2891611,42.3861279000001 -122.2873339,42.3864591 -122.2877347,42.3875962000001 -122.2869332,42.3875006000001 -122.2865412,42.3886683000001 -122.2853006,42.3892527 -122.2874784,42.3921378000001 -122.2909202,42.3944358000001 -122.291456982,42.395874029 -122.2875734,42.3975907000001 -122.2858331,42.3992027 -122.2814841,42.4001644000001 -122.2815919,42.4014080000001 -122.2794578,42.4028500000001 -122.2799789,42.4043692000001 -122.275832,42.4080974 -122.275529,42.4102126000001 -122.2736782,42.4123299 -122.2721497,42.4126459 -122.2737281,42.4148788000001 -122.2733177,42.4155528000001 -122.2747263,42.4165346 -122.2746799,42.4186181000001 -122.2731933,42.4191875000001 -122.272714,42.4204116000001 -122.2736413,42.4236768000001 -122.271807035,42.424053987 -122.2714279,42.4269472 -122.2681426,42.4277484 -122.2650254,42.4303691000001 -122.2615802,42.4316106000001 -122.268878,42.4332251000001 -122.2775621,42.4397072 -122.2783329,42.4412320000001 -122.2731957,42.4434207 -122.2730307,42.4460072000001 -122.2702722,42.4470495 -122.26955,42.4484122000001 -122.2701272,42.4509461000001 -122.2658232,42.4527854 -122.2685961,42.4538639 -122.2679774,42.4574742 -122.2706152,42.4613145000001 -122.2719949,42.4617905000001 -122.278455,42.4679904000001 -122.2784306,42.4702415 -122.2802602,42.4716193 -122.2789531,42.4738494000001 -122.2806644,42.4765441000001 -122.2794127,42.4791247000001 -122.2801034,42.4811633 -122.2791207,42.4873877000001 -122.2794636,42.4908462000001 -122.2758544,42.4898075 -122.2735249,42.4904889000001 -122.2686868,42.4942038 -122.2575526,42.4991659 -122.25703,42.4999946 -122.2576453,42.5027271000001 -122.2526141,42.5054213000001 -122.2492723,42.5082925 -122.2467321,42.5084491000001 -122.2428207,42.5044208 -122.2398596,42.5070854000001 -122.2358257,42.5087244000001 -122.2327188,42.5126361000001 -122.2300757,42.5142723000001 -122.228663,42.5175504000001 -122.2313116,42.5217779000001 -122.2315466,42.5254936000001 -122.2337553,42.527659 -122.2341896,42.531931 -122.2337682,42.5346079 -122.2313696,42.5375522000001 -122.2309034,42.5425718000001 -122.2314693,42.5445138000001 -122.2290816,42.5468544 -122.2294283,42.5487934000001 -122.2284155,42.5504325000001 -122.2266235,42.5508721 -122.2183954,42.5583052000001 -122.2193958,42.5604025000001 -122.2190731,42.5620827000001 -122.2215874,42.5672896 -122.2211725,42.5682544000001 -122.2222222,42.5704242 -122.221551,42.5718682 -122.2256799,42.5784540000001 -122.2280022,42.5777099000001 -122.2270033,42.5799319000001 -122.2289656,42.5833062 -122.226821,42.5850002 -122.226826,42.5861963 -122.2250999,42.5855029000001 -122.2254612,42.5867859000001 -122.2245781,42.5868631000001 -122.2241045,42.5880154000001 -122.2245131,42.5897200000001 -122.2239888,42.5899668000001 -122.2247094,42.5901660000001 -122.2215572,42.5913644 -122.2185015,42.5942093 -122.2146458,42.5956393000001 -122.2147086,42.598038 -122.2137141,42.5999051000001</coordinates></LineString>
  </Placemark>
  <Placemark id="simplified.33">
	<Style><LineStyle><color>ff0000ff</color></LineStyle><PolyStyle><fill>0</fill></PolyStyle></Style>
	<ExtendedData><SchemaData schemaUrl="#simplified">
		<SimpleData name="OBJECTID">33</SimpleData>
		<SimpleData name="Section_Name">OR Section C</SimpleData>
		<SimpleData name="Shape_Length">0.391535641879324</SimpleData>
		<SimpleData name="FolderPath">Track/4 - Oregon/OR Section C</SimpleData>
		<SimpleData name="Region">Oregon</SimpleData>
	</SchemaData></ExtendedData>
      <LineString><coordinates>-122.2137141,42.5999051000001 -122.2158814,42.6029532000001 -122.2145199,42.605604 -122.2171632,42.6074833000001 -122.2177948,42.6121038000001 -122.2163703,42.6181558000001 -122.2143224,42.6193270000001 -122.2150371,42.6206345000001 -122.2140888,42.6221068 -122.2148925,42.6235711 -122.2142551,42.6246152000001 -122.2155409,42.6251756 -122.2149907,42.6257406 -122.2183592,42.6303497000001 -122.2231285,42.6324139000001 -122.2235657,42.6360433 -122.2208839,42.6390512 -122.2149709,42.6415940000001 -122.2117505,42.6420523 -122.2122633,42.6427607000001 -122.210531,42.6425004000001 -122.2115209,42.643514 -122.2102829,42.6436367000001 -122.2111064,42.6440043000001 -122.2109293,42.645023 -122.2094996,42.6443537000001 -122.2074,42.6464274000001 -122.207399,42.6493213000001 -122.2046841,42.6514517000001 -122.2051764,42.6535620000001 -122.2043186,42.6551004 -122.2055617,42.6547288 -122.2062997,42.655488 -122.2060897,42.6579982000001 -122.2093168,42.6545436000001 -122.2123318,42.6551049 -122.2137761,42.6569699 -122.2117496,42.6576313 -122.2107429,42.6606637 -122.2088457,42.6616171000001 -122.2093585,42.6628306000001 -122.2078038,42.6650113000001 -122.2021416,42.6663891000001 -122.2014827,42.668325 -122.1978685,42.6716551000001 -122.197525,42.6735248000001 -122.1951123,42.675397 -122.1808139,42.6774822 -122.1721315,42.6822838000001 -122.1720393,42.6843467 -122.1709834,42.6860647 -122.1739418,42.6931315 -122.1778033,42.6955442 -122.1793499,42.6978016 -122.1791841,42.6994015000001 -122.1805982,42.7013286000001 -122.1801881,42.7027032 -122.1858182,42.7065733000001 -122.186065,42.7075971 -122.1913448,42.7115682 -122.1921153,42.7130252000001 -122.192341,42.7154794 -122.1914584,42.7161014000001 -122.1909373,42.7198749 -122.1909795,42.7216224000001 -122.1923282,42.7226158 -122.1922806,42.7235997000001 -122.1897237,42.7263973 -122.1906333,42.7282655000001 -122.1919942,42.7290718 -122.1913516,42.7308391 -122.1920131,42.7318959 -122.1907255,42.7325214000001 -122.1948072,42.7342830000001 -122.1956144,42.7355508000001 -122.195355,42.7377068000001 -122.1921485,42.7397636000001 -122.1936895,42.7422044 -122.1928715,42.7435400000001 -122.1931869,42.7449723 -122.1954096,42.7474587 -122.1948458,42.7493716000001 -122.1953903,42.75116 -122.1942752,42.7542275000001 -122.1967367,42.7568894 -122.1949051,42.7585510000001 -122.1949765,42.7594991 -122.1914488,42.7613238000001 -122.1913214,42.7702523 -122.1900601,42.7703011 -122.1896782,42.773064 -122.1874455,42.7765721000001 -122.1797737,42.7766319 -122.1773591,42.7785082 -122.1763402,42.7823232000001 -122.1729499,42.7838585000001 -122.1746332,42.7857338000001 -122.1731083,42.7880856 -122.1756936,42.7942612000001 -122.1750977,42.7973639000001 -122.1756084,42.7981737000001 -122.1743675,42.8000953000001 -122.175886,42.8013713 -122.1752571,42.8046525 -122.1766825,42.8067837 -122.1770782,42.8096065 -122.1764768,42.8109397000001 -122.1784448,42.8126386000001 -122.1796545,42.8149314 -122.1793971,42.8162956 -122.1812813,42.8163012000001 -122.1824372,42.8172833 -122.1794211,42.8190269 -122.180746,42.8194262000001 -122.1834039,42.825743 -122.1825857,42.8290376 -122.184386,42.8313719000001 -122.1885979,42.8329885000001 -122.1928379,42.8388246000001</coordinates></LineString>
  </Placemark>
  <Placemark id="simplified.34">
	<Style><LineStyle><color>ff0000ff</color></LineStyle><PolyStyle><fill>0</fill></PolyStyle></Style>
	<ExtendedData><SchemaData schemaUrl="#simplified">
		<SimpleData name="OBJECTID">34</SimpleData>
		<SimpleData name="Section_Name">OR Section C</SimpleData>
		<SimpleData name="Shape_Length">0.480830295607097</SimpleData>
		<SimpleData name="FolderPath">Track/4 - Oregon/OR Section C</SimpleData>
		<SimpleData name="Region">Oregon</SimpleData>
	</SchemaData></ExtendedData>
      <LineString><coordinates>-122.1928379,42.8388246000001 -122.1951569,42.8409401000001 -122.1934628,42.8449124000001 -122.1949774,42.8523353 -122.1933576,42.8581595000001 -122.1839809,42.8645017000001 -122.1820058,42.8684993000001 -122.1808286,42.8689665000001 -122.180518974,42.8714330400001 -122.174600009,42.8746220190001 -122.174714003,42.8772400230001 -122.173854019,42.879492994 -122.1685226,42.8812748 -122.1684347,42.882211 -122.1655201,42.8840503000001 -122.1667694,42.8854804000001 -122.1641625,42.8880204000001 -122.1647695,42.8887426000001 -122.1669765,42.8887879000001 -122.1682963,42.8907062000001 -122.1703777,42.8917485000001 -122.1751833,42.891083 -122.1776506,42.8917339000001 -122.183439,42.8966675 -122.1826481,42.9005376000001 -122.1926624,42.9016933 -122.1968971,42.9051073000001 -122.204658,42.9063807000001 -122.204937,42.9079325000001 -122.2033516,42.9096430000001 -122.2053068,42.9107045000001 -122.2037578,42.9135004 -122.2051037,42.9166608 -122.2094451,42.9187111000001 -122.2118526,42.9224089000001 -122.2157616,42.9251976 -122.2204501,42.9271038000001 -122.2209302,42.9292516 -122.2200575,42.930077 -122.2213774,42.9311517 -122.2200615,42.9332979000001 -122.220588,42.9341794000001 -122.2232256,42.9358121000001 -122.2235391,42.9369397 -122.2267903,42.9399014000001 -122.2354913,42.9407846 -122.2353055,42.9427555 -122.2327056,42.9443848000001 -122.2320924,42.9465778000001 -122.233177,42.9520271000001 -122.2289123,42.9534061000001 -122.2267048,42.9565007 -122.2278573,42.9593448000001 -122.2235934,42.9636399 -122.224105,42.9646401000001 -122.2232849,42.9658587000001 -122.2228177,42.9709847 -122.225653,42.9723136000001 -122.227694,42.9719722 -122.2282233,42.9725555000001 -122.2277424,42.9755754 -122.224548,42.9773861 -122.2245439,42.9793565000001 -122.2227879,42.9804279000001 -122.2251688,42.9814309000001 -122.2229426,42.9838406000001 -122.2230141,42.985195 -122.2114972,42.9873836 -122.2076965,42.9867805000001 -122.204541,42.9872527000001 -122.1933567,42.9933960000001 -122.1876442,42.9938642000001 -122.1874105,42.9956922000001 -122.1896191,42.9965040000001 -122.1893216,43.0014106 -122.181164,43.0023170000001 -122.1760313,43.0045335 -122.1744889,43.0065881 -122.1670774,43.0046809 -122.1628645,43.0054649 -122.1618849,43.0044878 -122.15854,43.0040053000001 -122.1506113,43.0001672000001 -122.1436323,42.9991703000001 -122.141236,42.9963141000001 -122.1383927,42.9954826000001 -122.133567,42.9962321 -122.1332657,43.0002328 -122.1310857,43.0051167 -122.1253817,43.0106223000001 -122.116054,43.0141122000001 -122.1108,43.0188118 -122.107242,43.0243959000001 -122.104209,43.023466 -122.0945756,43.028125 -122.0882739,43.0360633000001 -122.1063596,43.0510914000001 -122.1075085,43.0592034000001 -122.1071713,43.0617131000001 -122.1079081,43.0628088 -122.1074023,43.0675781 -122.1046526,43.0680924000001 -122.1025601,43.0701460000001</coordinates></LineString>
  </Placemark>
  <Placemark id="simplified.35">
	<Style><LineStyle><color>ff0000ff</color></LineStyle><PolyStyle><fill>0</fill></PolyStyle></Style>
	<ExtendedData><SchemaData schemaUrl="#simplified">
		<SimpleData name="OBJECTID">35</SimpleData>
		<SimpleData name="Section_Name">CA Section D</SimpleData>
		<SimpleData name="Shape_Length">0.47634216052279</SimpleData>
		<SimpleData name="FolderPath">Track/1 - Southern California/CA Section D</SimpleData>
		<SimpleData name="Region">Southern California</SimpleData>
	</SchemaData></ExtendedData>
      <LineString><coordinates>-117.465203404,34.3046410100001 -117.464574007,34.3036470000001 -117.4677682,34.3038783000001 -117.4675108,34.3013955000001 -117.468775,34.2997776 -117.4700149,34.2995343000001 -117.4679843,34.2979661000001 -117.4692749,34.2971045 -117.4692062,34.2957787 -117.4710794,34.2961493 -117.4733964,34.2934709 -117.4770813,34.2938187 -117.4775912,34.29227 -117.4784046,34.2927923 -117.4774566,34.2907071000001 -117.4784801,34.2904181000001 -117.4790874,34.2883785000001 -117.4845133,34.2899912 -117.4861816,34.2914901 -117.4855786,34.2913530000001 -117.4858467,34.2918888 -117.4878698,34.2919836 -117.4887604,34.2931924000001 -117.4894735,34.2930538000001 -117.4905599,34.2958349 -117.4938072,34.2957312 -117.4964438,34.2969674 -117.4999168,34.2964460000001 -117.5013753,34.2977369000001 -117.5032065,34.2975255000001 -117.5061167,34.2989075 -117.506933,34.2964073000001 -117.50966,34.2961358000001 -117.5106737,34.294208 -117.508255,34.2935408000001 -117.5075462,34.2929193000001 -117.5080082,34.2923392000001 -117.5064772,34.2915096 -117.5091956,34.2901251000001 -117.5088387,34.2892089000001 -117.5103647,34.2889435000001 -117.5114004,34.2860875000001 -117.5148804,34.2854239000001 -117.5137943,34.2846256 -117.5174343,34.2851117000001 -117.515667,34.2863876000001 -117.5139321,34.2863775000001 -117.5131019,34.2872056 -117.5133871,34.2886664000001 -117.5168466,34.2880117 -117.5163756,34.2895294 -117.517051,34.2901615000001 -117.5225637,34.2892377000001 -117.5214934,34.2911937000001 -117.5215677,34.2920251 -117.5220938,34.2923034 -117.5222711,34.2909249000001 -117.52507,34.2888433000001 -117.5240909,34.2879718 -117.5256492,34.2886738 -117.5253495,34.2903086000001 -117.529229,34.2920762000001 -117.5291891,34.2937862000001 -117.5346298,34.2930421 -117.5384084,34.2936821000001 -117.5421223,34.2977165 -117.5446502,34.2984575 -117.5486887,34.2982559000001 -117.5484123,34.2999592 -117.5503269,34.3021078 -117.5500408,34.3029674000001 -117.5531288,34.3026212 -117.5557327,34.3039727 -117.5576106,34.3061653 -117.5609755,34.3081510000001 -117.56077,34.3096508 -117.5663052,34.3083037000001 -117.5689665,34.3095132 -117.5680953,34.3111977 -117.5690892,34.3116160000001 -117.5691367,34.3130424 -117.5698678,34.3134101000001 -117.5743101,34.3138316000001 -117.5808254,34.3113369000001 -117.5828199,34.3117081 -117.5840417,34.3089208000001 -117.58607,34.3086651 -117.5886511,34.3101713 -117.5875927,34.3119299000001 -117.5941303,34.3156786000001 -117.5945494,34.3177332000001 -117.5958453,34.3173861000001 -117.596332,34.3190072 -117.5970905,34.3186748000001 -117.5974154,34.3187141000001 -117.5962049,34.3192551000001 -117.5959914,34.3190879000001 -117.5949227,34.3210135 -117.5991598,34.3216327000001 -117.6014591,34.3206103000001 -117.6033367,34.321016 -117.6068075,34.3249438 -117.6058389,34.3267887000001 -117.6075183,34.3256410000001 -117.6088239,34.3271945000001 -117.6097073,34.3268851 -117.610492,34.3250002 -117.6126422,34.324063 -117.6138934,34.3247834000001 -117.6137341,34.3274777 -117.6175609,34.3281724 -117.6209693,34.3263667000001 -117.6217638,34.328294 -117.6248342,34.3276895000001 -117.626462,34.3292836000001 -117.6281014,34.3296576000001 -117.6250943,34.3297141 -117.626481,34.3307812 -117.6305709,34.3314319 -117.6315134,34.3306908000001 -117.6321646,34.331309 -117.6361901,34.3297085 -117.6369777,34.3305402 -117.6362695,34.3322078 -117.6400679,34.3326364000001 -117.6390743,34.3353587 -117.6395561,34.3367212000001 -117.6448015,34.3366276 -117.6475195,34.3382852 -117.6518878,34.3392233000001 -117.6542083,34.3415308 -117.6568983,34.3421426 -117.6579928,34.3432372 -117.6641431,34.3443455 -117.6652728,34.3453524 -117.6649139,34.3462240000001 -117.6659985,34.3477353000001 -117.6684006,34.3473438 -117.6708785,34.3484037000001 -117.6730795,34.3514407000001 -117.6734718,34.354182 -117.6753583,34.3537495 -117.6783188,34.3552624000001 -117.6816288,34.3553498000001 -117.6849378,34.3576633000001 -117.6855481,34.3592233000001 -117.6880971,34.3593472000001 -117.6905129,34.3644464000001 -117.6959942,34.3677094 -117.6982205,34.3681844000001 -117.69895,34.3691776000001 -117.6998975,34.3684013000001 -117.7003756,34.3718574000001 -117.7040655,34.3704633 -117.7060498,34.3720195000001 -117.7109373,34.3724592 -117.7149944,34.3752023000001 -117.7148623,34.374126 -117.7178877,34.3743457 -117.7203111,34.3760704000001 -117.7223526,34.3764955 -117.7223273,34.3780165000001 -117.7239337,34.3774245000001 -117.7243652,34.3800061000001 -117.7268676,34.3794188000001 -117.7279407,34.3811929 -117.729552,34.3808960000001 -117.7307883,34.3822102 -117.7329271,34.382348 -117.7364566,34.3840589000001 -117.7369435,34.3835962000001</coordinates></LineString>
  </Placemark>
  <Placemark id="simplified.36">
	<Style><LineStyle><color>ff0000ff</color></LineStyle><PolyStyle><fill>0</fill></PolyStyle></Style>
	<ExtendedData><SchemaData schemaUrl="#simplified">
		<SimpleData name="OBJECTID">36</SimpleData>
		<SimpleData name="Section_Name">CA Section D</SimpleData>
		<SimpleData name="Shape_Length">0.395501521253484</SimpleData>
		<SimpleData name="FolderPath">Track/1 - Southern California/CA Section D</SimpleData>
		<SimpleData name="Region">Southern California</SimpleData>
	</SchemaData></ExtendedData>
      <LineString><coordinates>-117.7369435,34.3835962000001 -117.738389,34.3826666000001 -117.7399586,34.3835155 -117.7415109,34.3819841000001 -117.7439918,34.3811993 -117.7467207,34.3822440000001 -117.7494851,34.3819816000001 -117.750546,34.3786066000001 -117.74781,34.3761612000001 -117.7477188,34.3735429000001 -117.750437,34.3745762 -117.7517573,34.3741686000001 -117.751328,34.3738701 -117.7528009,34.3726990000001 -117.7539331,34.3728657 -117.7527872,34.3717744 -117.7560671,34.3727343 -117.7540906,34.3715831000001 -117.7542191,34.3706404000001 -117.7544535,34.3713888 -117.7561559,34.3716209 -117.755108,34.3712291000001 -117.7563815,34.3713166000001 -117.7555685,34.3710188000001 -117.7554726,34.3702127 -117.7558616,34.3708176000001 -117.7564682,34.3708331 -117.7562807,34.3698168 -117.7574065,34.3704510000001 -117.7588227,34.3701594 -117.7573692,34.3697773000001 -117.7574203,34.3686706 -117.757836,34.3693436 -117.7603493,34.3688942000001 -117.7588613,34.3685694000001 -117.758712,34.3676998 -117.7595767,34.3681969 -117.7617702,34.3674156000001 -117.7598881,34.3673615000001 -117.7595669,34.3662655000001 -117.7607496,34.3666193 -117.7626224,34.3653732000001 -117.7612829,34.3655099000001 -117.7598476,34.3641369000001 -117.761623,34.363682 -117.7609219,34.3631146000001 -117.7622608,34.3626862 -117.7618064,34.3620469000001 -117.7640743,34.3594793 -117.7679468,34.3597127 -117.7693371,34.3609625 -117.7726217,34.3616707 -117.7799116,34.3594194 -117.7821194,34.3604759 -117.7827556,34.3600136000001 -117.7826118,34.3607691 -117.7851579,34.3581364 -117.7904654,34.3556218000001 -117.7945269,34.3549301 -117.7957158,34.3533026000001 -117.7967603,34.3531972000001 -117.7976535,34.3517808 -117.7971877,34.3493443 -117.8014065,34.3481149 -117.8061198,34.3419701 -117.8086489,34.3413429 -117.8109076,34.3420096 -117.8129731,34.3401064 -117.8155122,34.3405708000001 -117.817473,34.3399886 -117.8184251,34.3409140000001 -117.8225535,34.3410435000001 -117.8219844,34.3418365000001 -117.8238783,34.3408818 -117.8240758,34.3426314000001 -117.8270541,34.3421836000001 -117.8273986,34.3433998 -117.8293468,34.3434361000001 -117.8296163,34.3467824000001 -117.8305643,34.3480063000001 -117.8319018,34.348259 -117.8350276,34.3470160000001 -117.836384,34.3477745000001 -117.8376155,34.3505409000001 -117.8402848,34.3520811000001 -117.8397157,34.353937 -117.8404146,34.3554556 -117.8421063,34.3535921000001 -117.8439672,34.3545340000001 -117.8489047,34.3547656000001 -117.8498761,34.3569234 -117.8507136,34.3565783 -117.8507188,34.3572455 -117.8531668,34.3585299000001 -117.8561318,34.3586510000001 -117.8577231,34.3598352000001 -117.8553485,34.3622865 -117.8550502,34.3636492000001 -117.8571623,34.3656282000001 -117.8566681,34.3672042000001 -117.8583719,34.3657508000001 -117.8578846,34.3642115000001 -117.8590154,34.3641171 -117.8585219,34.3644804 -117.8603306,34.3659575 -117.8606031,34.367686 -117.8610272,34.3680389 -117.8614729,34.3657508000001 -117.8667671,34.3645062000001 -117.8659632,34.3656182 -117.8668185,34.3657462 -117.870799,34.3638491 -117.8698006,34.3633713 -117.8696685,34.3621854 -117.8759876,34.3589425000001 -117.877404,34.3568621000001 -117.877405286,34.3548532200001 -117.879828745,34.354801169 -117.882771883,34.352388019 -117.88348292,34.352697479 -117.882979335,34.355349764 -117.88351737,34.3563843430001 -117.884899965,34.3563905450001 -117.885814933,34.357129829 -117.882618578,34.357001586 -117.882148186,34.356342936 -117.880729297,34.356999155 -117.880100235,34.359589666 -117.882191436,34.358175891 -117.883033399,34.3582615540001 -117.883986337,34.360087132 -117.884302754,34.3593643610001 -117.886753371,34.358915091 -117.887493242,34.359545074 -117.887876965,34.358793469 -117.891549161,34.3583372420001 -117.894263724,34.36069373 -117.893100819,34.3626240830001 -117.894015284,34.363206625 -117.895650342,34.3619506810001 -117.896853648,34.362840168 -117.900201548,34.362812256 -117.902500369,34.360728599 -117.907692,34.3605968000001 -117.9098083,34.3597867 -117.9128333,34.3613081 -117.9220299,34.3613933 -117.9237271,34.3629227000001 -117.9227183,34.3644142000001 -117.9244567,34.3658884000001 -117.9250429,34.3652858 -117.9263542,34.3662458000001 -117.9274726,34.3648492 -117.9303222,34.3635018000001 -117.9298295,34.3619650000001 -117.928590605,34.361520006</coordinates></LineString>
  </Placemark>
  <Placemark id="simplified.37">
	<Style><LineStyle><color>ff0000ff</color></LineStyle><PolyStyle><fill>0</fill></PolyStyle></Style>
	<ExtendedData><SchemaData schemaUrl="#simplified">
		<SimpleData name="OBJECTID">37</SimpleData>
		<SimpleData name="Section_Name">CA Section D</SimpleData>
		<SimpleData name="Shape_Length">0.431722617812447</SimpleData>
		<SimpleData name="FolderPath">Track/1 - Southern California/CA Section D</SimpleData>
		<SimpleData name="Region">Southern California</SimpleData>
	</SchemaData></ExtendedData>
      <LineString><coordinates>-117.9285906,34.36152 -117.9256117,34.3593579000001 -117.9261965,34.357632 -117.9291384,34.3563585000001 -117.9297591,34.3543856000001 -117.9305781,34.3542123 -117.9300642,34.3540041000001 -117.9327255,34.3529989 -117.9337026,34.352159 -117.9334864,34.3511948 -117.9354144,34.3508792000001 -117.9392398,34.3530518000001 -117.9408662,34.3518182 -117.9434178,34.3524165000001 -117.9455272,34.3519938000001 -117.9479389,34.3529496 -117.9483112,34.3525936 -117.9422923,34.3500357 -117.9490647,34.3483151 -117.9492926,34.3488686000001 -117.9498688,34.3481566 -117.9557998,34.3503875000001 -117.9578519,34.3521625000001 -117.9635962,34.3502016 -117.9638,34.348867 -117.9659177,34.3470605000001 -117.9663748,34.3455003 -117.9720409,34.3429773 -117.9732855,34.3412501 -117.9747799,34.3411611000001 -117.9749761,34.3420241000001 -117.9760775,34.3416039000001 -117.9762113,34.3425090000001 -117.9783642,34.3432757 -117.9798141,34.3423523000001 -117.9837571,34.3427338000001 -117.9813512,34.3495081 -117.9818445,34.3500183 -117.9809022,34.3501495 -117.981111,34.3511491 -117.9802305,34.3517779000001 -117.980538,34.3536503 -117.9812107,34.3534736 -117.9827502,34.3552396000001 -117.9840961,34.3533733 -117.984911,34.3541826000001 -117.9855197,34.3538294000001 -117.9858474,34.3547823000001 -117.9868817,34.3542380000001 -117.9875805,34.3547319 -117.98987,34.3533133 -117.9899969,34.3554116 -117.9908721,34.3550365 -117.9919868,34.355803 -117.9904426,34.3565094 -117.9897145,34.3586471 -117.9908724,34.3607361000001 -117.989673,34.3624006000001 -117.9903803,34.3628659 -117.9902232,34.3648636 -117.9927121,34.3660007 -117.9901271,34.3669918000001 -117.9903145,34.3675908000001 -117.9929369,34.3681692000001 -117.9955429,34.3700917 -118.0010696,34.3720122 -118.00178,34.3729701 -118.0031429,34.3725275 -118.0044418,34.3737863000001 -118.005811,34.3732494000001 -118.0068386,34.3751755000001 -118.0076236,34.3736976000001 -118.0085694,34.3750574000001 -118.0095769,34.3743832000001 -118.0107093,34.3748415000001 -118.0101719,34.3758871000001 -118.0113389,34.3759577000001 -118.0114427,34.3768919 -118.0131296,34.3750069000001 -118.0162583,34.375791 -118.0180413,34.3735671000001 -118.0178849,34.3722538000001 -118.019645,34.3714227 -118.0229776,34.376337 -118.0228001,34.3790936 -118.0272181,34.3807378000001 -118.0261904,34.3825049000001 -118.0264708,34.3843253000001 -118.0281005,34.3871512000001 -118.0292154,34.3876946 -118.0285318,34.3890283000001 -118.0300075,34.3905534 -118.0311398,34.3883880000001 -118.0334203,34.3883799000001 -118.0337982,34.3853123000001 -118.0375768,34.3838190000001 -118.0397246,34.3809612000001 -118.0406544,34.3812418000001 -118.0415409,34.3859843000001 -118.0450608,34.3900734000001 -118.0460623,34.3879345 -118.0492959,34.389461 -118.0522179,34.3895382000001 -118.0526113,34.3911179 -118.0543299,34.3921086 -118.0550986,34.3947132000001 -118.0539368,34.3978018 -118.0568996,34.3962967000001 -118.0571823,34.3977803000001 -118.0577294,34.3944283000001 -118.0595926,34.3931725 -118.0582096,34.3922409 -118.0587519,34.3909956000001 -118.0582113,34.3903990000001 -118.0604243,34.3888212000001 -118.0608541,34.3866012 -118.0649021,34.3867234000001 -118.0689377,34.3901693 -118.0695684,34.3877576 -118.0713565,34.3878836000001 -118.0707571,34.3871668 -118.0727519,34.3872409000001 -118.0728414,34.3862986 -118.0748997,34.3891729000001 -118.0784474,34.3882892 -118.0815099,34.3916107000001 -118.0817246,34.393175 -118.0804227,34.3970028000001 -118.082234,34.3994985 -118.0847142,34.3991255 -118.0866985,34.4006210000001 -118.0902267,34.4015203000001 -118.0897142,34.400987 -118.0919785,34.4007984 -118.0937062,34.3994279 -118.0970361,34.3997786 -118.0983349,34.3988446000001 -118.101723,34.3987835 -118.1032783,34.3975859 -118.1050014,34.3974073000001 -118.1063984,34.3961401 -118.1086509,34.3956251000001 -118.1089881,34.3946893 -118.1112868,34.3940221 -118.1140059,34.3908379000001 -118.1169989,34.3926859000001 -118.1169576,34.3908314 -118.1185163,34.3902985 -118.11974,34.3863610000001 -118.121499,34.3852104000001 -118.1234513,34.3859248000001 -118.124969,34.3849826000001 -118.1270381,34.3855819 -118.1272745,34.3865167000001 -118.1330732,34.3862241 -118.135419,34.3874069</coordinates></LineString>
  </Placemark>
  <Placemark id="simplified.38">
	<Style><LineStyle><color>ff0000ff</color></LineStyle><PolyStyle><fill>0</fill></PolyStyle></Style>
	<ExtendedData><SchemaData schemaUrl="#simplified">
		<SimpleData name="OBJECTID">38</SimpleData>
		<SimpleData name="Section_Name">CA Section D</SimpleData>
		<SimpleData name="Shape_Length">0.485336697900679</SimpleData>
		<SimpleData name="FolderPath">Track/1 - Southern California/CA Section D</SimpleData>
		<SimpleData name="Region">Southern California</SimpleData>
	</SchemaData></ExtendedData>
      <LineString><coordinates>-118.135419,34.3874069 -118.1370954,34.3874696 -118.1373542,34.3848641000001 -118.1395358,34.3849728000001 -118.1402539,34.3814639 -118.1385711,34.3804411 -118.1409014,34.3794267000001 -118.1424325,34.3803014000001 -118.1431156,34.3825844 -118.1474991,34.3847294 -118.1484576,34.3849232000001 -118.15001,34.3833399000001 -118.1500663,34.3852678000001 -118.1522628,34.3878999 -118.1563357,34.3855555000001 -118.1571869,34.384192 -118.155143,34.3809034000001 -118.1573344,34.3804988000001 -118.1581668,34.38104 -118.1598817,34.3793869 -118.1644244,34.3797055000001 -118.1652743,34.3799617 -118.1652859,34.3807880000001 -118.1655214,34.3798746000001 -118.1649087,34.3794696 -118.1654737,34.3796599 -118.1663023,34.3816565000001 -118.170681037,34.379689973 -118.1731901,34.3803634000001 -118.1736181,34.3783467000001 -118.174406,34.3781585 -118.1754071,34.3790784 -118.1765511,34.3786896 -118.178899996,34.3809979690001 -118.182402961,34.3824539890001 -118.181841038,34.379757028 -118.18307301,34.380640984 -118.182895985,34.379194016 -118.184310012,34.3804079670001 -118.189995959,34.381188992 -118.193355007,34.3826119880001 -118.194234017,34.3838570360001 -118.194974978,34.3834080170001 -118.196210973,34.3842229900001 -118.196441978,34.383292012 -118.198038982,34.3824519780001 -118.200856978,34.3833080210001 -118.202349963,34.382347958 -118.202674007,34.380636038 -118.20477996,34.3793640010001 -118.203642033,34.378953036 -118.205638016,34.3777039650001 -118.208951969,34.3782770350001 -118.209179034,34.37901699 -118.212814014,34.3782760300001 -118.214322003,34.379186975 -118.215993019,34.378252979 -118.2209778,34.3793211 -118.2236446,34.3787481000001 -118.224575,34.3777058000001 -118.2262617,34.3780555000001 -118.2266634,34.3773082000001 -118.2292023,34.3784403000001 -118.2302657,34.3801487000001 -118.2291079,34.3806947 -118.2309938,34.3809511000001 -118.2305071,34.3813471 -118.236198,34.3820587000001 -118.2389665,34.3842897000001 -118.2408894,34.3841501000001 -118.2422512,34.3857094000001 -118.2437272,34.3853545000001 -118.24538,34.3872127000001 -118.2467693,34.3857712000001 -118.2486938,34.3871107000001 -118.2523776,34.387504 -118.2519012,34.3891389 -118.2527325,34.3907916000001 -118.2499845,34.3933511000001 -118.2520525,34.396195 -118.2473823,34.3981962 -118.2469499,34.3968665 -118.2463715,34.3991014000001 -118.2447016,34.3987319 -118.2437528,34.3971490000001 -118.2430191,34.3977238000001 -118.2432992,34.3992406 -118.2427,34.3997287 -118.2442554,34.4022547000001 -118.244461,34.4074202 -118.2448764,34.4068696000001 -118.2448944,34.4078446 -118.2455099,34.4068316 -118.2475878,34.4089357 -118.247891,34.4117262 -118.249428,34.4133555000001 -118.2504776,34.4164361000001 -118.2499274,34.4170444000001 -118.2505262,34.4185563 -118.2511165,34.4177306 -118.2521673,34.4183894 -118.2536434,34.4175214000001 -118.2573482,34.4185418000001 -118.2563509,34.4199786 -118.2580874,34.4202563000001 -118.2576618,34.4209950000001 -118.2589663,34.4208971 -118.2588865,34.4215617 -118.2602312,34.4213408000001 -118.2600411,34.4223879 -118.2584911,34.4231828000001 -118.2590769,34.4251546 -118.2605309,34.4261509 -118.2601763,34.4280309000001 -118.2660023,34.4292224000001 -118.2667687,34.4305774000001 -118.2714434,34.4307256000001 -118.2723831,34.4317367 -118.2715471,34.4341831 -118.2734956,34.4334040000001 -118.2754105,34.4343051000001 -118.2779408,34.4342459000001 -118.2788706,34.4351807 -118.2779282,34.4368798 -118.276475,34.4360353000001 -118.2748851,34.4370694 -118.2729556,34.4369854 -118.2704857,34.441199 -118.2734931,34.4436532 -118.2733756,34.4456974 -118.2741171,34.4451597 -118.2745134,34.4450639 -118.2746177,34.4451520000001 -118.2732908,34.4464664000001 -118.2720179,34.4464106 -118.2722418,34.4474869000001 -118.2711891,34.4474577 -118.2708519,34.4492080000001 -118.2695559,34.4499480000001 -118.2701401,34.4520657 -118.2689256,34.4528219000001 -118.2695384,34.454393 -118.2686058,34.4550194 -118.271135,34.4565955 -118.2728638,34.4590087 -118.2737529,34.4606755 -118.2733667,34.4614751 -118.2743966,34.4621737000001 -118.2743728,34.4641281 -118.2748319,34.4632310000001 -118.2776351,34.4627498 -118.2778465,34.4615446 -118.2787285,34.4631795 -118.2815511,34.4631804000001 -118.2808214,34.4626297 -118.2833353,34.4631599000001 -118.2828646,34.4639476 -118.2837624,34.4644408 -118.2830503,34.4649017 -118.2847762,34.4663745 -118.2845529,34.4671986000001 -118.2862935,34.4680819000001 -118.2874224,34.4673863 -118.287081,34.4683052 -118.2900151,34.4690315 -118.2902665,34.4701714 -118.2885438,34.4703597000001 -118.2896177,34.4717361 -118.2887794,34.4750251 -118.2906598,34.4773732 -118.2910612,34.4763967000001 -118.292579,34.4759573000001 -118.2957841,34.4762904 -118.2985335,34.4759176000001 -118.298608,34.4753026000001 -118.2998991,34.4758650000001 -118.3005362,34.4747262000001 -118.3028386,34.4744451 -118.304530978,34.475014005 -118.3056378,34.4770777000001 -118.3066955,34.4765054000001 -118.3114381,34.4781310000001 -118.3142415,34.4760117000001 -118.3153808,34.4762458000001 -118.3156816,34.4768373000001 -118.3098399,34.4821385000001 -118.308961,34.4841936 -118.311576974,34.4848660100001 -118.312463025,34.4874720280001 -118.313713018,34.4881470220001 -118.314967034,34.487696998 -118.317012973,34.4886259640001 -118.318951037,34.4884220320001 -118.320166999,34.4894229990001 -118.326337002,34.4890429640001 -118.326366004,34.4961860220001</coordinates></LineString>
  </Placemark>
  <Placemark id="simplified.39">
	<Style><LineStyle><color>ff0000ff</color></LineStyle><PolyStyle><fill>0</fill></PolyStyle></Style>
	<ExtendedData><SchemaData schemaUrl="#simplified">
		<SimpleData name="OBJECTID">39</SimpleData>
		<SimpleData name="Section_Name">CA Section A</SimpleData>
		<SimpleData name="Shape_Length">0.563116859680146</SimpleData>
		<SimpleData name="FolderPath">Track/1 - Southern California/CA Section A</SimpleData>
		<SimpleData name="Region">Southern California</SimpleData>
	</SchemaData></ExtendedData>
      <MultiGeometry><LineString><coordinates>-116.466980645,32.5897411500001 -116.467874713,32.5906044450001 -116.46669636,32.5958334060001</coordinates></LineString><LineString><coordinates>-116.46669636,32.595833407 -116.466738982,32.597528821 -116.468834178,32.5975334460001 -116.469750045,32.5991370020001 -116.470521966,32.604050731 -116.471360773,32.6053081690001 -116.472976935,32.6058617520001</coordinates></LineString><LineString><coordinates>-116.472976935,32.6058617530001 -116.474979192,32.6067913970001 -116.478127982,32.6050714200001 -116.478792897,32.6057426890001 -116.479391265,32.604626651 -116.480750257,32.6046501380001 -116.483529847,32.605659888 -116.482926875,32.6065712070001 -116.483455161,32.607540022 -116.487268618,32.60608147 -116.491101721,32.608610169 -116.490974572,32.6075035040001 -116.493308799,32.6049331350001 -116.497167046,32.605669789 -116.498029181,32.606884624 -116.499410632,32.6065475510001 -116.499002083,32.6079937050001 -116.500077183,32.606917262 -116.501530314,32.6070968020001 -116.5020092,32.6079371930001 -116.503862631,32.607509329 -116.504128979,32.6096345070001 -116.505418055,32.6091472750001 -116.506082214,32.6100805620001 -116.506612658,32.609563974 -116.506926523,32.6084670770001 -116.507202453,32.6082364000001 -116.50605944,32.61330773 -116.507143842,32.6134189100001 -116.507469044,32.615141393 -116.508144944,32.6150691670001 -116.507419905,32.6158268200001 -116.50815114,32.616755244 -116.507545617,32.6182327230001 -116.50820683,32.6198718100001 -116.506866735,32.6212987420001 -116.50864866,32.62288046 -116.507321343,32.623052128 -116.507095119,32.6241137060001 -116.510900862,32.6278669640001</coordinates></LineString><LineString><coordinates>-116.510900868,32.6278669650001 -116.51544037,32.630590413 -116.51510444,32.6296140690001 -116.515373968,32.629500093</coordinates></LineString><LineString><coordinates>-116.515373968,32.629500094 -116.515715967,32.629962945 -116.515634389,32.628962583 -116.516844101,32.6284587970001 -116.516236135,32.627360246 -116.516730544,32.626605328</coordinates></LineString><LineString><coordinates>-116.516730543,32.626605328 -116.516638756,32.6254357880001 -116.518716154,32.6232955770001 -116.52017416,32.624803215</coordinates></LineString><LineString><coordinates>-116.520174161,32.624803215 -116.52159552,32.626323744 -116.522469659,32.6254038210001 -116.522996065,32.626243103 -116.526638432,32.638360413 -116.524900096,32.638948279 -116.525087465,32.63966265 -116.523774327,32.64086387 -116.524487344,32.6431301740001 -116.523637339,32.644387669</coordinates></LineString><LineString><coordinates>-116.523637338,32.644387669 -116.522044037,32.6456163230001 -116.52309439,32.6466221420001 -116.522333054,32.6478875980001 -116.523343294,32.6483981440001 -116.52397992,32.6478024150001</coordinates></LineString><LineString><coordinates>-116.523979921,32.6478024150001 -116.52568618,32.648482336 -116.527222057,32.6479745980001 -116.529150611,32.6495307440001 -116.53029791,32.65117558 -116.529952325,32.651715939 -116.530359607,32.651556972 -116.530512512,32.650810667 -116.531486387,32.651717402 -116.535042855,32.6513285120001 -116.540205954,32.6530247490001</coordinates></LineString><LineString><coordinates>-116.540205954,32.6530247480001 -116.542820588,32.652474833 -116.550699559,32.66001821</coordinates></LineString><LineString><coordinates>-116.550699559,32.6600182110001 -116.545507769,32.656141538 -116.542134904,32.654655387 -116.545031466,32.6578872420001 -116.545710891,32.662090715 -116.542741375,32.6624072220001 -116.54372271,32.6641836210001 -116.539549997,32.6644440860001 -116.537565965,32.6638043450001 -116.538245466,32.6665611190001</coordinates></LineString><LineString><coordinates>-116.538245467,32.66656112 -116.535446179,32.665352189 -116.53365328,32.6680465470001 -116.533611075,32.6698516280001 -116.532495218,32.6702656950001 -116.53241795,32.6724400370001 -116.530518902,32.67126015 -116.528068031,32.6726679020001 -116.526280478,32.6711197270001 -116.525177415,32.6713014850001</coordinates></LineString><LineString><coordinates>-116.525177414,32.6713014850001 -116.520137614,32.671587539 -116.519168563,32.6723058060001 -116.519384423,32.673211312</coordinates></LineString><LineString><coordinates>-116.519384422,32.673211313 -116.520394257,32.6749211110001 -116.518848828,32.676001006 -116.518972849,32.677289069 -116.520205577,32.678964996 -116.524134491,32.6807554430001 -116.524215145,32.6819772860001 -116.516733609,32.682571366 -116.516765382,32.686019576 -116.515242497,32.6863238020001 -116.514166619,32.689496037 -116.508856781,32.6899952750001 -116.502109954,32.692122741 -116.502058077,32.693097343 -116.500226887,32.693965269 -116.50003867,32.696109887 -116.499261076,32.696749706 -116.497123636,32.6971899390001 -116.497303846,32.6952219400001 -116.496165131,32.694310295 -116.494436766,32.6998045070001 -116.495936079,32.70423493</coordinates></LineString><LineString><coordinates>-116.495936078,32.704234931 -116.495830615,32.7053586960001 -116.498819464,32.7083054030001 -116.498705234,32.7119708550001 -116.496825933,32.712502097 -116.499509658,32.7159380000001 -116.495803141,32.7210295850001 -116.494623881,32.7294382160001 -116.488961535,32.729301655 -116.484133555,32.727941709 -116.482663736,32.7295986030001 -116.483444193,32.73181772 -116.482663514,32.7329145800001 -116.481072707,32.733062718 -116.480428175,32.7342685510001 -116.475919519,32.7317690150001</coordinates></LineString><LineString><coordinates>-116.475919517,32.7317690130001 -116.474331572,32.7283852580001 -116.473713413,32.7283891880001 -116.471900276,32.7300308860001 -116.472797898,32.7308839310001 -116.468100461,32.7339735530001</coordinates></LineString><LineString><coordinates>-116.46810046,32.733973554 -116.466230766,32.735275195 -116.465714608,32.7398998950001</coordinates></LineString><LineString><coordinates>-116.465714608,32.7398998960001 -116.465408106,32.7409025260001 -116.464471896,32.740036328 -116.463946518,32.740443326 -116.461814497,32.7479182660001 -116.458584723,32.7489544700001</coordinates></LineString><LineString><coordinates>-116.458584722,32.748954471 -116.45770915,32.7496731040001 -116.455556496,32.7495967580001 -116.454638678,32.74741914 -116.451450769,32.747699674 -116.4492967,32.7464826 -116.4452668,32.7489577000001 -116.443925,32.7515968000001 -116.4422227,32.7514857 -116.440805,32.7527886 -116.4392929,32.7552018000001 -116.4391053,32.7576060000001</coordinates></LineString><LineString><coordinates>-116.4391053,32.7576060010001 -116.4378911,32.7614795000001 -116.4395352,32.7668194 -116.4388163,32.773286 -116.4399364,32.7755558000001 -116.4398611,32.7762381000001 -116.4393299,32.7753654000001 -116.4375255,32.7752995000001 -116.4372489,32.7800703 -116.4380271,32.7818877 -116.4352588,32.7849483000001 -116.4356807,32.7872707000001 -116.4348266,32.7883419 -116.4322953,32.7891040000001 -116.4310883,32.7870699000001 -116.4294543,32.7894346 -116.427995,32.7894279000001 -116.4281659,32.7908794000001 -116.4262963,32.7965118000001</coordinates></LineString><LineString><coordinates>-116.4262963,32.7965118010001 -116.4264575,32.7973803 -116.4220016,32.8007485000001</coordinates></LineString><LineString><coordinates>-116.4220016,32.800748501 -116.420842,32.8023191 -116.4230213,32.8051178000001 -116.4233984,32.8096783 -116.4212571,32.8121347000001</coordinates></LineString></MultiGeometry>
  </Placemark>
  <Placemark id="simplified.40">
	<Style><LineStyle><color>ff0000ff</color></LineStyle><PolyStyle><fill>0</fill></PolyStyle></Style>
	<ExtendedData><SchemaData schemaUrl="#simplified">
		<SimpleData name="OBJECTID">40</SimpleData>
		<SimpleData name="Section_Name">CA Section A</SimpleData>
		<SimpleData name="Shape_Length">0.4748005881326</SimpleData>
		<SimpleData name="FolderPath">Track/1 - Southern California/CA Section A</SimpleData>
		<SimpleData name="Region">Southern California</SimpleData>
	</SchemaData></ExtendedData>
      <MultiGeometry><LineString><coordinates>-116.4212571,32.812134701 -116.4184827,32.8132799000001 -116.4134994,32.8199157 -116.4164467,32.8196409 -116.4175333,32.8209623000001 -116.4168708,32.8227024 -116.418034,32.8269198 -116.41738,32.8306630000001 -116.4198402,32.8320311000001 -116.4198036,32.8359138000001 -116.4184298,32.8373717000001 -116.4180458,32.8401947 -116.418592,32.8411791 -116.4179954,32.8422546 -116.4186228,32.8447595000001 -116.4181412,32.8479958 -116.4197432,32.8545832 -116.4191363,32.8548510000001</coordinates></LineString><LineString><coordinates>-116.419136298,32.8548510030001 -116.4170974,32.8564248000001 -116.4178133,32.8575531000001 -116.4156822,32.8583329000001 -116.4135956,32.8577502000001 -116.4125858,32.8587731000001 -116.4124582,32.8664220000001 -116.4130382,32.8669201000001 -116.4125023,32.8676986 -116.4134231,32.8684829000001</coordinates></LineString><LineString><coordinates>-116.4134231,32.868482901 -116.4133506,32.8694189 -116.4151866,32.8710567000001 -116.4177843,32.8762150000001 -116.4217616,32.8793493000001 -116.4201465,32.8852328 -116.4214984,32.8867007000001 -116.4253989,32.8876240000001 -116.4260657,32.8888199</coordinates></LineString><LineString><coordinates>-116.4260657,32.888819901 -116.425509,32.8912765000001 -116.4264608,32.8912779 -116.4256596,32.8917985 -116.4259607,32.8926627000001 -116.4273566,32.8936860000001</coordinates></LineString><LineString><coordinates>-116.427356601,32.8936860000001 -116.429046,32.8968769000001 -116.430807,32.8969900000001 -116.4320789,32.8980579</coordinates></LineString><LineString><coordinates>-116.432078902,32.8980579 -116.433253,32.8977006000001 -116.4345834,32.8920654 -116.4384012,32.8932214000001 -116.4418135,32.8977861000001 -116.4431432,32.8967348 -116.4449751,32.8975499000001 -116.4460046,32.8945632000001 -116.4463967,32.8953670000001 -116.4464251,32.8946878 -116.4480613,32.8948779 -116.4506492,32.8988368 -116.4517204,32.8981900000001 -116.4532386,32.8989690000001 -116.4541452,32.9020170000001 -116.4535117,32.9027774 -116.4564822,32.9050198 -116.456291,32.9066365 -116.4541407,32.9078824000001 -116.4545997,32.9085842000001</coordinates></LineString><LineString><coordinates>-116.4545997,32.908584203 -116.4546357,32.9110885000001 -116.4534146,32.9125074 -116.4540359,32.914926 -116.4553929,32.9156019000001 -116.4556167,32.9172116 -116.4559939,32.9165898000001 -116.4571821,32.9173254 -116.4581756,32.919245 -116.4606587,32.9196518000001 -116.4620695,32.9210901000001 -116.4625023,32.9231984</coordinates></LineString><LineString><coordinates>-116.4625023,32.923198401 -116.4634105,32.9256348000001 -116.4673394,32.9262632000001 -116.4689357,32.9277256 -116.4714022,32.9241148 -116.4708279,32.9219638000001 -116.4722253,32.9212626 -116.4731074,32.9229858 -116.4740332,32.9223752 -116.4747921,32.9233107000001 -116.475282,32.9228683000001 -116.4778654,32.9253366 -116.4802791,32.9245782 -116.4822816,32.9249782000001 -116.4808815,32.9274044000001 -116.4809091,32.930931 -116.4833573,32.9362543</coordinates></LineString><LineString><coordinates>-116.483357301,32.9362543020001 -116.4828472,32.937896 -116.4834821,32.9399294 -116.4854697,32.9419928 -116.4859254,32.9439183000001 -116.4883962,32.9450341 -116.489171,32.9471966</coordinates></LineString><LineString><coordinates>-116.489171,32.9471966020001 -116.4902254,32.9485710000001 -116.4926764,32.9478169000001 -116.4934675,32.9484448000001 -116.4945364,32.9466218000001 -116.4972414,32.950231 -116.498728,32.9487992000001 -116.498278,32.9527157000001 -116.5000054,32.9534382000001 -116.4997368,32.9525445 -116.5005873,32.9518640000001 -116.5018169,32.9520191 -116.5013881,32.9534898000001 -116.5021857,32.9552671000001 -116.505479,32.9579230000001 -116.5043749,32.9601877000001</coordinates></LineString><LineString><coordinates>-116.5043749,32.9601877010001 -116.5051029,32.9611024000001 -116.5045509,32.9628339000001 -116.5077806,32.9658902 -116.5091021,32.9654916000001 -116.511839,32.9694872000001</coordinates></LineString><LineString><coordinates>-116.511839,32.969487201 -116.514556,32.9716788000001 -116.5153906,32.9744599000001 -116.5160519,32.9733699000001 -116.5170717,32.9745042000001 -116.5169037,32.9754749000001 -116.5193843,32.9761173000001 -116.5186307,32.9768724 -116.5190305,32.9780259 -116.5210228,32.9778965 -116.5205308,32.9801344000001 -116.52237,32.980576 -116.5217642,32.9822476000001 -116.5230325,32.9816262000001 -116.5234167,32.9827980000001 -116.5259218,32.9844251000001 -116.5255638,32.9860335000001 -116.5266461,32.9866900000001 -116.526689,32.9884417000001 -116.5288576,32.9900410000001 -116.5289051,32.9929024 -116.5307295,32.9944948 -116.5309452,32.9971576 -116.5331232,32.9999299 -116.5345789,33.0004818 -116.5355972,33.0048594 -116.5374267,33.005843 -116.5370119,33.0082191000001 -116.5387785,33.0105124 -116.537283,33.0131806000001 -116.53623,33.0134249000001 -116.535136,33.012364 -116.534183,33.0143489000001 -116.5341579,33.0137751 -116.5325565,33.0135294 -116.5329054,33.0124861 -116.5302997,33.0128 -116.5291134,33.0116794 -116.527464,33.0123581 -116.5272493,33.0133456 -116.5228519,33.0114037000001 -116.5216138,33.0131957 -116.5223661,33.0135741 -116.5216995,33.0156431 -116.5231333,33.0189722000001 -116.5213373,33.0197595000001 -116.5215208,33.0207304</coordinates></LineString><LineString><coordinates>-116.521520801,33.0207304030001 -116.5212694,33.0226336000001 -116.5188605,33.0222521000001 -116.5196089,33.0236705 -116.5162576,33.0233413 -116.5149938,33.0239569 -116.5163531,33.0254203000001 -116.5163871,33.0266051 -116.5214797,33.0288568 -116.5194208,33.0317890000001 -116.521864,33.0328629000001 -116.5214163,33.0337268000001 -116.5232929,33.0353625000001 -116.5231682,33.0366096000001 -116.5219991,33.0370109 -116.5232155,33.0406369 -116.522041,33.0414002000001 -116.5237465,33.0419453000001 -116.5235657,33.0452068000001 -116.5242749,33.0454891000001</coordinates></LineString></MultiGeometry>
  </Placemark>
  <Placemark id="simplified.41">
	<Style><LineStyle><color>ff0000ff</color></LineStyle><PolyStyle><fill>0</fill></PolyStyle></Style>
	<ExtendedData><SchemaData schemaUrl="#simplified">
		<SimpleData name="OBJECTID">41</SimpleData>
		<SimpleData name="Section_Name">CA Section A</SimpleData>
		<SimpleData name="Shape_Length">0.518928848447221</SimpleData>
		<SimpleData name="FolderPath">Track/1 - Southern California/CA Section A</SimpleData>
		<SimpleData name="Region">Southern California</SimpleData>
	</SchemaData></ExtendedData>
      <MultiGeometry><LineString><coordinates>-116.524274901,33.0454891000001 -116.5248713,33.0457697000001 -116.5237571,33.0509732 -116.521297,33.0513389000001 -116.5208938,33.0532257 -116.5194212,33.0530441000001 -116.5186446,33.0540685 -116.516468,33.0543039 -116.5145511,33.0524898 -116.5140392,33.054559 -116.5145241,33.0575534000001 -116.5132939,33.0590951 -116.5118343,33.0587084000001 -116.5114735,33.0647879000001 -116.5097924,33.0665202000001 -116.5080195,33.0664165000001 -116.5062574,33.0678959000001 -116.5055507,33.0674646000001 -116.5033672,33.0682729000001 -116.5008908,33.0662580000001 -116.4984777,33.0675935 -116.4969297,33.0647353000001 -116.4950938,33.0639431000001 -116.4912484,33.0666140000001 -116.4914531,33.0679495000001 -116.4905613,33.0688391 -116.4887688,33.0674061 -116.4846738,33.0662406000001 -116.4832405,33.0672938000001 -116.4823987,33.0664346 -116.4786616,33.0679423 -116.4724876,33.0662626000001 -116.4713626,33.0679203 -116.4692178,33.0686648000001 -116.4655827,33.0684739000001 -116.4701568,33.0851107 -116.4625785,33.0933141 -116.4725938,33.0963732000001</coordinates></LineString><LineString><coordinates>-116.472593799,33.0963732010001 -116.4728076,33.0976163 -116.469476,33.0991272000001 -116.4720888,33.1013355000001 -116.472025998,33.102260018 -116.4732919,33.1024835000001 -116.4729699,33.1034898 -116.4748398,33.1040577000001 -116.4761463,33.1034916 -116.4749223,33.1044767000001 -116.4729437,33.1044695000001 -116.474499,33.1053268000001 -116.4727301,33.1062079000001 -116.4737395,33.1064529000001 -116.4737593,33.1066017000001 -116.4726295,33.1066574000001 -116.4735873,33.1073594000001 -116.4746697,33.1069089000001 -116.4760946,33.1075811000001 -116.4753532,33.1073257 -116.4750688,33.1074667 -116.4758316,33.1080392000001 -116.4751128,33.1101216000001 -116.4769886,33.1092507000001 -116.47827303,33.110018978 -116.478497,33.1089556000001 -116.4828575,33.1108395000001 -116.4833938,33.111412 -116.482699,33.1133861000001 -116.4811879,33.1137454 -116.4821547,33.1139096000001 -116.4819837,33.1149876000001 -116.484375,33.1136549 -116.4863106,33.1139895000001 -116.4856156,33.1169784000001 -116.4871515,33.1173799000001 -116.484384,33.1204463 -116.4878665,33.1201601000001 -116.4878105,33.1214455 -116.4866724,33.1218519 -116.4863055,33.1243001 -116.4872616,33.1237052000001 -116.4888772,33.1244761 -116.490987,33.1241494000001 -116.4893093,33.1275695 -116.4904457,33.1281819000001 -116.4912941,33.1276302000001 -116.4919518,33.1296419 -116.4941502,33.128949 -116.4958196,33.1270209 -116.4964278,33.1281720000001 -116.4953732,33.1298630000001 -116.4960444,33.1310046</coordinates></LineString><LineString><coordinates>-116.496044401,33.131004601 -116.4970031,33.134325 -116.4951816,33.1361103 -116.4968006,33.1357444000001 -116.4976218,33.1367918 -116.4983903,33.1352420000001 -116.4999838,33.1363507 -116.5001455,33.1377531000001 -116.5011382,33.1385353000001 -116.5023986,33.1388036000001 -116.5038897,33.1370574000001 -116.5052747,33.1372219 -116.506385,33.1385908 -116.507172,33.1383484 -116.5074787,33.1422663000001 -116.5085757,33.1426960000001 -116.5075241,33.1429447 -116.5071812,33.1455779</coordinates></LineString><LineString><coordinates>-116.5071812,33.145577901 -116.5078517,33.1451697000001 -116.5073393,33.1467203 -116.5083202,33.1456729000001 -116.510242,33.1467920000001</coordinates></LineString><LineString><coordinates>-116.510242001,33.1467920010001 -116.5107725,33.1471014000001 -116.5108228,33.1471952000001 -116.5086722,33.1468158000001 -116.5087774,33.1472334000001 -116.5085776,33.1476264 -116.5086339,33.1484595000001 -116.510013,33.147414 -116.5131649,33.1489280000001 -116.5143498,33.1481150000001 -116.5166641,33.149566 -116.5166687,33.1481727 -116.5194839,33.1489228 -116.5204702,33.1483656 -116.5208019,33.1507315000001 -116.5230535,33.1495623000001 -116.5251201,33.1513606 -116.5264108,33.1510929 -116.5270588,33.1514184000001 -116.5261365,33.1522604 -116.5266481,33.1533394 -116.5286981,33.1545148000001</coordinates></LineString><LineString><coordinates>-116.528698101,33.1545148000001 -116.5303002,33.1553667000001 -116.5341332,33.1549502 -116.5373927,33.1579629 -116.537781,33.1596628 -116.5398191,33.1599679</coordinates></LineString><LineString><coordinates>-116.539819101,33.1599679010001 -116.5419227,33.1603809000001 -116.544024,33.1645035 -116.5433956,33.1675636000001 -116.5438768,33.1680803 -116.5430318,33.1693164000001 -116.5417585,33.1692380000001 -116.5414704,33.1714839000001 -116.5453489,33.1710593 -116.5470101,33.1713449000001 -116.5478629,33.173278 -116.5497311,33.1727732000001 -116.5492021,33.1737832000001 -116.5500524,33.1754754 -116.5483473,33.1755009 -116.5477521,33.1777955000001 -116.5499649,33.1790556 -116.549371,33.1796775 -116.5494539,33.180483 -116.5505487,33.1791505 -116.5488159,33.1780048000001 -116.5489799,33.177018 -116.551507,33.1758735000001 -116.5526899,33.176163 -116.5533343,33.1780922 -116.5580703,33.1807443000001 -116.5576142,33.1828967000001 -116.5591982,33.1831178 -116.5587168,33.1843964 -116.5614309,33.1846991 -116.5653104,33.189442</coordinates></LineString><LineString><coordinates>-116.565310401,33.189442 -116.5665865,33.1913704 -116.5649321,33.1928820000001 -116.5653399,33.1937017000001 -116.5635595,33.1938224 -116.5639219,33.1952455000001 -116.5625097,33.1956682000001 -116.5618702,33.1951107 -116.5608869,33.1965852000001 -116.5623166,33.1966969000001 -116.5627145,33.1978307000001 -116.5633201,33.1974297 -116.5629627,33.1963020000001 -116.5642462,33.1960509 -116.5646398,33.1967267000001 -116.5658176,33.1965203 -116.5662893,33.1979453000001 -116.5676536,33.1984029000001 -116.5684551,33.1973233000001 -116.5704971,33.1983804000001</coordinates></LineString><LineString><coordinates>-116.570497101,33.1983804020001 -116.5702221,33.2001477000001 -116.5720472,33.1993632000001 -116.5730704,33.1979085 -116.5732795,33.1991271000001 -116.5745391,33.1999976000001 -116.5731557,33.2007573000001 -116.5742896,33.2013742 -116.57464,33.2030294 -116.5729936,33.2023238 -116.5722735,33.2026010000001 -116.5726557,33.2034045 -116.5699229,33.2029998 -116.5681211,33.2040720000001 -116.5694607,33.2053966 -116.5705621,33.2048956 -116.5718893,33.2055156000001 -116.5725929,33.2066114</coordinates></LineString><LineString><coordinates>-116.572592901,33.2066114 -116.5778516,33.208987 -116.5788038,33.2076162000001 -116.5797793,33.2101366000001 -116.5805204,33.2100329 -116.582404,33.2119099 -116.5829409,33.2112698 -116.5833446,33.2128103000001 -116.5881103,33.2155900000001 -116.5882339,33.2178290000001 -116.5902727,33.2187773000001 -116.5910816,33.2184277000001</coordinates></LineString></MultiGeometry>
  </Placemark>
  <Placemark id="simplified.42">
	<Style><LineStyle><color>ff0000ff</color></LineStyle><PolyStyle><fill>0</fill></PolyStyle></Style>
	<ExtendedData><SchemaData schemaUrl="#simplified">
		<SimpleData name="OBJECTID">42</SimpleData>
		<SimpleData name="Section_Name">CA Section A</SimpleData>
		<SimpleData name="Shape_Length">0.124199872291083</SimpleData>
		<SimpleData name="FolderPath">Track/1 - Southern California/CA Section A</SimpleData>
		<SimpleData name="Region">Southern California</SimpleData>
	</SchemaData></ExtendedData>
      <MultiGeometry><LineString><coordinates>-116.591081601,33.2184277000001 -116.5920646,33.2185182000001 -116.5929516,33.2199333 -116.5902153,33.2217871 -116.587815,33.2216069 -116.5890106,33.2224404 -116.5876143,33.2238231000001 -116.5896525,33.2235512 -116.5916555,33.2255089000001 -116.5972781,33.2256217 -116.5990373,33.2271693000001 -116.5996169,33.2291450000001 -116.5990046,33.2293253</coordinates></LineString><LineString><coordinates>-116.599004597,33.229325304 -116.5985209,33.2349224000001 -116.5991337,33.2360384</coordinates></LineString><LineString><coordinates>-116.599133701,33.236038401 -116.6005357,33.2426560000001</coordinates></LineString><LineString><coordinates>-116.600535699,33.2426560010001 -116.5987405,33.2446431000001 -116.5999031,33.2456264 -116.6002447,33.2484498000001 -116.5997075,33.2485248 -116.5995316,33.2489404 -116.6021014,33.2482853000001 -116.6025843,33.2494354 -116.6017747,33.2508740000001 -116.6023529,33.2518127000001 -116.6070163,33.2534709 -116.6125888,33.2545911 -116.6141446,33.2538511000001 -116.6152834,33.2546022000001</coordinates></LineString><LineString><coordinates>-116.6152834,33.2546022010001 -116.6155788,33.2570336000001 -116.6182174,33.2608564000001 -116.6191326,33.2616144 -116.6215773,33.2613537 -116.62064,33.2636017 -116.6251731,33.2662217000001 -116.6273045,33.2654415000001</coordinates></LineString><LineString><coordinates>-116.627304503,33.2654415000001 -116.6296807,33.2649567 -116.6314908,33.2660969 -116.6347132,33.2663366 -116.6364789,33.2678618 -116.6393602,33.2679190000001 -116.6399507,33.2692211 -116.6412396,33.2691022000001 -116.6417614,33.2706433000001 -116.6452843,33.2727555000001 -116.644956729,33.2735120790001</coordinates></LineString></MultiGeometry>
  </Placemark>
  <Placemark id="simplified.43">
	<Style><LineStyle><color>ff0000ff</color></LineStyle><PolyStyle><fill>0</fill></PolyStyle></Style>
	<ExtendedData><SchemaData schemaUrl="#simplified">
		<SimpleData name="OBJECTID">43</SimpleData>
		<SimpleData name="Section_Name">CA Section G</SimpleData>
		<SimpleData name="Shape_Length">0.499041479966655</SimpleData>
		<SimpleData name="FolderPath">Track/2 - Central California/CA Section G</SimpleData>
		<SimpleData name="Region">Central California</SimpleData>
	</SchemaData></ExtendedData>
      <MultiGeometry><LineString><coordinates>-118.039531473,35.6581130440001 -118.037962,35.6595563000001 -118.037082,35.6625042000001 -118.0344426,35.6645374 -118.0325136,35.6649052000001 -118.0286861,35.6632748000001 -118.0254225,35.6629760000001 -118.0245555,35.6638913 -118.023232,35.6633631 -118.0198357,35.6640204 -118.0167314,35.6657573000001 -118.0155466,35.6687448000001 -118.0157445,35.6711406000001 -118.0168069,35.6721981000001 -118.0169051,35.6711960000001 -118.0185076,35.6722275000001 -118.01791,35.6730914 -118.0181207,35.6763815 -118.0160177,35.6776390000001 -118.0102386,35.6782344000001 -118.0067452,35.6801658000001 -118.0070534,35.6817861000001 -118.0059929,35.6832027 -118.006388,35.6852318000001 -118.0076888,35.6863061 -118.0073116,35.6872081000001 -118.0050823,35.6880255 -117.9967269,35.6863618 -117.9946088,35.6869045</coordinates></LineString><LineString><coordinates>-117.994608797,35.6869045010001 -117.9935882,35.6915096000001 -117.991399,35.6925711000001</coordinates></LineString><LineString><coordinates>-117.991398997,35.6925711000001 -117.9868493,35.6937243 -117.9861336,35.6966679000001 -117.9816191,35.7000819 -117.9815976,35.7021951 -117.9864558,35.7037357 -117.9887607,35.7063234 -117.9886541,35.7075185 -117.9855665,35.7086913000001 -117.9844329,35.7105202000001 -117.9895425,35.7104761000001 -117.9903277,35.7114194000001</coordinates></LineString><LineString><coordinates>-117.990327699,35.7114194010001 -117.9917458,35.7135054 -117.9905925,35.7159267000001 -117.9932423,35.7168715 -117.9923359,35.7185459 -117.9956459,35.7192562000001 -117.9962617,35.7216186000001 -117.9980839,35.7219011 -117.9980302,35.7233244 -117.999099,35.7234628 -118.0036949,35.7281359 -118.0036336,35.7276606 -118.0039937,35.7273837000001 -118.0049428,35.7295108000001 -118.0048857,35.7277323000001 -118.0054346,35.7270757000001 -118.0064683,35.7267977000001 -118.0070578,35.7268767 -118.0055692,35.7278716000001 -118.0070839,35.7302124 -118.0106694,35.731767 -118.0123877,35.7316111000001</coordinates></LineString><LineString><coordinates>-118.012387701,35.7316111000001 -118.0138271,35.7324111 -118.0126704,35.7326137000001 -118.0156553,35.73333 -118.0131066,35.7332895000001 -118.0129373,35.7344671000001 -118.0117001,35.7348919 -118.014679,35.7383859</coordinates></LineString><LineString><coordinates>-118.014679001,35.7383859020001 -118.0157767,35.7393613 -118.0154913,35.7402649000001 -118.0171834,35.7402562 -118.0188498,35.7426334</coordinates></LineString><LineString><coordinates>-118.018849801,35.7426334 -118.0206889,35.7426967000001 -118.0206387,35.7434753000001 -118.0228627,35.7428916000001 -118.0274044,35.7434153 -118.0298579,35.7446361 -118.0301998,35.7464787000001 -118.0321692,35.7451370000001 -118.0334405,35.7453597000001 -118.0338726,35.7471011000001 -118.0378043,35.7492384 -118.0381482,35.7517987000001 -118.0362233,35.751895 -118.0331231,35.7540829000001 -118.0364556,35.7550757000001 -118.0364071,35.7580530000001 -118.0390611,35.7578431000001 -118.0413199,35.7612174000001 -118.0434953,35.7615263000001 -118.0429189,35.7619683 -118.0446622,35.7612800000001 -118.0452537,35.7612615 -118.0425423,35.7629160000001 -118.0407702,35.7622922 -118.038448,35.7645616 -118.0376702,35.7644687000001 -118.0374822,35.7633748000001 -118.0358025,35.7633955000001 -118.0337205,35.7650652 -118.0326119,35.7642554 -118.0315116,35.7654979000001 -118.030242,35.7644627 -118.0294412,35.7656524000001 -118.0279489,35.7654682 -118.0282778,35.7672921000001 -118.029292,35.7679647000001 -118.0278939,35.7690266000001 -118.0305616,35.7684780000001 -118.0320373,35.7692291000001 -118.0294192,35.7738093 -118.0305949,35.7737639000001 -118.0295716,35.7749346000001 -118.0307777,35.7764073000001 -118.0291973,35.7760962 -118.0272448,35.7769326000001 -118.0269943,35.7760835 -118.0250081,35.7757343000001 -118.0259007,35.7753282 -118.026546,35.7731315 -118.0198061,35.7733305 -118.0194982,35.7715347000001 -118.0183979,35.7716773000001</coordinates></LineString><LineString><coordinates>-118.0183979,35.7716773010001 -118.0151257,35.7740889 -118.014234,35.7726674 -118.0134786,35.7722593 -118.0139195,35.7740354000001 -118.0134267,35.7737041 -118.0148142,35.7755905000001 -118.0176328,35.7744826000001 -118.0182394,35.7756538 -118.0199146,35.7762808000001 -118.0188455,35.7780920000001 -118.0196048,35.779214</coordinates></LineString><LineString><coordinates>-118.019604801,35.779214 -118.0210097,35.7797542000001 -118.0223152,35.7820638000001 -118.0153546,35.782179 -118.0132341,35.7814427000001 -118.0119011,35.7799650000001</coordinates></LineString><LineString><coordinates>-118.011901096,35.7799649990001 -118.0101644,35.7808777000001 -118.0084264,35.7802563000001 -118.0022058,35.7811038 -118.0032366,35.7837829000001 -118.0056432,35.7852923</coordinates></LineString><LineString><coordinates>-118.005643201,35.785292301 -118.0076211,35.787136 -118.0087039,35.7915534000001</coordinates></LineString><LineString><coordinates>-118.008703901,35.791553402 -118.0119942,35.7969519000001 -118.0098341,35.7979724 -118.0088514,35.8006625 -118.0102453,35.8031472000001 -118.0137202,35.8050252 -118.0110703,35.8060201000001 -118.0124334,35.8064399 -118.0120194,35.8072424000001 -118.0129143,35.8094299000001 -118.0152539,35.8119513 -118.0110763,35.8089498000001 -118.0104378,35.8102858 -118.0083245,35.8116483000001 -118.0100114,35.8124312 -118.0127454,35.8154955000001</coordinates></LineString><LineString><coordinates>-118.012745402,35.815495502 -118.0167525,35.8173969000001 -118.0167256,35.8189324000001 -118.019367,35.8179476 -118.0261964,35.8197796000001 -118.0369879,35.8262852 -118.0397678,35.8283695000001 -118.0395926,35.8315378 -118.0414339,35.8324020000001 -118.0408547,35.8342538000001 -118.0438661,35.8349974000001 -118.0443065,35.8361751 -118.043056,35.8380794 -118.0471917,35.8391039000001 -118.0491293,35.8405218</coordinates></LineString></MultiGeometry>
  </Placemark>
  <Placemark id="simplified.44">
	<Style><LineStyle><color>ff0000ff</color></LineStyle><PolyStyle><fill>0</fill></PolyStyle></Style>
	<ExtendedData><SchemaData schemaUrl="#simplified">
		<SimpleData name="OBJECTID">44</SimpleData>
		<SimpleData name="Section_Name">CA Section G</SimpleData>
		<SimpleData name="Shape_Length">0.392604860246577</SimpleData>
		<SimpleData name="FolderPath">Track/2 - Central California/CA Section G</SimpleData>
		<SimpleData name="Region">Central California</SimpleData>
	</SchemaData></ExtendedData>
      <MultiGeometry><LineString><coordinates>-118.049129302,35.8405218010001 -118.0507759,35.8422963 -118.0542834,35.8433502 -118.0573041,35.8464079 -118.0586669,35.8463672 -118.060112,35.8496172000001 -118.0639834,35.8524463000001 -118.0635366,35.8537506000001 -118.0644318,35.8569357000001 -118.0632956,35.8577907000001 -118.0632204,35.8589369000001 -118.0669181,35.8645156000001 -118.0666628,35.8652877000001</coordinates></LineString><LineString><coordinates>-118.066662798,35.8652877000001 -118.0644338,35.866412 -118.0606893,35.8668106000001 -118.0597484,35.8681948 -118.0629818,35.8692655 -118.0655775,35.8715621000001 -118.0675009,35.8752153 -118.0663905,35.8772869000001 -118.0705991,35.8808433 -118.0704188,35.8826258 -118.0713555,35.8839251000001 -118.0736117,35.8854876 -118.0754177,35.8855664000001 -118.0756271,35.8867290000001 -118.0774423,35.8873128000001 -118.078162,35.8883814000001 -118.0793813,35.8876365 -118.0809593,35.8897505 -118.0826524,35.8905274000001</coordinates></LineString><LineString><coordinates>-118.082652401,35.8905274000001 -118.0838606,35.8898944000001 -118.0850406,35.8908441 -118.0871027,35.8909437 -118.0875384,35.8897775 -118.089299,35.8898373000001 -118.0944579,35.8915116000001 -118.0945939,35.8924029 -118.0961514,35.8932965000001</coordinates></LineString><LineString><coordinates>-118.096151405,35.8932965020001 -118.0995265,35.8952547000001 -118.1026259,35.8953727000001 -118.1030908,35.8946909000001 -118.104847,35.8960394000001 -118.1085229,35.8967522 -118.1098835,35.8992983000001 -118.1120925,35.8995219 -118.1128276,35.9006243000001 -118.1178128,35.9004814 -118.1193892,35.9012740000001 -118.11993,35.9003227000001 -118.1217826,35.9025639000001 -118.1207663,35.90461 -118.1233386,35.9057040000001 -118.1220109,35.9072961000001 -118.1204168,35.9071658 -118.1220781,35.9095340000001 -118.1250809,35.9106367000001 -118.1255882,35.9097743 -118.1274989,35.9097099000001 -118.1290334,35.9117176 -118.1305988,35.9122852 -118.1294547,35.9145413000001 -118.1305523,35.9143598000001 -118.1308374,35.9159289 -118.1355915,35.9168179000001 -118.1359167,35.9184822 -118.137326,35.9187013000001 -118.1384889,35.9206638000001 -118.139839,35.9207558000001 -118.1397676,35.9215053 -118.1429798,35.9238374 -118.1491788,35.9234472000001 -118.1497509,35.9246229 -118.1475155,35.9246967 -118.1483966,35.9253640000001 -118.1498582,35.9299527000001 -118.1487767,35.9320362 -118.1501694,35.9353412 -118.150564,35.9393879 -118.1527176,35.9423972000001 -118.150659,35.946489 -118.1516846,35.9512297000001 -118.1526559,35.9521607 -118.1515499,35.9540454</coordinates></LineString><LineString><coordinates>-118.151549899,35.9540454 -118.1502629,35.9552306 -118.1507092,35.9601977 -118.1518069,35.9619991000001 -118.1511314,35.9651391 -118.1526388,35.9679864 -118.152395,35.9695828000001 -118.1556637,35.9727005 -118.1553754,35.9737416 -118.1560865,35.9746319000001 -118.1545515,35.97999 -118.1524997,35.9830685000001 -118.1505801,35.9840554</coordinates></LineString><LineString><coordinates>-118.150580099,35.9840554 -118.1465493,35.9858579 -118.1467554,35.9887399</coordinates></LineString><LineString><coordinates>-118.146755399,35.988739901 -118.1470751,35.9914552000001 -118.1426311,35.9936127</coordinates></LineString><LineString><coordinates>-118.142631099,35.9936127 -118.1413109,35.9970763000001 -118.1413524,36.0022163 -118.1373937,36.0031732 -118.1360885,36.0044536 -118.136675,36.0087219000001 -118.135577,36.010835</coordinates></LineString><LineString><coordinates>-118.135576999,36.010835 -118.1330636,36.0118150000001 -118.1335931,36.0131961000001 -118.1313393,36.0146947000001 -118.1315782,36.0158207000001 -118.133647,36.0175687 -118.1337097,36.0215359000001 -118.1347316,36.0225467000001 -118.1328802,36.025 -118.1334365,36.0260839000001 -118.1325858,36.0293316 -118.1334373,36.0317692 -118.1321764,36.0335567000001</coordinates></LineString><LineString><coordinates>-118.1321764,36.0335567010001 -118.1340709,36.0372794 -118.1335749,36.0400657000001</coordinates></LineString><LineString><coordinates>-118.133574899,36.040065702 -118.1328475,36.0423513000001 -118.1331583,36.0449665 -118.1317425,36.0464412000001</coordinates></LineString><LineString><coordinates>-118.131742498,36.046441202 -118.129118,36.0498517 -118.1306369,36.0522498</coordinates></LineString><LineString><coordinates>-118.1306369,36.0522498010001 -118.1299714,36.0562624 -118.1307276,36.0587477 -118.1293195,36.0654677000001</coordinates></LineString><LineString><coordinates>-118.1293195,36.065467702 -118.1297856,36.0677038000001 -118.1267939,36.0740341000001 -118.1270422,36.0763025000001 -118.1251793,36.0774356000001</coordinates></LineString></MultiGeometry>
  </Placemark>
  <Placemark id="simplified.45">
	<Style><LineStyle><color>ff0000ff</color></LineStyle><PolyStyle><fill>0</fill></PolyStyle></Style>
	<ExtendedData><SchemaData schemaUrl="#simplified">
		<SimpleData name="OBJECTID">45</SimpleData>
		<SimpleData name="Section_Name">CA Section G</SimpleData>
		<SimpleData name="Shape_Length">0.46734328751531</SimpleData>
		<SimpleData name="FolderPath">Track/2 - Central California/CA Section G</SimpleData>
		<SimpleData name="Region">Central California</SimpleData>
	</SchemaData></ExtendedData>
      <MultiGeometry><LineString><coordinates>-118.125179299,36.077435601 -118.1239385,36.0788386 -118.1236567,36.0819116000001 -118.124733,36.0840208000001 -118.1235313,36.0871871000001 -118.1240694,36.0899685000001 -118.1224084,36.0926956000001 -118.1194604,36.0941688 -118.1200772,36.0944673000001 -118.1197973,36.0965089000001 -118.1210527,36.0965252 -118.1213155,36.097223 -118.1189987,36.1011169000001 -118.1192052,36.1033189 -118.1184952,36.1035713000001 -118.1180098,36.1065261000001 -118.1194838,36.1077077 -118.1222228,36.1070824 -118.1233831,36.1076224 -118.1223575,36.1103924000001 -118.1237011,36.1096935 -118.123953,36.1130747 -118.1261999,36.1150170000001 -118.1272274,36.1147962000001 -118.1287051,36.1177109000001 -118.1296668,36.1181675 -118.133912,36.1262894000001 -118.1336545,36.1292351000001 -118.1344152,36.1309297 -118.1400534,36.1391886000001 -118.1447667,36.1444465000001 -118.1455985,36.1479011000001 -118.1475303,36.1513955 -118.1464511,36.1577535000001 -118.1438056,36.1600714 -118.144574,36.1604246000001 -118.1442203,36.1650980000001 -118.1425883,36.1658163000001 -118.1418694,36.1677599000001 -118.140214,36.1680700000001 -118.1382051,36.1707864000001 -118.1356948,36.1696042 -118.1368112,36.1730900000001 -118.1341761,36.1762468000001 -118.1357346,36.1777426 -118.1349665,36.1792929000001</coordinates></LineString><LineString><coordinates>-118.134966498,36.1792929000001 -118.1332293,36.1800473000001 -118.1313575,36.1824172 -118.1289378,36.181951 -118.1282769,36.1826032000001 -118.1306316,36.1858729 -118.1342245,36.1878037000001 -118.1348869,36.1929365 -118.1361761,36.1932192 -118.1367149,36.1942969 -118.136168,36.1955066 -118.136818,36.1965082 -118.135951,36.1973461000001 -118.1380805,36.2025081 -118.1364805,36.2084176000001 -118.138248,36.2168099 -118.1379897,36.2186075000001 -118.1354582,36.2212566000001 -118.1359562,36.2239141000001 -118.1352417,36.2251102000001</coordinates></LineString><LineString><coordinates>-118.135241699,36.2251102010001 -118.133727,36.2259446 -118.134813,36.2272845000001 -118.1336135,36.2273376000001 -118.1282774,36.2239944 -118.1273521,36.2269317000001 -118.1282437,36.2277362 -118.1268969,36.2294557000001 -118.1278862,36.2301153000001 -118.1226139,36.2305366000001 -118.1217927,36.2313696000001 -118.1219805,36.2326880000001 -118.1195115,36.2328708000001 -118.1171265,36.2361474 -118.1181727,36.2389994000001 -118.1180179,36.2413633 -118.1222632,36.2460915 -118.1267459,36.2491336000001 -118.1261453,36.2513005000001 -118.1232214,36.2550722 -118.1235094,36.2570013000001 -118.1268934,36.2604545 -118.1281489,36.2605314 -118.1277009,36.2619591000001 -118.1292222,36.2607722000001 -118.1287493,36.2619946 -118.1306851,36.2638024 -118.1355105,36.2648668 -118.1335173,36.2682519000001 -118.1368638,36.2716144 -118.1365197,36.2736002 -118.1380164,36.2746122</coordinates></LineString><LineString><coordinates>-118.1380164,36.274612201 -118.1406782,36.2765987000001 -118.1399623,36.2777854 -118.1411094,36.2802595000001</coordinates></LineString><LineString><coordinates>-118.1411094,36.280259501 -118.1414962,36.2830739 -118.1405167,36.2870956 -118.1337372,36.2903525 -118.1327921,36.2964589000001 -118.131374,36.2971611 -118.1302992,36.2968035000001 -118.1312334,36.3015795000001 -118.1281568,36.3031730000001 -118.124607,36.3027679 -118.1234037,36.3054665000001 -118.1212604,36.3066252 -118.1212674,36.3093654 -118.1283301,36.3123539000001 -118.1309544,36.3153313 -118.1314661,36.3179793</coordinates></LineString><LineString><coordinates>-118.131466101,36.317979301 -118.1321389,36.3202017 -118.1309371,36.3212866000001 -118.1315173,36.3256861 -118.1332426,36.3244196000001 -118.1332249,36.3263627000001 -118.1352267,36.3264265 -118.1333716,36.3276648 -118.133981,36.3282361 -118.1330894,36.3287489000001 -118.1340447,36.3291865 -118.1323334,36.3299046000001 -118.1341221,36.3326718000001 -118.1333208,36.3337877000001 -118.1335964,36.3347900000001 -118.1318275,36.3379912 -118.1292538,36.3398341000001 -118.1313518,36.3398330000001 -118.1295724,36.3417341000001 -118.1296259,36.3432903 -118.1276319,36.3442792000001 -118.1283719,36.3451415000001 -118.1252388,36.3470502000001 -118.1262634,36.348661 -118.1231121,36.3531372 -118.1233866,36.3558015 -118.1260459,36.3567493 -118.1242074,36.3574946000001 -118.1259685,36.3577302 -118.1255128,36.3580256000001</coordinates></LineString><LineString><coordinates>-118.125512799,36.3580256000001 -118.1276303,36.3625341000001 -118.1316229,36.3633025 -118.1327263,36.3681938</coordinates></LineString></MultiGeometry>
  </Placemark>
  <Placemark id="simplified.46">
	<Style><LineStyle><color>ff0000ff</color></LineStyle><PolyStyle><fill>0</fill></PolyStyle></Style>
	<ExtendedData><SchemaData schemaUrl="#simplified">
		<SimpleData name="OBJECTID">46</SimpleData>
		<SimpleData name="Section_Name">CA Section G</SimpleData>
		<SimpleData name="Shape_Length">0.487480654417177</SimpleData>
		<SimpleData name="FolderPath">Track/2 - Central California/CA Section G</SimpleData>
		<SimpleData name="Region">Central California</SimpleData>
	</SchemaData></ExtendedData>
      <MultiGeometry><LineString><coordinates>-118.1327263,36.3681938010001 -118.1331672,36.3693420000001 -118.134371,36.3697139000001 -118.1359246,36.3692007000001 -118.1375977,36.3699740000001 -118.1419719,36.3690405 -118.1461036,36.3722126000001 -118.1489619,36.3727423 -118.14961,36.373432 -118.1492156,36.3761837000001 -118.1503028,36.3787291 -118.1493424,36.3824470000001 -118.1507237,36.381741 -118.1579196,36.3857321</coordinates></LineString><LineString><coordinates>-118.157919601,36.385732101 -118.1619813,36.3910624000001 -118.1611449,36.3954717 -118.1602254,36.3969265000001 -118.1586724,36.3973018</coordinates></LineString><LineString><coordinates>-118.158672399,36.397301801 -118.153628,36.3981532 -118.1513721,36.4006134000001 -118.1496883,36.4006137000001 -118.148079,36.4035270000001 -118.1494766,36.4044436 -118.1506806,36.4082547 -118.1428754,36.4104932000001 -118.1413688,36.4124624 -118.1388284,36.4132567 -118.1390794,36.4181223000001 -118.1478203,36.4243176000001 -118.1474161,36.4273187000001 -118.1484481,36.4264053000001 -118.1501836,36.428209 -118.1516052,36.4284901 -118.1547416,36.4272664000001 -118.1564903,36.4282778 -118.1554987,36.4290337 -118.1575926,36.4288577 -118.1574215,36.430839 -118.1635385,36.4292135000001 -118.1654429,36.4296759000001</coordinates></LineString><LineString><coordinates>-118.165442904,36.4296759010001 -118.1726061,36.4259329000001</coordinates></LineString><LineString><coordinates>-118.172606109,36.4259328960001 -118.1740306,36.4252208 -118.1752378,36.4257160000001 -118.1786654,36.4297832 -118.1785401,36.4280828 -118.1854445,36.4327299 -118.188572,36.4334841 -118.2015442,36.4318851 -118.203361,36.4313778000001 -118.207034,36.4285499000001 -118.2123422,36.4275051000001 -118.2144759,36.4288831000001 -118.2154914,36.4314317000001 -118.2190016,36.4339252</coordinates></LineString><LineString><coordinates>-118.219001601,36.4339252010001 -118.2212917,36.4357590000001 -118.2214006,36.4370489 -118.2169841,36.4411073000001 -118.2201666,36.4443112000001</coordinates></LineString><LineString><coordinates>-118.2201666,36.4443112010001 -118.2204033,36.445114 -118.2176172,36.4481352 -118.2158507,36.4535087 -118.2190187,36.4527917 -118.2206233,36.4538210000001 -118.2283745,36.4541416000001 -118.2307415,36.4572169 -118.2423382,36.4629955 -118.2437363,36.4654828000001 -118.250761,36.4683366 -118.2511777,36.4735734000001 -118.2539518,36.4734694000001 -118.2572785,36.4718392 -118.2579039,36.4728868 -118.2600577,36.4735816 -118.2605696,36.4751596 -118.262441,36.4768391000001 -118.2675771,36.4798348 -118.2726009,36.4786927000001 -118.27566,36.4805849000001 -118.2784364,36.4812413000001 -118.2836201,36.4791838 -118.2851079,36.4793107 -118.2867555,36.4806529000001 -118.2888327,36.4807522 -118.2967271,36.4794957 -118.3031031,36.4824441000001 -118.3059396,36.4827634000001</coordinates></LineString><LineString><coordinates>-118.305939601,36.4827634000001 -118.3094662,36.4817167 -118.3146207,36.4826709000001 -118.3148738,36.4807769000001 -118.3163318,36.4819287 -118.3170507,36.4841701</coordinates></LineString><LineString><coordinates>-118.317050702,36.4841701 -118.3211423,36.4857187000001 -118.3229358,36.4872767000001 -118.3226082,36.4877941</coordinates></LineString><LineString><coordinates>-118.322608199,36.4877941010001 -118.3212187,36.4878916000001 -118.3218779,36.4886067 -118.3210042,36.4894899 -118.3221988,36.4902896 -118.3197856,36.4908780000001</coordinates></LineString><LineString><coordinates>-118.319785599,36.4908780000001 -118.3190519,36.492285 -118.3214429,36.4946695 -118.3247606,36.4935689000001 -118.3284788,36.494736 -118.3306397,36.4968434 -118.3376328,36.4964543</coordinates></LineString><LineString><coordinates>-118.337632802,36.496454301 -118.3375763,36.4974037000001 -118.3386882,36.498029 -118.3429745,36.4984910000001 -118.3429187,36.499491 -118.3452798,36.4998715 -118.3435944,36.5014953 -118.3431778,36.5069761 -118.3442235,36.5096882 -118.3457867,36.5112788000001 -118.3464933,36.5148241000001 -118.3483481,36.5167772 -118.3495899,36.5168371 -118.3498285,36.5174663 -118.3484531,36.5180706 -118.3492728,36.5182321 -118.3489656,36.5191106</coordinates></LineString><LineString><coordinates>-118.348965599,36.5191106010001 -118.3485342,36.5219091000001 -118.349191,36.524056 -118.3568209,36.5264706 -118.3620065,36.5294048000001 -118.3648579,36.5395825000001</coordinates></LineString><LineString><coordinates>-118.364857901,36.539582502 -118.3660883,36.5411814 -118.3657241,36.5432265000001 -118.364176,36.5457817000001 -118.3604068,36.5480975</coordinates></LineString></MultiGeometry>
  </Placemark>
  <Placemark id="simplified.47">
	<Style><LineStyle><color>ff0000ff</color></LineStyle><PolyStyle><fill>0</fill></PolyStyle></Style>
	<ExtendedData><SchemaData schemaUrl="#simplified">
		<SimpleData name="OBJECTID">47</SimpleData>
		<SimpleData name="Section_Name">WA Section H</SimpleData>
		<SimpleData name="Shape_Length">0.388423326509801</SimpleData>
		<SimpleData name="FolderPath">Track/5 - Washington/WA Section H</SimpleData>
		<SimpleData name="Region">Washington</SimpleData>
	</SchemaData></ExtendedData>
      <LineString><coordinates>-121.8706746,45.6598086000001 -121.8741684,45.6611423000001 -121.8794855,45.6600504 -121.8811284,45.6589249 -121.8849263,45.6602401000001 -121.8904167,45.6574653000001 -121.8916708,45.6617744000001 -121.8944175,45.6618158000001 -121.8950924,45.6628902 -121.897693025,45.6617749760001 -121.9050002,45.6629343000001 -121.9076998,45.6590022 -121.9131106,45.6546977 -121.9160401,45.6539841000001 -121.9195265,45.6545582000001 -121.9262271,45.6532932000001 -121.9329271,45.6557471 -121.9334234,45.6593032000001 -121.935276,45.6631051000001 -121.9345435,45.6645952000001 -121.9366146,45.6657564000001 -121.939567,45.6657526000001 -121.9395233,45.6678704 -121.9416947,45.6673749 -121.9437487,45.6690784 -121.950317,45.6673885000001 -121.9559238,45.6690165000001 -121.9569054,45.667894 -121.9593557,45.6680931000001 -121.9595241,45.6649110000001 -121.9628726,45.6626644 -121.9648975,45.6634178 -121.966107,45.6652763000001 -121.9685339,45.6648381000001 -121.9708813,45.6665969000001 -121.9754328,45.6654478 -121.97681,45.6661807 -121.9771243,45.6680613 -121.9784805,45.6667556 -121.9787394,45.6704836000001 -121.9777691,45.6714022 -121.9802572,45.6737350000001 -121.978495,45.6753141 -121.9780774,45.6786646 -121.9804268,45.6797277000001 -121.9817165,45.6820385 -121.9829403,45.6822871000001 -121.9843974,45.6813460000001 -121.9895602,45.6847687000001 -121.9896466,45.6894717000001 -121.9912456,45.6912535000001 -121.9898806,45.6921382 -121.9891281,45.6941466000001 -121.9903486,45.6980795000001 -121.9952819,45.6991622 -121.9981025,45.7014756 -121.9994795,45.7016954000001 -122.0004921,45.7036445000001 -121.9964564,45.7022945000001 -121.993673,45.7025313 -121.9963838,45.7073893 -121.9996036,45.710766 -122.0033002,45.7134011000001 -122.0063289,45.7136150000001 -122.0077127,45.7148711 -122.0079199,45.7162449 -122.0057948,45.7172567000001 -122.0052972,45.7188247 -122.0105993,45.726098 -122.0146775,45.7275504 -122.0194859,45.7321103 -122.021717,45.7324621000001 -122.0239084,45.7347912000001 -122.0264096,45.7349451000001 -122.027189,45.7361979 -122.0302128,45.7366254 -122.0363428,45.7339406 -122.040094,45.7344327000001 -122.0431509,45.7363388000001 -122.0429437,45.7384814000001 -122.0445307,45.740817 -122.0437239,45.7417644000001 -122.0452235,45.7425708000001 -122.043164,45.7423728000001 -122.043313,45.7430528 -122.0466633,45.7437244000001 -122.0444638,45.7460748 -122.0448094,45.7471291000001 -122.0439252,45.7484781000001 -122.0428844,45.7491543 -122.040657,45.7479181 -122.036166,45.7482987000001 -122.0331355,45.7498398000001 -122.036515,45.7498719000001 -122.0371082,45.7520973000001 -122.0439481,45.7556555 -122.0436929,45.7568347000001 -122.0418725,45.7583943000001 -122.0417228,45.7598701000001 -122.0405729,45.7602713000001 -122.0409284,45.7614058 -122.0402531,45.7622012 -122.0360164,45.7641218000001 -122.0391154,45.7672204 -122.0352314,45.7662449000001 -122.0342196,45.7652134000001 -122.0330278,45.7660442000001 -122.0284787,45.7652938000001</coordinates></LineString>
  </Placemark>
  <Placemark id="simplified.48">
	<Style><LineStyle><color>ff0000ff</color></LineStyle><PolyStyle><fill>0</fill></PolyStyle></Style>
	<ExtendedData><SchemaData schemaUrl="#simplified">
		<SimpleData name="OBJECTID">48</SimpleData>
		<SimpleData name="Section_Name">WA Section H</SimpleData>
		<SimpleData name="Shape_Length">0.407826308055728</SimpleData>
		<SimpleData name="FolderPath">Track/5 - Washington/WA Section H</SimpleData>
		<SimpleData name="Region">Washington</SimpleData>
	</SchemaData></ExtendedData>
      <LineString><coordinates>-122.0284787,45.7652938000001 -122.0276071,45.7648377 -122.0262483,45.7655936 -122.0260774,45.767908 -122.0210285,45.7716181000001 -122.0203135,45.7735248000001 -122.0184426,45.7728413 -122.0163754,45.7754780000001 -122.0174698,45.7768001000001 -122.0175841,45.7798141000001 -122.0219065,45.7823738000001 -122.0202969,45.7833113 -122.0225522,45.7833418000001 -122.0212017,45.7864767 -122.0219455,45.7886279000001 -122.0192039,45.7893355 -122.0223606,45.7921194 -122.0212847,45.7942373000001 -122.0198528,45.7951171 -122.0182028,45.7948095 -122.0125427,45.7919519000001 -122.0097142,45.7938969 -122.005376,45.7916597 -122.0003866,45.7930822000001 -121.9983248,45.7919442 -121.9952286,45.7928244 -121.9929165,45.7918296 -121.9925666,45.7928968000001 -121.9904921,45.793888 -121.9898658,45.7963491 -121.9856066,45.7964262 -121.9866647,45.7971185000001 -121.9866914,45.7984294 -121.9846391,45.7995799 -121.9854781,45.8012106 -121.9866328,45.8016165000001 -121.9860715,45.8045114000001 -121.9826214,45.8033993000001 -121.9830188,45.803817 -121.9801675,45.8045615 -121.9802001,45.8053093 -121.9846976,45.8063070000001 -121.9849078,45.807032 -121.9815369,45.8070973000001 -121.9802226,45.8081171000001 -121.9723532,45.8075589000001 -121.9726641,45.8083198 -121.9717763,45.8096025 -121.9693427,45.8112611000001 -121.9701259,45.8096341 -121.9690065,45.809224 -121.9689285,45.8081054 -121.9671554,45.8083093000001 -121.9680069,45.8099497000001 -121.966215,45.8105505 -121.9665819,45.8121465 -121.9634978,45.8123649 -121.9614927,45.8115361000001 -121.9509564,45.8109593 -121.9420612,45.8072369000001 -121.939015,45.80755 -121.9372274,45.8097571000001 -121.934771,45.8109519000001 -121.9303665,45.8104548000001 -121.9288231,45.8095567 -121.9259618,45.8117198 -121.9224081,45.8128949000001 -121.9241309,45.8193529000001 -121.9232621,45.8188221 -121.9224124,45.8199298000001 -121.917023,45.8199062 -121.9154973,45.8207315000001 -121.9130479,45.8199162000001 -121.9129814,45.8208665000001 -121.9098859,45.8200527000001 -121.9112036,45.8219178000001 -121.90766,45.8232028 -121.8988678,45.8203886000001 -121.8881514,45.8194286 -121.8825649,45.8175906000001 -121.8769394,45.8180840000001 -121.8763327,45.8166517000001 -121.8748827,45.8190109000001 -121.8752305,45.8173986 -121.8739428,45.815364 -121.8739807,45.8171966 -121.8729093,45.8186586 -121.8727066,45.8162557000001 -121.8681879,45.8122112 -121.8682485,45.8186450000001 -121.8659505,45.8156880000001 -121.8661078,45.8183191000001 -121.8654858,45.8174096000001 -121.8639701,45.8181456 -121.8607547,45.8177436 -121.857774,45.8227295 -121.8544779,45.8251549 -121.850839,45.8251117 -121.8494745,45.8241659 -121.8508756,45.8236481000001 -121.8493506,45.8235962000001 -121.8475098,45.8266747000001 -121.845076,45.8278396000001 -121.8449679,45.8288107000001 -121.8435332,45.8275137000001 -121.8394626,45.8267894000001 -121.8376748,45.8280858000001 -121.8283341,45.8283000000001 -121.8239782,45.8259723 -121.8210741,45.8278842 -121.8205003,45.8294946 -121.811008,45.8306729000001 -121.8103492,45.83378 -121.8062464,45.8338380000001 -121.8033063,45.8369576000001</coordinates></LineString>
  </Placemark>
  <Placemark id="simplified.49">
	<Style><LineStyle><color>ff0000ff</color></LineStyle><PolyStyle><fill>0</fill></PolyStyle></Style>
	<ExtendedData><SchemaData schemaUrl="#simplified">
		<SimpleData name="OBJECTID">49</SimpleData>
		<SimpleData name="Section_Name">WA Section H</SimpleData>
		<SimpleData name="Shape_Length">0.418831318341375</SimpleData>
		<SimpleData name="FolderPath">Track/5 - Washington/WA Section H</SimpleData>
		<SimpleData name="Region">Washington</SimpleData>
	</SchemaData></ExtendedData>
      <LineString><coordinates>-121.8033063,45.8369576000001 -121.804448,45.8375518 -121.8029666,45.8393606000001 -121.7971261,45.8412138 -121.7981842,45.8414433 -121.7986004,45.8421774 -121.7975711,45.8417601 -121.7965434,45.8423856000001 -121.7975374,45.8441501 -121.7888003,45.8457294 -121.7850537,45.8481885 -121.786527,45.849884 -121.7864853,45.8511654000001 -121.7891424,45.8541332 -121.7873235,45.8601654 -121.7858581,45.8620546000001 -121.7872928,45.8627615 -121.7893186,45.8624205 -121.7860298,45.8640734000001 -121.7866058,45.8652434000001 -121.7861079,45.8663304 -121.787864,45.8668278000001 -121.7903131,45.8715087 -121.7890938,45.8749868 -121.7894278,45.8759582000001 -121.7933752,45.8772386000001 -121.7887877,45.8792083000001 -121.7861952,45.8790467000001 -121.7889693,45.8804312 -121.780717,45.8846960000001 -121.7811718,45.8867066 -121.7801129,45.8885997 -121.7805798,45.8904912 -121.7851061,45.8933963000001 -121.7962804,45.8928345 -121.7984304,45.8968854 -121.7973239,45.8989483 -121.7976587,45.9010047 -121.8027576,45.9053913000001 -121.8023005,45.9090401 -121.8044101,45.9120077000001 -121.8043519,45.9144873000001 -121.8022602,45.9153863000001 -121.8011717,45.9216039 -121.7995149,45.9210311000001 -121.79896,45.9222173000001 -121.7990146,45.9262184 -121.8021405,45.9323801 -121.8065382,45.9346551 -121.8058773,45.9362023 -121.8073484,45.9376577 -121.8069315,45.9410077000001 -121.8104591,45.9431561000001 -121.8131417,45.9476791000001 -121.8136346,45.9510950000001 -121.8160049,45.9528100000001 -121.8109368,45.9541261000001 -121.8106066,45.9548773000001 -121.8130389,45.9541431000001 -121.8140484,45.9543790000001 -121.8149532,45.9551594000001 -121.8130521,45.9549915000001 -121.8114717,45.9579141 -121.8121267,45.9589037000001 -121.8114947,45.9606906000001 -121.8124686,45.9626023000001 -121.8117175,45.9647856 -121.8068248,45.9675560000001 -121.8070493,45.9696260000001 -121.8061301,45.9709411000001 -121.8067135,45.970895 -121.8056466,45.9711153000001 -121.8061761,45.9716209000001 -121.8053538,45.9712787 -121.806634,45.9724828000001 -121.8060205,45.9736665 -121.7997346,45.9790393000001 -121.7959127,45.980304 -121.79649,45.98348 -121.7942499,45.9848230000001 -121.7934657,45.9863780000001 -121.7949118,45.9886262000001 -121.7932665,45.9912518 -121.7942616,45.9929648 -121.7946712,45.9965304 -121.7940541,45.9967428 -121.7958438,45.9972599000001 -121.7961973,45.9982867000001 -121.7956196,46.0007678000001 -121.7881631,46.0033988000001 -121.7890593,46.004873 -121.7875361,46.0068596 -121.7885017,46.0083984 -121.7878198,46.0097566000001 -121.7893804,46.0116312000001 -121.7875906,46.0145378 -121.788602,46.0160739 -121.7869457,46.0194013 -121.7878535,46.0217152000001 -121.7854667,46.0238983 -121.7876154,46.0269525 -121.7863702,46.0278748000001 -121.7882015,46.0296134000001 -121.7866063,46.032586 -121.7855744,46.0415088 -121.7833882,46.0422023 -121.782858,46.0433219000001 -121.7784296,46.0442579 -121.7776279,46.0479697000001 -121.7780631,46.0501093 -121.7748628,46.0546387000001 -121.7743682,46.0535224000001 -121.7737492,46.0545489 -121.7729447,46.0575883000001 -121.7737204,46.0607519000001 -121.7758103,46.0640095000001 -121.7751944,46.0674927000001 -121.776019968,46.069266531 -121.7757582,46.0737780000001 -121.77380003,46.0777259990001 -121.771950983,46.078366041 -121.7730594,46.0793564000001 -121.7721026,46.0813023000001 -121.7725702,46.0825035 -121.767658,46.0850468 -121.7681178,46.0864955000001</coordinates></LineString>
  </Placemark>
  <Placemark id="simplified.50">
	<Style><LineStyle><color>ff0000ff</color></LineStyle><PolyStyle><fill>0</fill></PolyStyle></Style>
	<ExtendedData><SchemaData schemaUrl="#simplified">
		<SimpleData name="OBJECTID">50</SimpleData>
		<SimpleData name="Section_Name">WA Section H</SimpleData>
		<SimpleData name="Shape_Length">0.454656344224607</SimpleData>
		<SimpleData name="FolderPath">Track/5 - Washington/WA Section H</SimpleData>
		<SimpleData name="Region">Washington</SimpleData>
	</SchemaData></ExtendedData>
      <LineString><coordinates>-121.7681178,46.0864955000001 -121.7691794,46.0883188000001 -121.7673034,46.0890841 -121.7659639,46.0918255 -121.7577299,46.0944894 -121.7573632,46.0963764000001 -121.7542766,46.0971583 -121.7521944,46.0990602000001 -121.748711,46.0994898000001 -121.7504843,46.1035277 -121.755702,46.1062488000001 -121.7589596,46.1095781000001 -121.7591312,46.1122907000001 -121.7562453,46.1161196 -121.7593982,46.1196695 -121.763497,46.1211554000001 -121.7556953,46.1223441000001 -121.7530236,46.1250607000001 -121.7476088,46.1266533 -121.7423731,46.1251377 -121.7396075,46.1254718000001 -121.7337413,46.1236786000001 -121.73335,46.1210360000001 -121.7320241,46.1194872 -121.7296612,46.1178765000001 -121.7278337,46.1178052000001 -121.727045,46.1191471000001 -121.7258112,46.1193597000001 -121.7273928,46.1212558 -121.7257572,46.1228621000001 -121.7219815,46.1237511 -121.7202457,46.1250301000001 -121.7181034,46.1246218000001 -121.7158032,46.1266223000001 -121.7120524,46.1268272 -121.7082434,46.1313535 -121.7086848,46.1331059 -121.7064682,46.1341371 -121.7054245,46.1363174000001 -121.7045391,46.1365200000001 -121.7019483,46.1365268000001 -121.6992187,46.1354643000001 -121.6962435,46.1362457000001 -121.6955189,46.1355871000001 -121.6941397,46.1363751000001 -121.6940815,46.1350378000001 -121.6900193,46.1349203 -121.6887179,46.1330024000001 -121.686997,46.1338679 -121.6820047,46.1325479000001 -121.6808748,46.1329274 -121.6773469,46.1317237000001 -121.6753917,46.1320153 -121.6746614,46.1307428000001 -121.6723934,46.1323980000001 -121.6677684,46.1326337 -121.6679066,46.1318025 -121.6642585,46.1335469000001 -121.6641968,46.1324452000001 -121.6655179,46.1315023000001 -121.6628893,46.1318683000001 -121.6614738,46.1332709000001 -121.6607916,46.1322226 -121.6542418,46.1342652000001 -121.6520581,46.1342492000001 -121.6515268,46.1330267000001 -121.6500421,46.1331557 -121.6485555,46.1345420000001 -121.6455752,46.1406417000001 -121.641042,46.1441089960001 -121.6373763,46.1495354 -121.6351824,46.1547567000001 -121.6352973,46.1597381 -121.6309335,46.1621522 -121.6310026,46.1632802 -121.6285203,46.1637651 -121.6295426,46.1644993 -121.6291327,46.1657891 -121.6264116,46.1709663 -121.6267064,46.1719338 -121.6253341,46.1732486000001 -121.6269548,46.1750612000001 -121.6269986,46.1764242 -121.6231384,46.1799338000001 -121.6246797,46.1817574 -121.6239592,46.1836437000001 -121.6243491,46.1853829 -121.6211001,46.1856938000001 -121.6199399,46.1874545000001 -121.6165713,46.1857224 -121.6149644,46.1861064 -121.611786,46.1840252000001 -121.6055059,46.1820798000001 -121.5985285,46.1785307000001 -121.5993923,46.1799236000001 -121.5978896,46.1810370000001 -121.5990818,46.1820690000001 -121.5979401,46.1829831000001 -121.5991954,46.1839659 -121.5956095,46.1842499000001 -121.5943067,46.1834927 -121.583357,46.1870144000001 -121.5807965,46.1865283000001 -121.5808043,46.1855601 -121.5792585,46.1848860000001 -121.5786818,46.1862049000001 -121.5766913,46.1867100000001 -121.575608,46.1862951000001 -121.5763804,46.1850398 -121.5752059,46.1840663 -121.5774428,46.1811064 -121.5688189,46.1797712000001 -121.5690917,46.1811445000001 -121.5705498,46.1810515000001 -121.5724307,46.1825020000001 -121.5681988,46.1856547 -121.5664268,46.1889495 -121.5647332,46.1900637000001 -121.5658066,46.1922247000001 -121.5688342,46.1933602 -121.5689042,46.1949199000001 -121.5713865,46.1970198000001 -121.5688932,46.2023288 -121.5709876,46.2039325000001 -121.5686588,46.2048121 -121.5681611,46.2059333 -121.5700844,46.2071013 -121.57003,46.2081021000001 -121.5738116,46.2099003000001 -121.5728529,46.2112766000001 -121.5706335,46.2110124000001 -121.5704492,46.2126194000001 -121.5684075,46.2129313 -121.567539,46.2150692000001 -121.5648181,46.2171522 -121.5650783,46.2184606000001 -121.5634586,46.2208045 -121.5641418,46.2219311000001</coordinates></LineString>
  </Placemark>
  <Placemark id="simplified.51">
	<Style><LineStyle><color>ff0000ff</color></LineStyle><PolyStyle><fill>0</fill></PolyStyle></Style>
	<ExtendedData><SchemaData schemaUrl="#simplified">
		<SimpleData name="OBJECTID">51</SimpleData>
		<SimpleData name="Section_Name">WA Section H</SimpleData>
		<SimpleData name="Shape_Length">0.471615140318283</SimpleData>
		<SimpleData name="FolderPath">Track/5 - Washington/WA Section H</SimpleData>
		<SimpleData name="Region">Washington</SimpleData>
	</SchemaData></ExtendedData>
      <LineString><coordinates>-121.5641418,46.2219311000001 -121.5645441,46.2226312000001 -121.5637566,46.2234095000001 -121.5644242,46.2241526 -121.5619907,46.2261591000001 -121.5626007,46.2264355 -121.5615421,46.2282680000001 -121.5580809,46.2281585000001 -121.5568748,46.2298642000001 -121.555916,46.2297243 -121.5546448,46.2320691 -121.5527384,46.2335687 -121.5515022,46.2335777000001 -121.5520046,46.2343773000001 -121.5506025,46.2363354 -121.5451548,46.2393599000001 -121.5456355,46.2404772 -121.5427894,46.2433664000001 -121.5431179,46.2442716 -121.5417188,46.2451390000001 -121.5430808,46.2477716000001 -121.5401813,46.2478468 -121.5375555,46.2500106000001 -121.5332302,46.2504803 -121.5320514,46.2528864000001 -121.5300649,46.2529506000001 -121.5291652,46.2520795 -121.526061,46.2548176000001 -121.5246557,46.2545765 -121.5252252,46.2551459000001 -121.5229785,46.2555982000001 -121.5210802,46.2550338 -121.5193271,46.2561138 -121.5177576,46.2602428000001 -121.5183332,46.2615481 -121.5160855,46.263602 -121.5161933,46.2651218 -121.5150433,46.2659921000001 -121.5141013,46.2687058000001 -121.5145451,46.2703458 -121.5129894,46.2719733000001 -121.5125569,46.2738469000001 -121.5099801,46.2744374000001 -121.5096967,46.2760025000001 -121.5076724,46.2769415000001 -121.5072716,46.2797289000001 -121.5044086,46.2816853 -121.504982,46.2838708 -121.5027648,46.2868028 -121.5066346,46.2898926 -121.5049862,46.2921827000001 -121.5075914,46.29654 -121.5061662,46.2989067 -121.5041928,46.3001627 -121.5042744,46.3019694000001 -121.5071496,46.3041026000001 -121.5111486,46.3039813 -121.5165137,46.3052291000001 -121.5175996,46.3047007000001 -121.5181851,46.3054388 -121.5144653,46.3101084 -121.5142082,46.3134198000001 -121.510729,46.3197802 -121.5080427,46.3221950000001 -121.5042226,46.3285662000001 -121.5087139,46.331803 -121.5170079,46.3492120000001 -121.5184583,46.3512778 -121.5211243,46.3526141 -121.5213715,46.3536053 -121.5206702,46.3538481000001 -121.5217068,46.3544209 -121.5200763,46.3545911000001 -121.5168843,46.3571459 -121.5156694,46.3601257 -121.5129293,46.3609095 -121.508291,46.3640085000001 -121.5086869,46.3663568000001 -121.5057277,46.3682930000001 -121.5027638,46.3689784000001 -121.5014961,46.3722726 -121.4988545,46.3732437 -121.4968993,46.376515 -121.4984699,46.3788212000001 -121.5021903,46.3795304000001 -121.5002344,46.383536 -121.5005566,46.3846001000001 -121.4990023,46.3853510000001 -121.4966884,46.3841824 -121.4934522,46.3845473000001 -121.4892463,46.3862115000001 -121.4838047,46.3927236000001 -121.485311,46.3962504 -121.4821526,46.3951426 -121.4760313,46.3957263 -121.4698218,46.3978602 -121.4653739,46.3981259 -121.4624758,46.4013459000001 -121.4616794,46.4007154000001 -121.4619118,46.3969954 -121.4609182,46.3958925000001 -121.4589171,46.3957987000001 -121.4586795,46.3938695000001 -121.4566416,46.3941082000001 -121.4537014,46.3929994000001 -121.451038,46.3886861 -121.4465503,46.3876770000001 -121.4463439,46.3900723 -121.4439705,46.3915668000001 -121.4370784,46.3907897 -121.4369829,46.3931183 -121.4318905,46.3953357 -121.4325125,46.3964402 -121.4282637,46.3973886000001 -121.4276191,46.3987665000001 -121.4237075,46.4002757000001 -121.4242132,46.4015223000001 -121.4221646,46.4036718 -121.4190513,46.4039230000001 -121.4176179,46.4050287000001 -121.4174484,46.4063324000001 -121.4124035,46.4085305 -121.4105501,46.4112284 -121.4089108,46.4105123000001 -121.4077508,46.4114634000001 -121.4041557,46.4101953000001 -121.4003196,46.4103208000001 -121.3976462,46.4122432 -121.3960754,46.4152742000001 -121.3998809,46.4196131 -121.4033466,46.4202528000001 -121.4028847,46.4218229000001 -121.4068612,46.4230117000001 -121.4066018,46.4259868 -121.4110077,46.4279617 -121.4108675,46.4345727</coordinates></LineString>
  </Placemark>
  <Placemark id="simplified.52">
	<Style><LineStyle><color>ff0000ff</color></LineStyle><PolyStyle><fill>0</fill></PolyStyle></Style>
	<ExtendedData><SchemaData schemaUrl="#simplified">
		<SimpleData name="OBJECTID">52</SimpleData>
		<SimpleData name="Section_Name">WA Section H</SimpleData>
		<SimpleData name="Shape_Length">0.444822701362595</SimpleData>
		<SimpleData name="FolderPath">Track/5 - Washington/WA Section H</SimpleData>
		<SimpleData name="Region">Washington</SimpleData>
	</SchemaData></ExtendedData>
      <LineString><coordinates>-121.4108675,46.4345727 -121.4117911,46.441745 -121.4136545,46.4439149 -121.4164161,46.444961 -121.4182134,46.4528914000001 -121.4204121,46.4550854 -121.4202181,46.4562907000001 -121.4268887,46.4552494000001 -121.4279938,46.4535081000001 -121.4299421,46.4524109000001 -121.4314931,46.4530683 -121.4327988,46.4565687 -121.4301856,46.4607154 -121.4307463,46.462948 -121.4294192,46.4659765000001 -121.4311914,46.4724441000001 -121.4322966,46.4737896 -121.4318049,46.4756126 -121.4326176,46.4786923 -121.4345791,46.4823000000001 -121.4342779,46.4841852000001 -121.4360813,46.4880029 -121.4369136,46.4880670000001 -121.4347861,46.4893582 -121.4350222,46.4903696000001 -121.4412096,46.4907889 -121.443321,46.4898733000001 -121.4449698,46.4867625000001 -121.4461297,46.4865369 -121.4483712,46.4881117 -121.4514348,46.4856693 -121.4569553,46.4865159 -121.4618806,46.4884372000001 -121.4612168,46.489183 -121.4639189,46.4905099000001 -121.4634504,46.4923107000001 -121.464396,46.4953685 -121.463276,46.5019513 -121.4616791,46.5030209000001 -121.4630363,46.5030357000001 -121.4639574,46.5040427000001 -121.4627706,46.5057655000001 -121.4644384,46.5059789000001 -121.4636806,46.5091489000001 -121.4652068,46.5102268000001 -121.4653089,46.5119537 -121.4619145,46.5144441 -121.4589803,46.5147811000001 -121.45783,46.5159403000001 -121.4575812,46.5176371000001 -121.4554134,46.5185759 -121.4544297,46.5239887000001 -121.4527639,46.5255465000001 -121.4525062,46.5286631000001 -121.4512889,46.5309319 -121.4511494,46.5329096 -121.45333,46.5373489 -121.4583304,46.5414039 -121.4536009,46.5425895000001 -121.4513469,46.5406225 -121.443073,46.5395789 -121.4433045,46.5389040000001 -121.4419876,46.5378325 -121.4370032,46.5395435 -121.4351213,46.539544 -121.4358553,46.5387104000001 -121.4346838,46.5393751 -121.4348598,46.5386986 -121.4313562,46.5389667000001 -121.4310759,46.5399315000001 -121.4292246,46.539477 -121.4294112,46.5388492000001 -121.4248151,46.5392308 -121.426213,46.5385987000001 -121.424443,46.5386168000001 -121.422124961,46.540221982 -121.4220386,46.5388747000001 -121.4208019,46.5390604 -121.4210438,46.5415165000001 -121.4185716,46.5426998 -121.4176568,46.5440081 -121.4213738,46.5467569 -121.4207733,46.5477153 -121.4211208,46.5500787 -121.423378,46.5514553 -121.4228779,46.5529743000001 -121.4197261,46.5531794 -121.4209599,46.5563990000001 -121.4234383,46.5581891 -121.4233074,46.5593878000001 -121.4258332,46.5617787 -121.425615,46.5626518 -121.4242424,46.5627935000001 -121.424799,46.5637475 -121.4230621,46.5661814000001 -121.4231984,46.5675479000001 -121.4242511,46.567798 -121.424339041,46.568679968 -121.4225169,46.5696654000001 -121.4168251,46.5704408 -121.4164808,46.5728021 -121.415172,46.573423 -121.4140255,46.5729757 -121.4124204,46.5745736000001 -121.4101555,46.5748935 -121.4076565,46.5739775000001 -121.4074097,46.5754422000001 -121.4060404,46.5746930000001 -121.4032267,46.5760074 -121.3991529,46.5745827000001 -121.3961475,46.5773663000001 -121.4010458,46.5815658000001 -121.4007479,46.5850662 -121.4039631,46.5836275 -121.4047476,46.5825850000001 -121.4043647,46.5815030000001 -121.4053442,46.5821713 -121.4053174,46.5852689000001 -121.4040906,46.5881205000001 -121.4025267,46.5905263000001 -121.3987605,46.5931160000001 -121.4006991,46.5934751 -121.402463,46.5949585000001 -121.4034248,46.6001997000001 -121.4029689,46.6020858000001 -121.4042782,46.6042600000001 -121.4034091,46.6060848000001 -121.4017654,46.6068110000001 -121.400714,46.6104341000001 -121.3992723,46.6104760000001 -121.3994436,46.6117531 -121.3983525,46.6121408000001 -121.3986373,46.6130965 -121.3969146,46.6129362 -121.3918999,46.6158815000001 -121.3894383,46.6161589000001 -121.3852014,46.6183934000001 -121.3814397,46.6185968 -121.3774035,46.6209387000001 -121.3778616,46.6218922 -121.3757859,46.6225394000001 -121.3723845,46.6254855000001 -121.3739955,46.6261784000001</coordinates></LineString>
  </Placemark>
  <Placemark id="simplified.53">
	<Style><LineStyle><color>ff0000ff</color></LineStyle><PolyStyle><fill>0</fill></PolyStyle></Style>
	<ExtendedData><SchemaData schemaUrl="#simplified">
		<SimpleData name="OBJECTID">53</SimpleData>
		<SimpleData name="Section_Name">OR Section F</SimpleData>
		<SimpleData name="Shape_Length">0.512013052721768</SimpleData>
		<SimpleData name="FolderPath">Track/4 - Oregon/OR Section F</SimpleData>
		<SimpleData name="Region">Oregon</SimpleData>
	</SchemaData></ExtendedData>
      <LineString><coordinates>-121.7879626,44.2537192 -121.7892418,44.2541058 -121.790051,44.2575746000001 -121.7912859,44.2582339000001 -121.7961116,44.2580568000001 -121.7956315,44.2572658 -121.7983687,44.2567054 -121.8015342,44.2580033 -121.8019624,44.2590941 -121.8055876,44.2594957000001 -121.805200987,44.2598509600001 -121.8066298,44.260772 -121.808755,44.2612501 -121.8095886,44.2604255000001 -121.811598,44.2615684 -121.8134668,44.2648999 -121.8159897,44.2663461000001 -121.8158944,44.2671683 -121.8144066,44.2675742000001 -121.8169873,44.2689297000001 -121.8194908,44.2688645000001 -121.8211819,44.2705113000001 -121.821699,44.2736741000001 -121.8252917,44.277655 -121.8270057,44.2783218000001 -121.8293192,44.2835665000001 -121.8321665,44.2864739 -121.8324961,44.2907944 -121.8341006,44.2930616 -121.8337011,44.2943858 -121.8319981,44.2948292 -121.8324785,44.2966921 -121.8305583,44.2978755 -121.8300235,44.2992429000001 -121.8268077,44.3003753 -121.8241211,44.3040755000001 -121.8218948,44.3053830000001 -121.8212352,44.3071331 -121.8176606,44.3081267000001 -121.8189704,44.311067 -121.8301697,44.3117126000001 -121.8406131,44.3151577 -121.8460344,44.3156282 -121.8478891,44.317591 -121.8523176,44.3182266000001 -121.8534198,44.3197712 -121.8524654,44.3212983000001 -121.8550438,44.3228507000001 -121.8550921,44.3255358000001 -121.854161,44.3275203000001 -121.8564491,44.3290067 -121.8622112,44.3291701000001 -121.8652066,44.3333041000001 -121.8691497,44.3363363 -121.8675752,44.3378768000001 -121.8677071,44.3389239000001 -121.8667743,44.3389634000001 -121.8651778,44.3410730000001 -121.8681889,44.3441899000001 -121.8666642,44.3459571000001 -121.8669187,44.3484796000001 -121.8654758,44.3495510000001 -121.8653124,44.3519101000001 -121.8672169,44.3528621 -121.8672732,44.3538137 -121.8699955,44.3560410000001 -121.8699984,44.3581305000001 -121.8721943,44.3591067 -121.8715094,44.3613429000001 -121.8699243,44.3622059 -121.864389,44.3633184 -121.8637132,44.3643645000001 -121.861521,44.3642916000001 -121.8574605,44.3668138 -121.8557061,44.3701499000001 -121.8574262,44.3722429000001 -121.857257,44.3749811000001 -121.8561673,44.3760467000001 -121.8546414,44.3761783 -121.855793,44.3780636000001 -121.8559783,44.3803097000001 -121.8524949,44.3819396000001 -121.8496879,44.3847766000001 -121.8499692,44.3883060000001 -121.8488148,44.3902018000001 -121.8482495,44.3939885 -121.8484782,44.395747 -121.8500942,44.3972834 -121.8492971,44.3982826000001 -121.8503273,44.3988561 -121.8484472,44.4015369000001 -121.8489548,44.4037269 -121.8505575,44.4042851 -121.8507778,44.4050692000001 -121.8494375,44.4079860000001 -121.852034,44.40869 -121.8526977,44.4098300000001 -121.8527634,44.4160435000001 -121.8546912,44.4191032000001 -121.8511884,44.422784 -121.849543,44.4232062 -121.8494736,44.4250698000001 -121.8464788,44.4271654 -121.8481908,44.4281978000001 -121.8497549,44.4314782000001 -121.8493208,44.4321467 -121.8505835,44.4329442000001 -121.8523092,44.4324213 -121.854303,44.4355028000001 -121.8539173,44.4365913 -121.8552549,44.4373969000001 -121.843304,44.438839 -121.845408,44.4408680000001 -121.8480891,44.445392 -121.8445679,44.4440888 -121.8425237,44.4443958000001 -121.8446475,44.4454390000001 -121.8451728,44.4514454000001 -121.8481532,44.457227 -121.8463449,44.4602415000001 -121.8484217,44.4611423000001 -121.8459327,44.4622228000001 -121.8473696,44.4623076 -121.8485254,44.4632819 -121.8477173,44.4629848000001 -121.8480653,44.4635633 -121.849408,44.4640055 -121.8494469,44.4651629000001 -121.8535801,44.4673505000001 -121.8523251,44.4708801 -121.8499627,44.4724185000001 -121.8501497,44.4757825 -121.8494441,44.4766263000001 -121.8515073,44.4799981 -121.8545061,44.4817904000001 -121.853536,44.4854456 -121.8541922,44.4872882000001 -121.8522054,44.4866701 -121.8478476,44.4887545 -121.8417289,44.4941944 -121.8383298,44.4994982000001 -121.8350306,44.5027594000001 -121.8323746,44.5040296000001 -121.8297658,44.5031997 -121.828033,44.5049308000001 -121.8273332,44.5040653 -121.8256037,44.5055992000001 -121.8217959,44.5067106000001 -121.8223072,44.5073346 -121.8216533,44.5085219000001 -121.8194886,44.5101793000001 -121.8175275,44.5105340000001 -121.8168313,44.5121280000001 -121.8143705,44.5119235000001 -121.8147366,44.5124917000001 -121.8114243,44.5137751 -121.8110705,44.5148588000001 -121.8119989,44.5161979000001 -121.8104807,44.5197286000001 -121.8138517,44.5207207 -121.814761,44.5216978 -121.8138147,44.5226614000001</coordinates></LineString>
  </Placemark>
  <Placemark id="simplified.54">
	<Style><LineStyle><color>ff0000ff</color></LineStyle><PolyStyle><fill>0</fill></PolyStyle></Style>
	<ExtendedData><SchemaData schemaUrl="#simplified">
		<SimpleData name="OBJECTID">54</SimpleData>
		<SimpleData name="Section_Name">OR Section F</SimpleData>
		<SimpleData name="Shape_Length">0.427023873166701</SimpleData>
		<SimpleData name="FolderPath">Track/4 - Oregon/OR Section F</SimpleData>
		<SimpleData name="Region">Oregon</SimpleData>
	</SchemaData></ExtendedData>
      <LineString><coordinates>-121.8138147,44.5226614000001 -121.814277649,44.5264205930001 -121.812484741,44.5264739990001 -121.810844421,44.528377533 -121.812896729,44.5298156740001 -121.81262207,44.5307502750001 -121.8153182,44.5331331 -121.816447,44.5354798000001 -121.815904,44.5357522 -121.8165752,44.5363673000001 -121.8160326,44.5367617000001 -121.8164786,44.5389844000001 -121.81379,44.5404802 -121.811523,44.5405164000001 -121.8127747,44.5425735000001 -121.8099022,44.5457141000001 -121.8065418,44.5464369000001 -121.804989,44.552063 -121.8037502,44.5533292000001 -121.8028303,44.5578692 -121.8035714,44.5649910000001 -121.8019697,44.5663221 -121.8008849,44.5699655000001 -121.8015809,44.5721299 -121.7998723,44.5738586000001 -121.8001998,44.5754613 -121.8016182,44.5764321 -121.8003204,44.5772103 -121.7997442,44.5793833000001 -121.8015964,44.5809978 -121.801726,44.5821846000001 -121.7995988,44.5820921000001 -121.7988999,44.5827727000001 -121.7973795,44.5866169000001 -121.7973028,44.5893738 -121.7957233,44.5916934000001 -121.795282,44.5961893 -121.796492,44.5983545 -121.8017712,44.5988401000001 -121.8031087,44.5996797000001 -121.8025035,44.6021403 -121.8047116,44.6045981 -121.8028842,44.6076160000001 -121.8045912,44.6098305 -121.8042517,44.6110282000001 -121.8051262,44.6134538000001 -121.8074579,44.6145688 -121.8095424,44.6131208 -121.8136883,44.6165504000001 -121.8152948,44.6171220000001 -121.8170779,44.6162746000001 -121.8127628,44.6221233000001 -121.8120571,44.6259013000001 -121.8129492,44.6307334000001 -121.8142624,44.6322705000001 -121.817433,44.6336313 -121.816474,44.6341348 -121.8176621,44.6371242000001 -121.8162733,44.6379882000001 -121.818798,44.6401371000001 -121.8221708,44.6399536000001 -121.8224112,44.6409894000001 -121.8243327,44.6401987 -121.8247575,44.6407176000001 -121.8267818,44.6394871000001 -121.8274132,44.6412748000001 -121.829069,44.6415329000001 -121.8278288,44.6433356000001 -121.8296621,44.6453705000001 -121.8305579,44.6479477 -121.8309579,44.6443451000001 -121.8328139,44.6477841000001 -121.8322811,44.6490748000001 -121.8337123,44.6497411 -121.833596,44.651778 -121.8345104,44.6522525 -121.8347308,44.6490443000001 -121.8365674,44.6528344000001 -121.8364726,44.6550195 -121.8396745,44.6561008 -121.8387436,44.6577527000001 -121.8435698,44.6598578000001 -121.8446261,44.6626669 -121.8470046,44.6616761000001 -121.8497479,44.66272 -121.8465739,44.6646677000001 -121.8487984,44.6660055 -121.850433005,44.6660529920001 -121.8504363,44.6669959000001 -121.8536097,44.6693241 -121.8541264,44.6736235000001 -121.8555505,44.6742117000001 -121.8558877,44.6757625000001 -121.8549937,44.6762077000001 -121.8556326,44.6768706 -121.8542364,44.6787749000001 -121.8550685,44.6797321000001 -121.8544703,44.6803963 -121.8556778,44.6811403 -121.8501577,44.6832029 -121.8465027,44.6835154 -121.8425798,44.6864087000001 -121.8407535,44.685505 -121.8388287,44.6864317000001 -121.8391946,44.6898634 -121.8384954,44.6913555 -121.839595,44.6924052000001 -121.8373117,44.6940908 -121.8375716,44.6954159000001 -121.8343039,44.6951372 -121.8322886,44.6968709000001 -121.8240963,44.6989785000001 -121.8265575,44.7009529000001 -121.8258203,44.7021289 -121.8245103,44.702185 -121.8245246,44.7029600000001 -121.825756,44.7032871000001 -121.8113415,44.7061694000001 -121.8105464,44.7072047 -121.808772,44.7075310000001 -121.8069653,44.7109535000001 -121.8044171,44.7135239 -121.8034989,44.715265 -121.8039568,44.7158022 -121.8017106,44.7174533 -121.806438994,44.717237907 -121.810084913,44.718001343 -121.806747289,44.7176904400001 -121.803246773,44.7186702980001 -121.801204214,44.720478841 -121.8010907,44.7216011 -121.800247192,44.7212486270001 -121.8008477,44.7229592 -121.7986416,44.7210105 -121.7957448,44.7202561 -121.7951138,44.7209549 -121.795224,44.7222627 -121.797172546,44.723087311 -121.7959438,44.7231253 -121.7963683,44.7247653000001 -121.7992662,44.7273531000001 -121.8023376,44.7288404000001</coordinates></LineString>
  </Placemark>
  <Placemark id="simplified.55">
	<Style><LineStyle><color>ff0000ff</color></LineStyle><PolyStyle><fill>0</fill></PolyStyle></Style>
	<ExtendedData><SchemaData schemaUrl="#simplified">
		<SimpleData name="OBJECTID">55</SimpleData>
		<SimpleData name="Section_Name">OR Section F</SimpleData>
		<SimpleData name="Shape_Length">0.44605988264191</SimpleData>
		<SimpleData name="FolderPath">Track/4 - Oregon/OR Section F</SimpleData>
		<SimpleData name="Region">Oregon</SimpleData>
	</SchemaData></ExtendedData>
      <LineString><coordinates>-121.8023376,44.7288404000001 -121.8023019,44.730105 -121.8008157,44.7305407000001 -121.8001727,44.7319796 -121.8006472,44.7365081 -121.799355,44.7369218000001 -121.7996437,44.7396900000001 -121.7980444,44.7424645 -121.7990984,44.7438719 -121.7986904,44.7460406000001 -121.8021426,44.7498716000001 -121.8023773,44.7517901000001 -121.7986682,44.7539327000001 -121.7982895,44.7546743 -121.799369,44.755004 -121.798896,44.755458 -121.7966184,44.7560542000001 -121.796863,44.758425 -121.7914156,44.7601358000001 -121.7860629,44.7633627000001 -121.7862677,44.7649443 -121.7890615,44.7657913 -121.787735,44.7662468 -121.7882971,44.7669039 -121.7875665,44.7680267000001 -121.7881528,44.7683129000001 -121.7861914,44.7688837000001 -121.7889855,44.7703721 -121.7910444,44.7695692 -121.7933188,44.7702515 -121.794333,44.7718558 -121.796764,44.7733646 -121.7954409,44.7740949000001 -121.7950719,44.7757071 -121.7962804,44.775315 -121.7981275,44.7772044000001 -121.8011244,44.7781892 -121.8037363,44.7818066 -121.8036837,44.7837548000001 -121.8069997,44.790017 -121.8059579,44.792155 -121.808084,44.7927706 -121.8105268,44.7906821 -121.8112079,44.7909214000001 -121.8106092,44.7941263000001 -121.8122644,44.7965796 -121.8130942,44.8005114000001 -121.8103275,44.8044627 -121.8102774,44.8058593000001 -121.8111479,44.8062389 -121.8115023,44.8077455000001 -121.8104942,44.8082894 -121.8108392,44.8096436000001 -121.8085106,44.8118608 -121.7961819,44.8121741 -121.7925228,44.8145375 -121.791112,44.8143896 -121.7883262,44.8192849000001 -121.7900842,44.8219541 -121.7897411,44.8245565 -121.788742,44.8250182 -121.7875062,44.8274060000001 -121.7873045,44.8296030000001 -121.7845373,44.8354596 -121.7804798,44.8382668 -121.7761858,44.8426003000001 -121.7759852,44.8451223000001 -121.7733741,44.8488094000001 -121.773835,44.8503656 -121.7730115,44.8503694 -121.7729662,44.8514847000001 -121.7718503,44.8511532000001 -121.767414,44.8531934000001 -121.7666655,44.8548220000001 -121.7614959,44.8547818000001 -121.7649725,44.8628120000001 -121.7659115,44.8673985 -121.7625987,44.8676456000001 -121.7574271,44.8655775 -121.7550362,44.8679652000001 -121.7547622,44.8699865 -121.7566388,44.8784651 -121.7593009,44.8841688000001 -121.7564059,44.8856121000001 -121.7533682,44.8844929000001 -121.7517331,44.8849327 -121.74676,44.8894579 -121.7474603,44.8929537000001 -121.7528654,44.8965998 -121.7546435,44.8996138000001 -121.751327,44.9011415000001 -121.7482518,44.9069396 -121.7418433,44.9048511 -121.7399538,44.9077639000001 -121.7404371,44.9111546 -121.73899,44.9176176 -121.7412156,44.9189828 -121.7414588,44.9206424000001 -121.7442973,44.9229587 -121.746262,44.9265237000001 -121.7474024,44.9307768 -121.7520381,44.9351044000001 -121.753095,44.9376249000001 -121.7559585,44.9386957 -121.756788,44.9407590000001 -121.756346,44.9426945000001 -121.7554314,44.9440205000001 -121.7529429,44.9446208000001 -121.748144,44.9493205000001 -121.7488377,44.9517361000001 -121.7522857,44.955427 -121.7506108,44.9561442 -121.7503933,44.9551958000001 -121.7487552,44.9543403000001 -121.74511,44.9561418000001 -121.7430849,44.9563150000001 -121.7439041,44.957904 -121.7432252,44.9585733000001 -121.7444681,44.9591107000001 -121.7423153,44.9621392000001 -121.7349409,44.9667920000001 -121.732762,44.9674166 -121.7277432,44.9713419 -121.7280549,44.9780640000001 -121.7260195,44.9793875 -121.7258373,44.9815014000001 -121.725054,44.9819226000001</coordinates></LineString>
  </Placemark>
  <Placemark id="simplified.56">
	<Style><LineStyle><color>ff0000ff</color></LineStyle><PolyStyle><fill>0</fill></PolyStyle></Style>
	<ExtendedData><SchemaData schemaUrl="#simplified">
		<SimpleData name="OBJECTID">56</SimpleData>
		<SimpleData name="Section_Name">OR Section F</SimpleData>
		<SimpleData name="Shape_Length">0.451909404357259</SimpleData>
		<SimpleData name="FolderPath">Track/4 - Oregon/OR Section F</SimpleData>
		<SimpleData name="Region">Oregon</SimpleData>
	</SchemaData></ExtendedData>
      <LineString><coordinates>-121.725054,44.9819226000001 -121.7239763,44.9819811 -121.7245348,44.9836988000001 -121.7208492,44.9844689000001 -121.7198517,44.9856815000001 -121.720111,44.9875966000001 -121.7217777,44.9890510000001 -121.7218157,44.9907643000001 -121.7176519,44.9925452000001 -121.720488,44.9930541000001 -121.719898023,44.9947680160001 -121.71616598,44.9960549730001 -121.717799027,44.99673198 -121.717150016,44.9986350070001 -121.715442035,45.000092033 -121.716909036,45.000653034 -121.7186384,45.0046941000001 -121.7138321,45.0158460000001 -121.7142963,45.0221921 -121.7125162,45.0318673 -121.7095562,45.0333417000001 -121.7085238,45.0350678 -121.7096468,45.0382539 -121.7089995,45.0409075000001 -121.7112618,45.0477210000001 -121.7109688,45.0507683000001 -121.7180157,45.0555059000001 -121.7187732,45.0570624000001 -121.7188106,45.0628360000001 -121.7224398,45.0663640000001 -121.7224964,45.0689945 -121.7199969,45.0723241000001 -121.7180928,45.0729196 -121.7195552,45.076448 -121.7190881,45.0798928 -121.7196468,45.0807864000001 -121.7240739,45.0808443000001 -121.7263685,45.0820547000001 -121.7320514,45.0883859 -121.7324329,45.0910403 -121.7340244,45.0918072000001 -121.7345482,45.0935918000001 -121.7384615,45.0940410000001 -121.7384285,45.0953293000001 -121.740878,45.0967817000001 -121.7403463,45.1000193 -121.7422554,45.1010261000001 -121.7445997,45.1007171000001 -121.7468349,45.1018526 -121.7517658,45.1024411000001 -121.7534795,45.1045763000001 -121.7532306,45.1064332 -121.7546734,45.1075855 -121.7577284,45.1080773 -121.7583052,45.1102932000001 -121.7629038,45.1134798000001 -121.763217,45.1154134000001 -121.760702,45.1155097000001 -121.760504991,45.116615994 -121.765509993,45.118347025 -121.765514016,45.12009901 -121.7684545,45.1214885000001 -121.7720412,45.1213345 -121.7755443,45.1260970000001 -121.7711527,45.1309855000001 -121.7714994,45.1336217 -121.7688171,45.1357855000001 -121.7685698,45.1374754 -121.7693426,45.1382469000001 -121.7686902,45.1394801000001 -121.7644862,45.1420116 -121.7611151,45.1404359000001 -121.7601322,45.142143 -121.7549543,45.1429923000001 -121.7545418,45.1444013 -121.7524772,45.1457639000001 -121.752681,45.1471391000001 -121.7556216,45.1502027000001 -121.7589193,45.1515679 -121.7611052,45.1537127 -121.7586774,45.1656626000001 -121.7590602,45.1730250000001 -121.7579753,45.1748168 -121.7593536,45.1783251000001 -121.7595301,45.1838119000001 -121.7582246,45.1902498000001 -121.7565023,45.1942597 -121.7536802,45.1977014 -121.7524992,45.2037746 -121.7508141,45.2061181 -121.7489106,45.2071058000001 -121.7377795,45.2089818000001 -121.7322837,45.2115986000001 -121.7245081,45.2125841000001 -121.7183093,45.2149546000001 -121.70698503,45.2264500220001 -121.702879993,45.228819 -121.6958191,45.2309597 -121.6911423,45.2274716000001 -121.6918062,45.2300497000001 -121.6911949,45.2330485000001 -121.6863962,45.2371539000001 -121.6869317,45.2406875 -121.6858945,45.2480669 -121.6869988,45.2513141000001 -121.6907622,45.2553006000001</coordinates></LineString>
  </Placemark>
  <Placemark id="simplified.57">
	<Style><LineStyle><color>ff0000ff</color></LineStyle><PolyStyle><fill>0</fill></PolyStyle></Style>
	<ExtendedData><SchemaData schemaUrl="#simplified">
		<SimpleData name="OBJECTID">57</SimpleData>
		<SimpleData name="Section_Name">CA Section K</SimpleData>
		<SimpleData name="Shape_Length">0.348470345637211</SimpleData>
		<SimpleData name="FolderPath">Track/2 - Central California/CA Section K</SimpleData>
		<SimpleData name="Region">Central California</SimpleData>
	</SchemaData></ExtendedData>
      <LineString><coordinates>-120.040403086,38.8269228730001 -120.0430981,38.8278019000001 -120.0411057,38.8280932000001 -120.0402243,38.8312045000001 -120.041064,38.8325100000001 -120.0434391,38.8328162 -120.0420016,38.8337594000001 -120.0446838,38.8349261000001 -120.0440262,38.8357843000001 -120.0501959,38.8376679 -120.0538111,38.8413341 -120.0607952,38.8452119 -120.0683681,38.8457584000001 -120.0699813,38.8438653000001 -120.0775613,38.8474903000001 -120.0800638,38.847311 -120.0812578,38.8480976000001 -120.0862275,38.8468759 -120.092318,38.8493826000001 -120.095668,38.8488140000001 -120.1024508,38.8521287 -120.1014861,38.8525031 -120.1056628,38.8535516000001 -120.1097861,38.8558591 -120.1184704,38.8574329 -120.1212636,38.8597904000001 -120.1243542,38.8605419 -120.1250595,38.8619735 -120.1297636,38.8659155 -120.1333795,38.8666376 -120.1359473,38.8685487000001 -120.1367717,38.8681654000001 -120.1404127,38.8696172000001 -120.1461993,38.8762822 -120.1460532,38.8775738000001 -120.1440199,38.8785287000001 -120.1333522,38.8777587000001 -120.1279524,38.8796160000001 -120.1255285,38.8778647 -120.1240865,38.8794306 -120.1257121,38.8819435 -120.1253303,38.8826008 -120.1223643,38.8846651000001 -120.1185587,38.8847082 -120.1182407,38.8857847 -120.1171626,38.8853548000001 -120.1166186,38.8868927 -120.1172761,38.8881858 -120.1150823,38.8875380000001 -120.1152515,38.8885938000001 -120.1138365,38.8894010000001 -120.1134287,38.8908955000001 -120.1153833,38.8916849 -120.1185289,38.8907711000001 -120.1220616,38.892074 -120.1299423,38.8990521000001 -120.1342744,38.9013570000001 -120.133626,38.9014908 -120.1347857,38.901976 -120.1338705,38.9023667000001 -120.1388209,38.9039397000001 -120.1379588,38.9049071000001 -120.1351268,38.9049562000001 -120.1330308,38.9115457 -120.135321,38.9095871000001 -120.1379484,38.9145295000001 -120.1405483,38.9168321000001 -120.1443445,38.9183556 -120.1460048,38.91589 -120.1500398,38.9201360000001 -120.1502898,38.9215264000001 -120.1535611,38.9214345 -120.1552308,38.924067 -120.1561949,38.9242807000001 -120.1561173,38.9260645000001 -120.1542363,38.9288874000001 -120.1520965,38.9301016000001 -120.1516442,38.9322674000001 -120.1494805,38.9334883000001 -120.1543665,38.9340643 -120.1547738,38.9362061 -120.1571484,38.9384733000001 -120.1570002,38.9395165 -120.1550558,38.9395641 -120.1553564,38.9407161 -120.1579433,38.9417266 -120.1589554,38.9428351 -120.1582153,38.9438899 -120.1601012,38.9462512000001 -120.1675656,38.9518792000001 -120.1675088,38.9553312 -120.168062,38.955703</coordinates></LineString>
  </Placemark>
  <Placemark id="simplified.58">
	<Style><LineStyle><color>ff0000ff</color></LineStyle><PolyStyle><fill>0</fill></PolyStyle></Style>
	<ExtendedData><SchemaData schemaUrl="#simplified">
		<SimpleData name="OBJECTID">58</SimpleData>
		<SimpleData name="Section_Name">CA Section K</SimpleData>
		<SimpleData name="Shape_Length">0.360654718602583</SimpleData>
		<SimpleData name="FolderPath">Track/2 - Central California/CA Section K</SimpleData>
		<SimpleData name="Region">Central California</SimpleData>
	</SchemaData></ExtendedData>
      <LineString><coordinates>-120.168062,38.955703 -120.1698209,38.9570193000001 -120.1712224,38.9605903 -120.1706205,38.9624663000001 -120.1721409,38.9667552000001 -120.1695741,38.9697684000001 -120.1742802,38.9717360000001 -120.1788488,38.9749271000001 -120.1854604,38.9818531000001 -120.1864384,38.9849471000001 -120.1911165,38.9914679 -120.1939964,38.9936533000001 -120.194867,38.9966210000001 -120.1992878,38.9977890000001 -120.2013678,39.0020060000001 -120.2079642,39.0037137 -120.2109092,39.0091011000001 -120.2134542,39.0113664 -120.2148136,39.0138030000001 -120.2151449,39.0168564000001 -120.2166176,39.0185270000001 -120.214491,39.0225932000001 -120.2118648,39.0252604 -120.2137328,39.0276273000001 -120.2137201,39.0296514 -120.2126302,39.0301098 -120.2126699,39.0308711000001 -120.2139672,39.0320079000001 -120.2207863,39.0319604000001 -120.2262867,39.0336467000001 -120.2282602,39.0322958 -120.231811,39.0319863 -120.2337968,39.0337063000001 -120.2339886,39.0355710000001 -120.2369631,39.0365569000001 -120.2400976,39.0388386000001 -120.2467387,39.0467028 -120.2458861,39.0483955 -120.2443787,39.0492473 -120.2443464,39.0514872000001 -120.2495807,39.0564456000001 -120.2498037,39.0615834000001 -120.248772,39.0633397 -120.2433494,39.0653155000001 -120.238947,39.0701815 -120.2339934,39.0729063000001 -120.2336316,39.0749119000001 -120.2352772,39.0773272000001 -120.2377495,39.0766817000001 -120.2405196,39.0779313 -120.2425113,39.0779196 -120.2445754,39.0800076 -120.2454066,39.0821229000001 -120.2466047,39.0820773 -120.2465836,39.0831378 -120.2480351,39.0836714000001 -120.2470408,39.0862247000001 -120.2434934,39.0894253000001 -120.2462257,39.0894257 -120.2466529,39.0910309000001 -120.2442754,39.0927011000001 -120.2451959,39.0912478000001 -120.2429378,39.0921512 -120.2433259,39.0931193000001 -120.2416086,39.0958899 -120.2415924,39.0982770000001 -120.2382985,39.0991947000001 -120.2337109,39.1034331000001 -120.2373785,39.1021401 -120.2348604,39.1036942000001 -120.238436,39.1024791 -120.2349051,39.1047271 -120.2371136,39.1065451000001 -120.236628,39.1081518 -120.2373758,39.1113608000001 -120.2418227,39.1181141000001 -120.2455943,39.1209105 -120.2477755,39.1244596000001 -120.247787,39.1259154000001 -120.2474571,39.1256446 -120.2466866,39.1257613000001 -120.2472026,39.1258166000001 -120.2457638,39.1272022000001 -120.2445436,39.1311907 -120.2449017,39.1324061 -120.243999,39.1337257000001 -120.247059,39.1407439000001 -120.2464421,39.1421358000001 -120.2472655,39.1464116000001 -120.2493763,39.1494889000001 -120.2488092,39.1529598000001 -120.2508872,39.1548856000001 -120.2511383,39.1585691000001 -120.2535515,39.1616116000001 -120.2534415,39.1627825 -120.2550188,39.1649381 -120.2545249,39.1660512 -120.2551307,39.1657056000001</coordinates></LineString>
  </Placemark>
  <Placemark id="simplified.59">
	<Style><LineStyle><color>ff0000ff</color></LineStyle><PolyStyle><fill>0</fill></PolyStyle></Style>
	<ExtendedData><SchemaData schemaUrl="#simplified">
		<SimpleData name="OBJECTID">59</SimpleData>
		<SimpleData name="Section_Name">CA Section K</SimpleData>
		<SimpleData name="Shape_Length">0.34962699131589</SimpleData>
		<SimpleData name="FolderPath">Track/2 - Central California/CA Section K</SimpleData>
		<SimpleData name="Region">Central California</SimpleData>
	</SchemaData></ExtendedData>
      <LineString><coordinates>-120.2551307,39.1657056000001 -120.2549763,39.1662617000001 -120.2560134,39.1653840000001 -120.2533791,39.1695770000001 -120.2540715,39.1691381000001 -120.2528849,39.1708063 -120.2541715,39.1701519000001 -120.2534061,39.1716521000001 -120.2549927,39.1706181000001 -120.2549596,39.1715472000001 -120.255676,39.1708601 -120.2553284,39.172332 -120.25609,39.1718213 -120.2559124,39.1725293000001 -120.256793,39.1718686 -120.2584876,39.1725011 -120.2622172,39.1696012 -120.2611213,39.1696265 -120.2636854,39.1682171 -120.2627336,39.1679455 -120.2681371,39.1667731000001 -120.2728516,39.1713036 -120.2802899,39.1741814000001 -120.2839908,39.1786259 -120.2841925,39.1808310000001 -120.2851929,39.1804743000001 -120.2874686,39.1819241000001 -120.2878253,39.1808267000001 -120.2896388,39.1830097000001 -120.2870716,39.1857811 -120.2867967,39.1882684 -120.2853603,39.1890712000001 -120.2854315,39.1919444000001 -120.286038,39.1922748000001 -120.2828129,39.1936611 -120.2836106,39.1950246000001 -120.281677,39.1966045 -120.2816793,39.1979004 -120.28242,39.1980186000001 -120.2808659,39.1995246000001 -120.2821595,39.2002213000001 -120.2816674,39.2023554 -120.2756529,39.2074405000001 -120.2770389,39.2134424000001 -120.2760551,39.2141801000001 -120.2770811,39.2152723 -120.2777404,39.2189778000001 -120.2768725,39.2202602 -120.2774059,39.2235467 -120.2762086,39.223419 -120.2768052,39.2253792000001 -120.2760342,39.2262626 -120.2773109,39.2290664000001 -120.2765668,39.2307504 -120.2803459,39.2333253 -120.2790236,39.2364216 -120.2824108,39.2390438 -120.283661,39.2383912000001 -120.2859926,39.2392328 -120.281808,39.2425309000001 -120.2803955,39.2427155 -120.2797732,39.2420435000001 -120.2800994,39.2442754 -120.2845565,39.2463334 -120.2873464,39.2496562000001 -120.2879267,39.2516518 -120.2897717,39.2531709 -120.2949546,39.2560156000001 -120.3004651,39.2569938 -120.3009356,39.2591595000001 -120.2975069,39.2615663 -120.2970483,39.264237 -120.2996407,39.2659613000001 -120.3003993,39.2681297 -120.3027555,39.2692915000001 -120.3031485,39.270475 -120.3033338,39.2692563000001 -120.3059754,39.2718156 -120.3096192,39.2730481 -120.3101109,39.2755609000001 -120.3137426,39.2817633000001 -120.3178991,39.2843082000001 -120.32003,39.2827314 -120.3195601,39.2843236000001 -120.3233683,39.2874580000001 -120.3235231,39.2897183000001 -120.3204834,39.2936980000001 -120.3211769,39.2944467 -120.3189241,39.2979094 -120.3202165,39.3006404000001 -120.322206,39.3014741000001 -120.3221697,39.3052759 -120.3229659,39.3061863 -120.3223817,39.3081568000001 -120.3261545,39.311747 -120.3261109,39.3139036000001 -120.3253414,39.3143692 -120.3272588,39.3147666 -120.3259761,39.3168906000001 -120.3220527,39.319331 -120.3215549,39.3210346000001 -120.320577,39.3212577 -120.3213205,39.3226765000001 -120.3202464,39.3228100000001 -120.3220046,39.3236820000001 -120.321006,39.3241544000001 -120.3212988,39.3261130000001 -120.3200292,39.3266044000001 -120.3195427,39.3278949 -120.3209935,39.3278794 -120.3199918,39.3292257000001 -120.321876,39.3304714000001 -120.3227849,39.3327580000001 -120.3253099,39.3354611 -120.325015,39.3364329</coordinates></LineString>
  </Placemark>
  <Placemark id="simplified.60">
	<Style><LineStyle><color>ff0000ff</color></LineStyle><PolyStyle><fill>0</fill></PolyStyle></Style>
	<ExtendedData><SchemaData schemaUrl="#simplified">
		<SimpleData name="OBJECTID">60</SimpleData>
		<SimpleData name="Section_Name">CA Section N</SimpleData>
		<SimpleData name="Shape_Length">0.691630592732564</SimpleData>
		<SimpleData name="FolderPath">Track/3 - Northern California/CA Section N</SimpleData>
		<SimpleData name="Region">Northern California</SimpleData>
	</SchemaData></ExtendedData>
      <LineString><coordinates>-121.264200908,40.001467002 -121.264557497,40.0022846690001 -121.263157551,40.0015413730001 -121.263803235,40.002997512 -121.260012804,40.000947389 -121.259146179,40.001433304 -121.25995874,40.0012454050001 -121.260664758,40.001892137 -121.256618506,40.0020779760001 -121.256276574,40.002470456 -121.257261239,40.0027221550001 -121.25536442,40.0041040610001 -121.249639871,40.006001541 -121.24942693,40.0069492370001 -121.25379681,40.0067531720001 -121.25906257,40.005154906 -121.262477035,40.0072952740001 -121.262272561,40.009805182 -121.264428319,40.0081893300001 -121.264304316,40.0064702810001 -121.267180951,40.005937542 -121.269306527,40.0043120890001 -121.270883615,40.0068167580001 -121.278022829,40.0117884100001 -121.276886395,40.0115598090001 -121.278083978,40.012489755 -121.276376522,40.012424175 -121.277729484,40.0137095440001 -121.277701383,40.0166137620001 -121.280008616,40.0167481770001 -121.281788333,40.0188901650001 -121.284211155,40.0196720750001 -121.28444784,40.02087319 -121.2836304,40.021618259 -121.285907193,40.0228608040001 -121.286495908,40.024431528 -121.28813688,40.0238837810001 -121.290289805,40.024507541 -121.292528521,40.0262854530001 -121.293941382,40.0261093390001 -121.296333455,40.0273854660001 -121.296879194,40.028368625 -121.298617889,40.0278726400001 -121.300006094,40.029473189 -121.303802325,40.030201102 -121.30423595,40.031102133 -121.30970578,40.0297165920001 -121.310681498,40.0287316760001 -121.318942608,40.029709032 -121.319573595,40.0305816700001 -121.32412767,40.030279346 -121.324921125,40.0313756470001 -121.326839623,40.0301068890001 -121.355646982,40.0309185040001 -121.35857,40.032493 -121.364466028,40.0334142020001 -121.371009063,40.0324008540001 -121.374237378,40.033049249 -121.375331633,40.0341387440001 -121.384036532,40.03472351 -121.386373691,40.0342435490001 -121.389464206,40.035233503 -121.388946065,40.0355977680001 -121.393239091,40.0359641100001 -121.401080817,40.0384586660001 -121.397550494,40.0409761350001 -121.389813914,40.0420847660001 -121.393252571,40.0458519690001 -121.395029147,40.0510132640001 -121.394036004,40.053209757 -121.387048216,40.0530543620001 -121.385679893,40.0535339940001 -121.387307525,40.0538726460001 -121.378540991,40.0555980330001 -121.38103244,40.0601644650001 -121.379067343,40.0631780620001 -121.377735871,40.067536723 -121.374719769,40.0699974820001 -121.373278933,40.0731432160001 -121.371919243,40.0738293690001 -121.373085442,40.078472146 -121.37262728,40.0794502680001 -121.374625486,40.081101484 -121.371711619,40.0853741270001 -121.37630889,40.0881031910001 -121.376534017,40.08978512 -121.378827831,40.091933786 -121.378715609,40.093157752 -121.381208583,40.0965620280001 -121.381646002,40.0996075570001 -121.384971567,40.1004205260001 -121.386511045,40.103327585 -121.387796201,40.1040296830001 -121.387081164,40.1084149170001 -121.385552712,40.1107491920001 -121.386691116,40.115700556 -121.391759779,40.117792191 -121.392667351,40.119891512 -121.395738661,40.1202476340001 -121.399182612,40.1257911760001 -121.4027593,40.1265603030001 -121.404941228,40.1285680710001 -121.404291914,40.1294673680001 -121.40441169,40.132631933 -121.406621421,40.135410768 -121.407603711,40.142550939 -121.409204853,40.1456305820001 -121.408859932,40.1467038100001 -121.410677645,40.150725433 -121.412449565,40.1519512420001 -121.412918108,40.156133992 -121.415316976,40.1570059800001 -121.416425104,40.156184227 -121.420119939,40.1567203050001 -121.425378365,40.155768418 -121.427117871,40.1570958 -121.42960608,40.15388003 -121.432747703,40.153043417 -121.434026962,40.1517810300001 -121.435893109,40.1516528870001 -121.439945085,40.153478469 -121.442123297,40.155992697 -121.444043868,40.1557520360001 -121.44563398,40.156557951 -121.443535537,40.1564688810001 -121.443037972,40.157648039 -121.440535002,40.1590140690001 -121.443684756,40.1591423880001 -121.444227634,40.159826583 -121.441732074,40.1648493750001 -121.442666592,40.1670896000001 -121.441942853,40.1689090790001 -121.443752018,40.1713415470001 -121.443502384,40.1732838360001 -121.446117076,40.1786143260001 -121.445396449,40.179183406 -121.442654322,40.1788401310001 -121.440798567,40.181523321 -121.438462078,40.1821288950001 -121.438136443,40.1854915390001 -121.437171804,40.186704326 -121.440809364,40.188709181 -121.44056243,40.1905033940001 -121.439221401,40.1914346020001 -121.438958302,40.1938195230001 -121.43661599,40.1942603800001 -121.435148585,40.1956587710001 -121.432812707,40.1959214570001 -121.429202518,40.194476476 -121.42604193,40.1950234710001 -121.424602211,40.1988893060001 -121.423266008,40.2001377130001 -121.422549385,40.199337916 -121.422658833,40.197446981 -121.419221407,40.1956781120001 -121.414853404,40.194450245 -121.40888345,40.1959668120001 -121.409082717,40.194325812 -121.411245516,40.1932688410001 -121.407009848,40.193608581 -121.405897787,40.1945519240001 -121.407964396,40.192073759 -121.406930655,40.1921240030001 -121.404051769,40.193246134 -121.399852168,40.1983379810001 -121.395803289,40.199711182 -121.391971426,40.203150561 -121.38944257,40.204344404 -121.388367531,40.2069952780001 -121.386207485,40.2074282790001 -121.387385131,40.208828501 -121.386994829,40.2107139610001 -121.386672321,40.20976584 -121.385441794,40.209480225 -121.375323875,40.210921007 -121.365900516,40.2085061220001 -121.358521204,40.208035167 -121.355905169,40.209973786 -121.355502341,40.212415832 -121.354046588,40.214214713 -121.359001117,40.2157258350001 -121.360576971,40.2185609040001 -121.349715005,40.2209472210001 -121.347938791,40.222915411 -121.352559706,40.2267751160001 -121.356230405,40.2275159450001 -121.350342609,40.2323433240001 -121.347626653,40.233443289 -121.347533421,40.234142117 -121.349989244,40.2357127400001</coordinates></LineString>
  </Placemark>
  <Placemark id="simplified.61">
	<Style><LineStyle><color>ff0000ff</color></LineStyle><PolyStyle><fill>0</fill></PolyStyle></Style>
	<ExtendedData><SchemaData schemaUrl="#simplified">
		<SimpleData name="OBJECTID">61</SimpleData>
		<SimpleData name="Section_Name">CA Section N</SimpleData>
		<SimpleData name="Shape_Length">0.784835412663142</SimpleData>
		<SimpleData name="FolderPath">Track/3 - Northern California/CA Section N</SimpleData>
		<SimpleData name="Region">Northern California</SimpleData>
	</SchemaData></ExtendedData>
      <LineString><coordinates>-121.349989244,40.2357127400001 -121.356270457,40.237662115 -121.358903196,40.23628913 -121.364301187,40.235723287 -121.363010124,40.239792165 -121.365465165,40.2406285100001 -121.361876618,40.241656318 -121.360924982,40.239827324 -121.356733537,40.2419020940001 -121.354195209,40.2411958000001 -121.351709207,40.2415161490001 -121.350253019,40.2435273830001 -121.348189299,40.241060514 -121.344130855,40.242244365 -121.341577276,40.2411886610001 -121.339052185,40.242399241 -121.336543674,40.2423592580001 -121.338988165,40.2441688430001 -121.339205523,40.246102497 -121.338047629,40.2486627170001 -121.343849805,40.2564611440001 -121.339658679,40.259694611 -121.338309862,40.2641771610001 -121.343559909,40.266918635 -121.342295625,40.269281381 -121.342811439,40.27389729 -121.341570204,40.278165841 -121.342984464,40.2816947540001 -121.3450906,40.2836428850001 -121.341007007,40.2864660880001 -121.340705565,40.2898382500001 -121.343935845,40.2912680590001 -121.34133935,40.2922881150001 -121.341539518,40.2943971080001 -121.340044989,40.2936926410001 -121.342276968,40.2968176200001 -121.341944367,40.2992956940001 -121.340458749,40.2992310920001 -121.341237837,40.302625789 -121.340798358,40.3045156970001 -121.342444721,40.307194194 -121.344799683,40.308372402 -121.345342481,40.3105699170001 -121.349048283,40.3111751540001 -121.350757481,40.312256372 -121.35615355,40.3127691240001 -121.35820158,40.3138348950001 -121.359750549,40.318544999 -121.364924702,40.3231867390001 -121.366531221,40.3259436110001 -121.36710511,40.3308521490001 -121.368685656,40.332861327 -121.366698782,40.3347426070001 -121.365836547,40.3412253050001 -121.364414238,40.3422763740001 -121.365219984,40.345827682 -121.363114687,40.3499391330001 -121.35978345,40.3516086820001 -121.357235261,40.3485422630001 -121.35699392,40.3497950400001 -121.354650054,40.349777617 -121.35499483,40.3512244780001 -121.352050504,40.349572003 -121.351118216,40.3503307830001 -121.351452678,40.3524840580001 -121.349373712,40.352334511 -121.352493929,40.3553897140001 -121.35258948,40.3577572840001 -121.351826174,40.359079179 -121.354285107,40.3601811140001 -121.355782539,40.3622133060001 -121.357364633,40.3625561440001 -121.360705491,40.3698473480001 -121.360227726,40.3709845650001 -121.357511158,40.3725362750001 -121.357883221,40.3736236510001 -121.356441945,40.3731620200001 -121.360816973,40.3771849 -121.364411531,40.3821617190001 -121.365139067,40.3860019210001 -121.368318084,40.387712693 -121.37015521,40.3898623750001 -121.370662782,40.3939574550001 -121.368938321,40.397449948 -121.371444319,40.3974955250001 -121.376210912,40.400533549 -121.378352342,40.4007989190001 -121.381230086,40.4053954760001 -121.384539435,40.406935321 -121.3841546,40.4098101440001 -121.387509301,40.411456463 -121.386160898,40.4155277670001 -121.382259547,40.4186708140001 -121.3793758,40.4230748000001 -121.3926474,40.4328454000001 -121.3947643,40.4358976 -121.3975098,40.4368363 -121.3994107,40.4388236 -121.404061658,40.441093536 -121.40348501,40.4417752270001 -121.400477005,40.4418487090001 -121.400276988,40.4426433360001 -121.396914117,40.44307214 -121.394188087,40.442364608 -121.392051263,40.4435521990001 -121.398771667,40.445392128 -121.396939541,40.4456964290001 -121.401136522,40.447085649 -121.405079202,40.450232547 -121.404160425,40.451922847 -121.404231895,40.454188366 -121.402527392,40.4552656210001 -121.403415368,40.4564710510001 -121.401582474,40.4562714800001 -121.403932935,40.4594974400001 -121.402279773,40.459987649 -121.403981646,40.461780489 -121.403917503,40.4638556020001 -121.399634386,40.467068431 -121.397202413,40.4705956660001 -121.393488306,40.4722390840001 -121.390566721,40.4713661370001 -121.388933633,40.473462947 -121.387246196,40.4731986950001 -121.381249348,40.474934756 -121.379809193,40.4762390810001 -121.373234673,40.4765792600001 -121.368038975,40.47908793 -121.365210652,40.4814074820001 -121.364914618,40.4823691930001 -121.36745543,40.484496757 -121.368247582,40.4869351780001 -121.367072997,40.489126518 -121.367249015,40.4917074310001 -121.365141676,40.493585033 -121.365885704,40.4975352180001 -121.364843034,40.499628253 -121.365690338,40.501357243 -121.363840559,40.505263719 -121.362997168,40.504997357 -121.360304466,40.5069554510001 -121.363061919,40.5107045610001 -121.3637048,40.5142570670001 -121.365010932,40.5161718730001 -121.363583602,40.5220853390001 -121.359474659,40.5290980300001 -121.359497732,40.5310966110001 -121.358175174,40.533565222 -121.358645367,40.538116114 -121.358083489,40.5394729280001 -121.359638081,40.5419324710001 -121.369646936,40.5504265810001 -121.388808951,40.558197163 -121.402437408,40.5593697130001 -121.40400279,40.56002462 -121.404530757,40.5616715410001 -121.411410061,40.561005032 -121.415903397,40.5620150330001 -121.420697799,40.5600405440001 -121.423262508,40.5614318790001 -121.428751768,40.562278613 -121.438506485,40.5610064000001 -121.443656988,40.5636295960001 -121.456483626,40.566798987 -121.457241562,40.568418013 -121.456292972,40.569190006 -121.456589702,40.570261083 -121.459473017,40.572697798 -121.459463638,40.574666495 -121.463309762,40.577408903 -121.463004692,40.5809502380001 -121.463565997,40.5820381350001 -121.462255973,40.5851578520001 -121.462441303,40.5873007010001 -121.466806959,40.592964287 -121.467643817,40.6004133700001 -121.470910366,40.601571 -121.472377739,40.606837043 -121.466676704,40.6120783110001 -121.466680108,40.61415398 -121.465119028,40.616209215 -121.461173911,40.61814381 -121.457197876,40.6186244100001 -121.456589688,40.6198405270001 -121.45364907,40.6204858890001 -121.451966942,40.622139781 -121.45251304,40.6249122560001 -121.460509275,40.631864616 -121.46003011,40.6332660800001 -121.460970143,40.63466981 -121.459917289,40.6348919340001 -121.459828573,40.642839113 -121.457988452,40.6442746320001 -121.459193905,40.6476707570001 -121.455210473,40.652491701</coordinates></LineString>
  </Placemark>
  <Placemark id="simplified.62">
	<Style><LineStyle><color>ff0000ff</color></LineStyle><PolyStyle><fill>0</fill></PolyStyle></Style>
	<ExtendedData><SchemaData schemaUrl="#simplified">
		<SimpleData name="OBJECTID">62</SimpleData>
		<SimpleData name="Section_Name">CA Section N</SimpleData>
		<SimpleData name="Shape_Length">0.696754320064536</SimpleData>
		<SimpleData name="FolderPath">Track/3 - Northern California/CA Section N</SimpleData>
		<SimpleData name="Region">Northern California</SimpleData>
	</SchemaData></ExtendedData>
      <LineString><coordinates>-121.455210473,40.652491701 -121.45306616,40.654905614 -121.452108923,40.65871258 -121.448170976,40.659697254 -121.44498733,40.661791356 -121.441933317,40.6662068300001 -121.437495694,40.669155828 -121.435042746,40.6697485930001 -121.432707857,40.668693289 -121.423413102,40.6670864220001 -121.422658365,40.669920432 -121.420176191,40.671486171 -121.418532142,40.6738579660001 -121.4182273,40.67607022 -121.420237253,40.6800621950001 -121.417793795,40.6811075030001 -121.414832949,40.680563271 -121.410090816,40.682031432 -121.409233105,40.6833766980001 -121.407134577,40.6841033810001 -121.405401524,40.6858240280001 -121.403438301,40.6893121570001 -121.401033562,40.6891963830001 -121.400802543,40.6917636250001 -121.403404079,40.692913198 -121.401341718,40.6958346540001 -121.404208835,40.6965998840001 -121.404972124,40.697550601 -121.406086986,40.701797608 -121.405623925,40.7029044780001 -121.403209795,40.7032394190001 -121.403176306,40.7052653330001 -121.401736665,40.7070150430001 -121.402101595,40.708176748 -121.404066393,40.708998122 -121.405446328,40.7107493240001 -121.405554631,40.7145227550001 -121.404511165,40.717711181 -121.405585591,40.722335419 -121.402999994,40.722988005 -121.400912821,40.722201849 -121.406347684,40.728057952 -121.403619139,40.7295198830001 -121.406146263,40.7304022160001 -121.402636375,40.73556919 -121.402176021,40.7384043980001 -121.403566926,40.743461129 -121.406150654,40.7480769520001 -121.405862808,40.750329879 -121.407138203,40.755480774 -121.402209529,40.755898308 -121.399421625,40.757795453 -121.396296489,40.758319537 -121.394796163,40.7576125780001 -121.393253065,40.758433177 -121.389737543,40.7568329170001 -121.388279191,40.7537275810001 -121.385857608,40.7540164660001 -121.388202213,40.7588155500001 -121.39210809,40.763823078 -121.394248481,40.76884749 -121.396632964,40.770467513 -121.400956679,40.776101662 -121.403273085,40.783630214 -121.409985381,40.7955993620001 -121.410639918,40.8015365410001 -121.412233221,40.804822604 -121.41459729,40.808617903 -121.418291008,40.8111718380001 -121.419412894,40.8133502220001 -121.418419835,40.8169550310001 -121.415525967,40.8207934800001 -121.416689146,40.834437693 -121.421720091,40.8409192840001 -121.421971154,40.842552303 -121.426544528,40.8440790590001 -121.427117245,40.8463136660001 -121.433004601,40.853089303 -121.430629813,40.8543019410001 -121.427499381,40.857683659 -121.425876901,40.8580167440001 -121.4267028,40.860858095 -121.425718856,40.8616453710001 -121.425928655,40.863353413 -121.424779481,40.865205901 -121.42520218,40.8663563380001 -121.430987369,40.8696768570001 -121.430903395,40.8711040200001 -121.429064258,40.87308804 -121.43475434,40.877006028 -121.434644333,40.882351586 -121.435834192,40.882809308 -121.436708634,40.88646168 -121.438127062,40.887184629 -121.441601129,40.89361896 -121.444085416,40.895790301 -121.447153008,40.902606985 -121.45413389,40.9139657740001 -121.453792789,40.912577393 -121.454660233,40.9105866780001 -121.457368941,40.9133670800001 -121.462925063,40.914432166 -121.46508504,40.9141481280001 -121.466233854,40.9167021820001 -121.472029681,40.919844524 -121.474686607,40.919913147 -121.477481981,40.9223003070001 -121.480634824,40.9209624420001 -121.483453239,40.9184275120001 -121.487531104,40.917648582 -121.489048363,40.918243348 -121.491366259,40.917843297 -121.490860213,40.9193013670001 -121.492686452,40.9211246190001 -121.497147739,40.9220500050001 -121.497520329,40.9232080360001 -121.501474813,40.922788843 -121.502416165,40.921470174 -121.5036313,40.921276462 -121.508167426,40.922232905 -121.515474767,40.9255052570001 -121.515833578,40.9278662790001 -121.518683758,40.930987981 -121.526122538,40.9327313360001 -121.528845327,40.936014523 -121.53099706,40.9368224510001 -121.533881141,40.93692307 -121.532865566,40.936461652 -121.533361185,40.9355418440001 -121.538838157,40.9325145110001 -121.538123935,40.932235893 -121.540084149,40.9300441570001 -121.539933371,40.928956342 -121.541442205,40.926585592 -121.542848314,40.9273897160001 -121.545710084,40.9314620170001 -121.548752028,40.932148716 -121.548816369,40.934453282 -121.546652055,40.9389030730001 -121.546973171,40.941335903 -121.54613137,40.9445511220001 -121.546484728,40.9451044480001 -121.547922977,40.9443245590001 -121.548775701,40.9465222040001 -121.549682788,40.946962609 -121.547823785,40.9507764250001 -121.550451459,40.95533312 -121.556415117,40.9582586230001 -121.560814286,40.9618219710001 -121.564559052,40.961546307 -121.566501713,40.963167744 -121.570119229,40.959872515 -121.576597139,40.96251692 -121.57841815,40.9658488210001 -121.588401515,40.966290094 -121.590195754,40.9700778210001 -121.592313811,40.9716182270001 -121.59136316,40.9739109650001 -121.591693137,40.975459132 -121.590304652,40.9776243430001 -121.591779153,40.983712865 -121.593371261,40.986301831 -121.592875671,40.9892626980001 -121.594615151,40.993779026 -121.598239486,40.9940038870001 -121.600015233,40.99490494 -121.600494177,40.9985862300001 -121.60443736,41.0008773270001 -121.60646271,41.0045781220001 -121.610320973,41.0065415980001 -121.611473704,41.0098216330001 -121.613186904,41.010903829 -121.615384137,41.010561266 -121.620033888,41.0138757930001 -121.620709084,41.013480476</coordinates></LineString>
  </Placemark>
  <Placemark id="simplified.63">
	<Style><LineStyle><color>ff0000ff</color></LineStyle><PolyStyle><fill>0</fill></PolyStyle></Style>
	<ExtendedData><SchemaData schemaUrl="#simplified">
		<SimpleData name="OBJECTID">63</SimpleData>
		<SimpleData name="Section_Name">WA Section K</SimpleData>
		<SimpleData name="Shape_Length">0.460273647941226</SimpleData>
		<SimpleData name="FolderPath">Track/5 - Washington/WA Section K</SimpleData>
		<SimpleData name="Region">Washington</SimpleData>
	</SchemaData></ExtendedData>
      <LineString><coordinates>-121.0841088,47.7324233000001 -121.0850343,47.7324847 -121.0859334,47.7310683000001 -121.0861984,47.7320141000001 -121.0868246,47.7311530000001 -121.0874128,47.7315243 -121.0877199,47.7306484000001 -121.0892237,47.7321174 -121.0906721,47.7316653 -121.0901966,47.7326394 -121.0908695,47.7325749 -121.087855,47.7344393000001 -121.087101,47.7358362000001 -121.0874753,47.7401935 -121.0860228,47.7423515 -121.0873581,47.7440543000001 -121.0854527,47.7463234000001 -121.088544996,47.746344069 -121.0880634,47.7485925 -121.0822285,47.7562597 -121.0816093,47.7693343 -121.0868125,47.7707176000001 -121.0923448,47.7709619 -121.0957067,47.7701563000001 -121.0965053,47.7706748000001 -121.0954874,47.7728189000001 -121.1014874,47.7755785000001 -121.1049922,47.7760812000001 -121.1073735,47.7748355000001 -121.1104334,47.7745295 -121.1112978,47.7749128 -121.1133274,47.7801870000001 -121.1147719,47.7812734 -121.1085906,47.7821655000001 -121.1083851,47.7828174000001 -121.1108345,47.7836937000001 -121.1092499,47.7844716000001 -121.1081068,47.7841260000001 -121.1091312,47.7851651 -121.1071508,47.7848135 -121.1065766,47.7870294000001 -121.1037628,47.7882151000001 -121.1048852,47.7910977000001 -121.1036321,47.7926319000001 -121.1040334,47.7931269000001 -121.0981125,47.7920623000001 -121.097561,47.7942081 -121.0949108,47.7967077000001 -121.0915643,47.7970495000001 -121.0904095,47.7985956000001 -121.0876981,47.7999628000001 -121.0857716,47.8021946000001 -121.0875322,47.8048467 -121.0862631,47.8071248000001 -121.0876967,47.8074075000001 -121.0877555,47.8082912 -121.0932872,47.8114768 -121.1016841,47.8140556000001 -121.1007965,47.8180597 -121.0950128,47.8208809000001 -121.0995442,47.8253940000001 -121.0990857,47.8266103 -121.1076522,47.8258814000001 -121.1055185,47.8268649 -121.1138041,47.8280162 -121.112905,47.8286084000001 -121.1180149,47.8304820000001 -121.1179529,47.8316914000001 -121.1208031,47.8356433000001 -121.1256169,47.8375845 -121.1263064,47.8386853000001 -121.1298231,47.8379119000001 -121.1331822,47.8397054000001 -121.1327059,47.8407869000001 -121.1334689,47.8423582 -121.1362822,47.8430633 -121.1440762,47.8429031000001 -121.1438259,47.8435452000001 -121.151639,47.8434406000001 -121.1507982,47.8437425000001 -121.1525215,47.8439461 -121.1509959,47.8440721000001 -121.1509919,47.8444221 -121.1544385,47.8454887 -121.1530217,47.8503599000001 -121.1532222,47.8527069 -121.1519262,47.8536059 -121.1505402,47.8533153000001 -121.1519544,47.8555201 -121.1487593,47.8591945000001 -121.1503881,47.8620997 -121.1498025,47.8637534000001 -121.1488328,47.8636958000001 -121.1493103,47.8690028 -121.1515403,47.8708922000001 -121.1543349,47.8714045 -121.1533483,47.8718024 -121.1552658,47.8718648 -121.1563189,47.8734574000001 -121.1573966,47.8735711 -121.1567744,47.8746337000001 -121.1579137,47.8759828 -121.1568065,47.8776514 -121.1576447,47.8784442 -121.1607014,47.8792103000001 -121.1639437,47.8776938 -121.1640418,47.879465 -121.1656296,47.8796251000001 -121.1658402,47.8789649 -121.1679014,47.8798301 -121.1687249,47.8807932 -121.168757295,47.8828507380001 -121.1712013,47.8842565 -121.1703882,47.8891307000001 -121.1750616,47.8907286 -121.1756981,47.8937036 -121.1774363,47.8939301 -121.1810685,47.8969705000001 -121.1829107,47.8968821 -121.1831667,47.8979371 -121.1851365,47.8981839 -121.1827267,47.8994736000001 -121.1817549,47.8989749 -121.1787514,47.9015923000001 -121.1780341,47.9075168000001 -121.1807999,47.9093184000001 -121.179324277,47.910127463 -121.1826636,47.9091068000001 -121.1761598,47.9143777 -121.1814639,47.9169563 -121.1827835,47.919853 -121.184882,47.9217565000001 -121.1845991,47.9248183</coordinates></LineString>
  </Placemark>
  <Placemark id="simplified.64">
	<Style><LineStyle><color>ff0000ff</color></LineStyle><PolyStyle><fill>0</fill></PolyStyle></Style>
	<ExtendedData><SchemaData schemaUrl="#simplified">
		<SimpleData name="OBJECTID">64</SimpleData>
		<SimpleData name="Section_Name">WA Section K</SimpleData>
		<SimpleData name="Shape_Length">0.448386413498735</SimpleData>
		<SimpleData name="FolderPath">Track/5 - Washington/WA Section K</SimpleData>
		<SimpleData name="Region">Washington</SimpleData>
	</SchemaData></ExtendedData>
      <LineString><coordinates>-121.1845991,47.9248183 -121.1842931,47.927173 -121.1825304,47.9288195 -121.1828292,47.9270927000001 -121.1815551,47.9280215000001 -121.1813765,47.9307471000001 -121.1801316,47.9282686000001 -121.180223,47.9307711000001 -121.1780499,47.9278368000001 -121.1772169,47.9282476000001 -121.1764983,47.9296526000001 -121.1727053,47.9324203 -121.172749,47.9332537000001 -121.1696418,47.9343107 -121.1714164,47.9349573000001 -121.17013,47.9351253 -121.1714626,47.9361081000001 -121.1715676,47.9366668000001 -121.1692712,47.9355775000001 -121.1702752,47.9364542000001 -121.170441,47.9369027000001 -121.166897,47.9357097000001 -121.1676442,47.9364351 -121.1666081,47.9359523000001 -121.165527,47.9365922000001 -121.1645585,47.9383426000001 -121.1656802,47.9379940000001 -121.1640894,47.9405626000001 -121.1648717,47.9408082 -121.1626337,47.9420993000001 -121.1591514,47.9426792 -121.1624498,47.9434529000001 -121.1617844,47.9433644000001 -121.162387,47.9453465 -121.1604818,47.9477789000001 -121.1620412,47.9491798000001 -121.16095,47.9508598 -121.1616356,47.9530441000001 -121.1605531,47.9540952 -121.1558509,47.9543738 -121.1528137,47.9589761 -121.1531234,47.9606099000001 -121.1519532,47.9619106000001 -121.1464406,47.9636252000001 -121.1471613,47.9653836000001 -121.1508559,47.9673676 -121.1501416,47.9685125 -121.1515297,47.9679882 -121.1499342,47.9693892000001 -121.1508457,47.9692894 -121.1503627,47.9706045 -121.1509334,47.9715211000001 -121.1482102,47.9753391 -121.1483013,47.9777777 -121.1444928,47.9798143 -121.142536,47.982698 -121.1367985,47.9829991 -121.1341147,47.9857545 -121.1219905,47.9856447000001 -121.1246784,47.9877220000001 -121.1237617,47.9904243 -121.1242692,47.9936787 -121.1252462,47.9943940000001 -121.1237862,47.995005 -121.1218223,47.9933404000001 -121.1208706,47.9949251 -121.1212835,47.9982133 -121.1223534,47.9993858 -121.1261054,47.9997967 -121.1268905,48.0008561000001 -121.1240031,48.0045519000001 -121.1268913,48.0074172000001 -121.1259619,48.0105198000001 -121.1270503,48.0133048000001 -121.1293586,48.0158115 -121.1275935,48.0175889000001 -121.1284075,48.0174279 -121.1287849,48.0183397000001 -121.1276036,48.0200933 -121.1286555,48.0222948000001 -121.1333904,48.0229329000001 -121.1390122,48.0270198000001 -121.1447778,48.0283653000001 -121.1473626,48.0311282000001 -121.1490025,48.0346675000001 -121.1502804,48.0353393 -121.1641662,48.0371697 -121.1668589,48.0397386000001 -121.1779169,48.0437295 -121.1779503,48.0459325 -121.1761129,48.0474976 -121.1674338,48.0469580000001 -121.1593266,48.0491701 -121.1571743,48.0489513000001 -121.1573095,48.0498192000001 -121.1565615,48.0494631 -121.1562944,48.0514132000001 -121.1570443,48.0527937000001 -121.1545351,48.0571440000001 -121.1573989,48.0631336000001 -121.1576634,48.0671350000001 -121.1565475,48.0699930000001 -121.1531263,48.0708253000001 -121.1540956,48.0718212 -121.153396,48.0719106000001 -121.1568675,48.0750488 -121.1561619,48.0758618 -121.1576694,48.0769773000001 -121.157284,48.0782792000001 -121.1588647,48.0810424000001 -121.1637817,48.083221 -121.1626941,48.0838219 -121.1643032,48.0858167000001 -121.1639703,48.0862711 -121.1654533,48.0858284 -121.1692578,48.0895458000001 -121.1700043,48.0932560000001 -121.1730123,48.0973637000001 -121.1730695,48.0990753 -121.1757569,48.1016665000001 -121.1743733,48.1049013000001 -121.1767474,48.1064183 -121.1774302,48.1081763 -121.1788506,48.1091220000001 -121.1765826,48.1115652 -121.176139,48.113592 -121.174719092,48.1152882050001 -121.1767231,48.1164497 -121.1705312,48.1246356 -121.1775534,48.1222721 -121.1755529,48.1238673 -121.1764717,48.124107 -121.1742179,48.1255311</coordinates></LineString>
  </Placemark>
  <Placemark id="simplified.65">
	<Style><LineStyle><color>ff0000ff</color></LineStyle><PolyStyle><fill>0</fill></PolyStyle></Style>
	<ExtendedData><SchemaData schemaUrl="#simplified">
		<SimpleData name="OBJECTID">65</SimpleData>
		<SimpleData name="Section_Name">WA Section K</SimpleData>
		<SimpleData name="Shape_Length">0.440865543144823</SimpleData>
		<SimpleData name="FolderPath">Track/5 - Washington/WA Section K</SimpleData>
		<SimpleData name="Region">Washington</SimpleData>
	</SchemaData></ExtendedData>
      <LineString><coordinates>-121.1742179,48.1255311 -121.1700208,48.1287459000001 -121.1700031,48.129507 -121.1588971,48.1296423000001 -121.1531878,48.1315621000001 -121.1544757,48.1318371 -121.15381,48.1321256000001 -121.154721,48.1324196 -121.153695,48.1329141000001 -121.1545097,48.1334271000001 -121.1608998,48.1343150000001 -121.1588504,48.1363056000001 -121.15376,48.1382317000001 -121.1533094,48.1394789 -121.1544443,48.1409037000001 -121.161137,48.1414012000001 -121.1664701,48.1405911000001 -121.1687496,48.1416456000001 -121.168122,48.1448952000001 -121.1687448,48.1455389000001 -121.1735733,48.1456741000001 -121.1710392,48.1481449 -121.1718422,48.1478941 -121.1715758,48.1483745 -121.1728705,48.1483192000001 -121.1735731,48.1484756 -121.1737811,48.1486868000001 -121.1708435,48.1498008 -121.1697631,48.1530686 -121.1685558,48.1528952 -121.1695925,48.1535227000001 -121.169634,48.1544182000001 -121.1678182,48.1535121000001 -121.1689841,48.1563722000001 -121.1705589,48.1570252000001 -121.1681922,48.1570084000001 -121.1662857,48.1554389 -121.1665121,48.1572727000001 -121.1672588,48.1576543 -121.164272,48.1587923000001 -121.1639222,48.1609886000001 -121.1626262,48.1616479 -121.1629214,48.1610269000001 -121.1611201,48.1614896 -121.1611051,48.1606684000001 -121.1593226,48.1608247 -121.1569518,48.1623096000001 -121.1577777,48.1637684 -121.1576014,48.168169 -121.156240935,48.167380979 -121.155817732,48.168281447 -121.1537163,48.1669387000001 -121.1531551,48.1679009000001 -121.1538738,48.1687893000001 -121.1523826,48.1677136000001 -121.1531667,48.1663352 -121.1519158,48.1667685 -121.1516741,48.1682796000001 -121.1514309,48.1662069000001 -121.1508839,48.1683472 -121.1499888,48.1671961000001 -121.1501409,48.1679687000001 -121.1491727,48.167628 -121.1498514,48.1683121 -121.1488063,48.1682113000001 -121.1491041,48.1666000000001 -121.1472601,48.1660223000001 -121.1459173,48.1669343 -121.142022042,48.166966997 -121.143261977,48.167539984 -121.140810018,48.1671969970001 -121.142999958,48.168082042 -121.140453033,48.1678030080001 -121.142335022,48.168828031 -121.1375164,48.1678746000001 -121.141479984,48.170469962 -121.140426965,48.170800963 -121.1407073,48.1716421 -121.141354,48.1712935 -121.1425449,48.1722317000001 -121.142313,48.1737850000001 -121.1379548,48.1716944 -121.134948,48.1677839000001 -121.1336224,48.1669882 -121.1346003,48.1678685000001 -121.1345335,48.1682578 -121.133664,48.1677483 -121.133393,48.1683972000001 -121.133081,48.1676428000001 -121.1325373,48.1673086000001 -121.1330755,48.1681656000001 -121.1330562,48.1683931000001 -121.1329166,48.1680708000001 -121.1325275,48.1676525 -121.1323799,48.1675399000001 -121.1323458,48.1675349000001 -121.1326727,48.1680538000001 -121.1326807,48.1684744 -121.1326477,48.16851 -121.132335,48.1678773 -121.1316526,48.167404 -121.1321499,48.1684014000001 -121.1318775,48.1679794 -121.1316725,48.1677638 -121.131589,48.1677382 -121.1317233,48.1686008 -121.1314619,48.1688571 -121.1315558,48.1686332 -121.1310575,48.1679412 -121.1305917,48.1690066 -121.1304726,48.1684524 -121.1302844,48.1681784 -121.1301923,48.1697316 -121.1297126,48.1683796 -121.1295133,48.1699352000001 -121.1308494,48.1707389000001 -121.1297754,48.1707118 -121.1312773,48.1716597000001 -121.1287724,48.1712247 -121.1304513,48.1721602000001 -121.1295657,48.1719130000001 -121.1305972,48.1725494 -121.1307755,48.1728516000001 -121.1264546,48.1712975 -121.1259804,48.1698115 -121.122691,48.1695515000001 -121.1178611,48.1649990000001 -121.117332,48.1627299 -121.118656,48.1613598000001 -121.1173906,48.1598287 -121.1176565,48.1590338 -121.1156202,48.1568788000001 -121.1130619,48.1570147 -121.1111871,48.1560597000001 -121.1074797,48.1603620000001 -121.1055993,48.1614712000001 -121.1028058,48.1592371 -121.1017099,48.1592061000001 -121.1015805,48.1600679000001 -121.1005308,48.1590400000001 -121.100927,48.1611415 -121.0991899,48.161282 -121.0985038,48.1628256000001 -121.0977762,48.1622136 -121.0970244,48.1638253 -121.095324,48.1633482 -121.0936793,48.1642009 -121.0941296,48.1636913 -121.0940218,48.1633233000001 -121.0915444,48.1642905 -121.0923069,48.1633440000001 -121.0910985,48.1642697 -121.0918996,48.1630657000001 -121.0905906,48.1638017000001 -121.0910263,48.1629452000001 -121.0895979,48.1640590000001 -121.0897582,48.1625097 -121.0884762,48.1640943 -121.0880658,48.1634217000001 -121.0873355,48.1638160000001 -121.0880635,48.1628769000001 -121.086803,48.1635276000001 -121.0870097,48.1632193 -121.0875519,48.1627795000001 -121.0876489,48.1626821 -121.0876377,48.1626620000001 -121.0836319,48.1661865 -121.0801101,48.1670628000001 -121.0792,48.168239 -121.0791641,48.1676267 -121.07797,48.1677308000001 -121.0771531,48.1695139 -121.0762641,48.1679487000001 -121.0753481,48.1716870000001 -121.0713332,48.1757440000001 -121.0703611,48.1754927000001 -121.0686715,48.1781602 -121.0643583,48.1803243000001 -121.0551962,48.1814013000001 -121.0503739,48.1834614000001 -121.0490676,48.1845961000001 -121.0496169,48.1847858 -121.0491993,48.1853352000001</coordinates></LineString>
  </Placemark>
  <Placemark id="simplified.66">
	<Style><LineStyle><color>ff0000ff</color></LineStyle><PolyStyle><fill>0</fill></PolyStyle></Style>
	<ExtendedData><SchemaData schemaUrl="#simplified">
		<SimpleData name="OBJECTID">66</SimpleData>
		<SimpleData name="Section_Name">WA Section K</SimpleData>
		<SimpleData name="Shape_Length">0.443654456153989</SimpleData>
		<SimpleData name="FolderPath">Track/5 - Washington/WA Section K</SimpleData>
		<SimpleData name="Region">Washington</SimpleData>
	</SchemaData></ExtendedData>
      <LineString><coordinates>-121.0491993,48.1853352000001 -121.0492489,48.187845 -121.0503276,48.1892848000001 -121.0497069,48.1889104000001 -121.049485,48.1898261000001 -121.0512599,48.192667 -121.0504597,48.1939715 -121.0605673,48.198063 -121.0715109,48.1993888000001 -121.0795171,48.2046808000001 -121.0805634,48.2069900000001 -121.078856,48.2081180000001 -121.0790911,48.2087877000001 -121.0800531,48.2089969 -121.081254305,48.2105198180001 -121.0704872,48.2047486000001 -121.0675329,48.2045033000001 -121.0620389,48.2016504000001 -121.0522227,48.1994902000001 -121.0439367,48.1963730000001 -121.0424307,48.1947961000001 -121.042769,48.1942522000001 -121.0413409,48.1936211 -121.0386217,48.1904401 -121.031064,48.1870045000001 -121.0293954,48.1870241 -121.0240556,48.1830523 -121.0265339,48.1864422 -121.0259162,48.1862544000001 -121.0200411,48.181694 -121.0200967,48.1831499 -121.0216333,48.1845741000001 -121.0224392,48.1872480000001 -121.0193416,48.1881367 -121.0081107,48.1878 -120.989618003,48.1854256240001 -120.98859868,48.184624817 -120.975792222,48.1838433720001 -120.9678312,48.1864025 -120.9675118,48.1885466000001 -120.9692708,48.1891604 -120.9683614,48.1901473 -120.9608021,48.1914237 -120.9535659,48.1937486 -120.9557885,48.1950705 -120.9511172,48.1941593000001 -120.9518967,48.1956227000001 -120.9527959,48.1957753 -120.9529497,48.1965471 -120.9521053,48.1964039000001 -120.9532748,48.1972377000001 -120.9532188,48.1976268000001 -120.9489773,48.1960345000001 -120.9461596,48.1975384 -120.9443899,48.1968506000001 -120.9418933,48.1986198000001 -120.9414842,48.2002305 -120.9439453,48.2024260000001 -120.9423332,48.2023523 -120.9428517,48.2032408000001 -120.941618,48.2025327000001 -120.9401865,48.2030523000001 -120.9402178,48.2024574000001 -120.9389296,48.2051369000001 -120.9429118,48.2114696 -120.951099,48.2152597 -120.9501369,48.2154747000001 -120.9499153,48.2170902 -120.9463357,48.2175656000001 -120.9473682,48.2178146000001 -120.9450247,48.2192812000001 -120.9467735,48.2188956000001 -120.9423236,48.2235395000001 -120.942022,48.2264154000001 -120.9442231,48.2304451000001 -120.9478796,48.2313097000001 -120.9537536,48.2345777 -120.9516069,48.2352267000001 -120.9549072,48.2365479000001 -120.9578319,48.2397762000001 -120.9567666,48.2424318000001 -120.9477253,48.2422034000001 -120.9487664,48.2417232000001 -120.9487791,48.2416287 -120.9437048,48.242646 -120.9375344,48.2487206000001 -120.931115,48.2518676 -120.928222155,48.25520413 -120.9292054,48.2561008000001 -120.9285219,48.2571100000001 -120.9271826,48.2570694 -120.9262981,48.2614540000001 -120.9277367,48.2638423000001 -120.9263967,48.2654263000001 -120.9276721,48.2679811 -120.9268083,48.2700628000001 -120.9273476,48.2773153000001 -120.9285531,48.2784085000001 -120.9290457,48.2811606000001 -120.9310901,48.2838897 -120.9316926,48.2875579000001</coordinates></LineString>
  </Placemark>
  <Placemark id="simplified.67">
	<Style><LineStyle><color>ff0000ff</color></LineStyle><PolyStyle><fill>0</fill></PolyStyle></Style>
	<ExtendedData><SchemaData schemaUrl="#simplified">
		<SimpleData name="OBJECTID">67</SimpleData>
		<SimpleData name="Section_Name">WA Section K</SimpleData>
		<SimpleData name="Shape_Length">0.498562068743909</SimpleData>
		<SimpleData name="FolderPath">Track/5 - Washington/WA Section K</SimpleData>
		<SimpleData name="Region">Washington</SimpleData>
	</SchemaData></ExtendedData>
      <LineString><coordinates>-120.9316926,48.2875579000001 -120.9302651,48.2910374000001 -120.9303409,48.2934043000001 -120.9250783,48.298456 -120.9219528,48.3030226000001 -120.9210381,48.3063326000001 -120.9224191,48.3084077 -120.9212854,48.3096389 -120.9199635,48.3095739 -120.9204103,48.3106090000001 -120.9197378,48.3111475000001 -120.9204315,48.3118670000001 -120.9194192,48.3154589000001 -120.9207905,48.3185944000001 -120.9213131,48.3228293000001 -120.920036808,48.3249968850001 -120.9204794,48.3264841000001 -120.918830149,48.3270325140001 -120.9168439,48.3299143 -120.9172256,48.3315448000001 -120.9115505,48.3371647000001 -120.9088489,48.3383458000001 -120.9066299,48.3408018000001 -120.9032543,48.3427694000001 -120.9036737,48.3443800000001 -120.9026661,48.3443187 -120.9014865,48.3460486000001 -120.8979157,48.3475209000001 -120.8960115,48.3495634000001 -120.891432557,48.351443047 -120.8906161,48.3524753 -120.8788368,48.3562246000001 -120.8720412,48.3616628 -120.8681658,48.3630023000001 -120.8659263,48.3647241 -120.8612769,48.3654584000001 -120.8563916,48.3682343 -120.851702,48.3684041000001 -120.8493027,48.3693391 -120.8472867,48.3722506 -120.836548,48.3758115000001 -120.8385367,48.3759951000001 -120.8366033,48.3763094 -120.8381893,48.3766136 -120.8367834,48.3771131 -120.8376817,48.3774475000001 -120.835591396,48.3778304510001 -120.8396322,48.3797417000001 -120.8390349,48.3805861000001 -120.8345704,48.3801242000001 -120.8357284,48.3810276 -120.8343794,48.3815502 -120.8362627,48.3836997000001 -120.8348458,48.3835492000001 -120.8352498,48.384962 -120.8368138,48.3858225000001 -120.8379411,48.3876677000001 -120.8370534,48.3888328 -120.8396908,48.3918756 -120.8433895,48.3931577000001 -120.849113,48.3990375000001 -120.848512,48.3995386 -120.8504188,48.4034933 -120.8503281,48.4068097000001 -120.8524435,48.4083203000001 -120.8551255,48.4089605 -120.8608498,48.4149807000001 -120.8614241,48.4178319000001 -120.8634029,48.4207578 -120.8621816,48.4248813 -120.8659027,48.4287033000001 -120.8681104,48.4292631000001 -120.8716171,48.4322616000001 -120.8704012,48.4334161 -120.8707194,48.4338731 -120.8684443,48.4342649000001 -120.8701276,48.4363541000001 -120.8663412,48.4376622 -120.8668971,48.4401810000001 -120.864549,48.4420005000001 -120.8630406,48.4463566000001 -120.8556459,48.4510230000001 -120.8525223,48.4517193 -120.8472332,48.455717 -120.8368959,48.457836 -120.8340912,48.4603232000001 -120.8269658,48.4628112 -120.8183326,48.4620383000001 -120.816257,48.4628310000001 -120.8164411,48.4643021000001 -120.813046,48.4626584000001 -120.8017806,48.4615093 -120.790446,48.4623142 -120.779606,48.4653225000001 -120.7720816,48.4644482 -120.7641437,48.4664732000001 -120.7598907,48.4666823000001 -120.7548027,48.4654546 -120.7418417,48.4654729000001 -120.7228305,48.4676628 -120.7193522,48.4699623000001 -120.7161295,48.4700151000001 -120.7129835,48.4713099000001 -120.709975,48.4749243000001 -120.7069285,48.4866893000001 -120.7071674,48.4909386 -120.7087137,48.4955532000001 -120.708659,48.4966034 -120.7068975,48.497108 -120.7076519,48.4984996000001</coordinates></LineString>
  </Placemark>
  <Placemark id="simplified.68">
	<Style><LineStyle><color>ff0000ff</color></LineStyle><PolyStyle><fill>0</fill></PolyStyle></Style>
	<ExtendedData><SchemaData schemaUrl="#simplified">
		<SimpleData name="OBJECTID">68</SimpleData>
		<SimpleData name="Section_Name">CA Section C</SimpleData>
		<SimpleData name="Shape_Length">0.409398116721473</SimpleData>
		<SimpleData name="FolderPath">Track/1 - Southern California/CA Section C</SimpleData>
		<SimpleData name="Region">Southern California</SimpleData>
	</SchemaData></ExtendedData>
      <LineString><coordinates>-116.694741835,33.92465731 -116.6969244,33.9304649000001 -116.702133,33.9356076 -116.7021556,33.9368407000001 -116.6975715,33.939967 -116.6948833,33.9406899000001 -116.693397,33.9432915 -116.6933165,33.9457509000001 -116.6918464,33.9479794000001 -116.6840733,33.9498061 -116.6746065,33.9490037 -116.66793203,33.950104024 -116.6657149,33.9521757000001 -116.663842,33.9563491000001 -116.6658906,33.9630016 -116.6736715,33.9701249 -116.673603,33.9710747 -116.6749974,33.9726007 -116.674049,33.9746685000001 -116.6746651,33.9739062 -116.6753984,33.9744199 -116.6752877,33.975556 -116.6740702,33.9762689 -116.6747317,33.9777314 -116.6694882,33.9779463 -116.671567,33.9784764 -116.6718444,33.9804320000001 -116.6703055,33.9800216 -116.6695475,33.9816946 -116.6681383,33.9819344000001 -116.6686798,33.9829413 -116.6663826,33.9828927 -116.6666453,33.9837766000001 -116.6655142,33.9848872000001 -116.6659792,33.9872288 -116.6678225,33.9885497000001 -116.6644185,33.9900280000001 -116.6649928,33.9903252 -116.6644262,33.990624 -116.6658896,33.9904024000001 -116.6643914,33.9919557000001 -116.6693069,33.9993220000001 -116.6688707,34.0019152 -116.6704015,34.0056532 -116.6717165,34.0066275 -116.6710646,34.0100166 -116.6718317,34.0116104000001 -116.669847,34.0131237000001 -116.669712765,34.0145342050001 -116.6654131,34.0179948000001 -116.6642195,34.0216462000001 -116.6624718,34.0207100000001 -116.6606518,34.0214504 -116.659323,34.0248309 -116.6605501,34.0290292 -116.6579797,34.0300665 -116.6555164,34.0293581 -116.6547427,34.0299125000001 -116.651353,34.0281247 -116.6549285,34.0279845000001 -116.6550478,34.0271272000001 -116.6506514,34.0274433000001 -116.6486876,34.0295289000001 -116.6484406,34.0308362000001 -116.6538191,34.0321364000001 -116.6574754,34.0353545 -116.6608337,34.0368627 -116.6607607,34.0379453 -116.6592162,34.0387526000001 -116.6542124,34.0388592 -116.6545385,34.0392573 -116.6537665,34.03858 -116.6532547,34.0390834 -116.6531005,34.0382919 -116.6522514,34.0394015000001 -116.6561156,34.0418609000001 -116.6591609,34.0460151 -116.6666586,34.0492554 -116.6706325,34.0499011000001 -116.6729432,34.0536323000001 -116.6718698,34.0544835000001 -116.6714409,34.0569648000001 -116.6731255,34.0576955000001 -116.6725356,34.0581713 -116.6747979,34.0615099 -116.6721636,34.0625158 -116.6702837,34.0650268000001 -116.6647337,34.0663652000001 -116.6644357,34.0683186000001 -116.6663919,34.0717748000001 -116.6707092,34.0755933 -116.6697261,34.0809549000001 -116.6706854,34.082882 -116.6732773,34.0849476000001 -116.6716978,34.0874887000001 -116.6732991,34.0884794 -116.6730277,34.0911396000001 -116.6741666,34.0921912000001 -116.6750761,34.0913337000001 -116.6762096,34.0919180000001 -116.6772118,34.0952316 -116.6792777,34.096956 -116.6789293,34.0979602 -116.6806915,34.1021658000001 -116.6796693,34.1034787 -116.6819077,34.1071516000001 -116.689125,34.1122216000001 -116.6913383,34.1161071000001 -116.6975559,34.1196795000001 -116.7016801,34.1240891 -116.7084988,34.1282424 -116.7110335,34.1279172000001</coordinates></LineString>
  </Placemark>
  <Placemark id="simplified.69">
	<Style><LineStyle><color>ff0000ff</color></LineStyle><PolyStyle><fill>0</fill></PolyStyle></Style>
	<ExtendedData><SchemaData schemaUrl="#simplified">
		<SimpleData name="OBJECTID">69</SimpleData>
		<SimpleData name="Section_Name">CA Section C</SimpleData>
		<SimpleData name="Shape_Length">0.390824380556881</SimpleData>
		<SimpleData name="FolderPath">Track/1 - Southern California/CA Section C</SimpleData>
		<SimpleData name="Region">Southern California</SimpleData>
	</SchemaData></ExtendedData>
      <LineString><coordinates>-116.7110335,34.1279172000001 -116.7108982,34.1273278 -116.7124497,34.1277371 -116.7112247,34.1265275000001 -116.7129927,34.1266582000001 -116.7172228,34.1287188000001 -116.7187287,34.1283765000001 -116.7196966,34.1293307 -116.722324,34.1299266 -116.7240576,34.1291532000001 -116.7235192,34.1282641 -116.7269169,34.1300989000001 -116.7294013,34.1292442000001 -116.7324928,34.1294732000001 -116.7327779,34.1284669 -116.7363331,34.1289226000001 -116.7374364,34.1281206 -116.7422601,34.1289697 -116.7482186,34.1277356000001 -116.7497511,34.1281158 -116.7519836,34.1264862 -116.7569583,34.1265113000001 -116.7590531,34.1257269000001 -116.7598354,34.1262404 -116.7590084,34.1281896 -116.7601269,34.1287329 -116.759759,34.1295351000001 -116.7558124,34.1314076 -116.7555108,34.1327142000001 -116.7566455,34.1330147 -116.7555861,34.1345467 -116.7492521,34.1318722 -116.7489355,34.1328959000001 -116.7419962,34.1339540000001 -116.7404291,34.1353490000001 -116.7401319,34.1369354 -116.741107,34.1387816000001 -116.7402686,34.1399425000001 -116.7430473,34.1419607 -116.7425613,34.1439295000001 -116.743383,34.1451717 -116.7458798,34.1454508 -116.7481483,34.1475072000001 -116.7476069,34.1482264000001 -116.7404866,34.14577 -116.73901,34.1463513 -116.737476,34.1451726 -116.734041,34.1468839 -116.7328715,34.1446401000001 -116.7277662,34.1426064 -116.726178,34.1444042000001 -116.7217333,34.1451882000001 -116.7223178,34.1472922 -116.7170727,34.1478583000001 -116.7125822,34.1468249000001 -116.71182,34.1474282 -116.7115025,34.1491666000001 -116.716075,34.1504074000001 -116.7140453,34.1509812 -116.7135998,34.1504265 -116.7133619,34.1503385 -116.7139802,34.1512177000001 -116.7154644,34.1509915 -116.7171324,34.1529774000001 -116.7146862,34.1520604 -116.7164347,34.1533686000001 -116.7165429,34.1544222000001 -116.7149745,34.1552222 -116.7147779,34.1562009 -116.7128347,34.1565445000001 -116.7112972,34.1585610000001 -116.7126729,34.1589753000001 -116.7132548,34.1605500000001 -116.7118957,34.1608593 -116.7116217,34.1620783000001 -116.7109933,34.1602796 -116.7100662,34.1632455000001 -116.7090527,34.1621597000001 -116.7097162,34.1643562 -116.7128903,34.1681688 -116.7147688,34.1721412000001 -116.7124299,34.1732115 -116.7132804,34.1765259000001 -116.7116649,34.1785370000001 -116.7121185,34.1796668000001 -116.7101872,34.1807776000001 -116.7096784,34.1823296000001 -116.7111851,34.1826334 -116.7119521,34.1838406000001 -116.7136527,34.1834686 -116.7129724,34.1844632 -116.7133526,34.1866428000001 -116.7124682,34.1879015000001 -116.7141699,34.1885057000001 -116.7169186,34.1912161000001 -116.7175613,34.1937291 -116.7168667,34.1944977000001 -116.7176099,34.1958775000001 -116.7154923,34.1969815 -116.7167342,34.1991145000001 -116.7158848,34.2005399 -116.7177243,34.2028424000001 -116.7176641,34.2080066 -116.7220056,34.2071395 -116.7242297,34.2106744000001 -116.7252523,34.2086477 -116.7267175,34.2077586 -116.726748,34.2104525 -116.7290683,34.2118977000001 -116.7283196,34.2102444000001 -116.7296465,34.2096133000001 -116.7298703,34.2070932 -116.7335127,34.2111423000001 -116.7373273,34.212324 -116.7400946,34.2145282000001 -116.7402321,34.2158414 -116.742087984,34.217564017 -116.7434687,34.2175166000001 -116.7452545,34.2192125 -116.74773,34.2201200000001 -116.7516134,34.2281898000001 -116.7496542,34.2307782 -116.7496968,34.2318808000001 -116.7512613,34.2333697 -116.7491358,34.2346807000001 -116.7494159,34.2359617000001 -116.7472895,34.2384407000001 -116.7538665,34.2398591 -116.7545994,34.2424664000001 -116.7629411,34.2490478 -116.7666235,34.2542581000001</coordinates></LineString>
  </Placemark>
  <Placemark id="simplified.70">
	<Style><LineStyle><color>ff0000ff</color></LineStyle><PolyStyle><fill>0</fill></PolyStyle></Style>
	<ExtendedData><SchemaData schemaUrl="#simplified">
		<SimpleData name="OBJECTID">70</SimpleData>
		<SimpleData name="Section_Name">CA Section C</SimpleData>
		<SimpleData name="Shape_Length">0.43749760244564</SimpleData>
		<SimpleData name="FolderPath">Track/1 - Southern California/CA Section C</SimpleData>
		<SimpleData name="Region">Southern California</SimpleData>
	</SchemaData></ExtendedData>
      <LineString><coordinates>-116.7666235,34.2542581000001 -116.7679554,34.2569017000001 -116.7674594,34.2581767 -116.7698098,34.2605813000001 -116.7688124,34.2606767 -116.7672234,34.2633215000001 -116.7669965,34.2658650000001 -116.768546,34.2671506 -116.7689621,34.2687540000001 -116.7678442,34.2694332 -116.7682964,34.2716195 -116.766738,34.2731362000001 -116.7670567,34.2739586000001 -116.7680905,34.2736786 -116.7701584,34.2749264 -116.7707763,34.2738410000001 -116.7749513,34.2749972 -116.7769753,34.2742386 -116.7770604,34.2760239 -116.7782513,34.2764813000001 -116.7775385,34.2776765 -116.7789736,34.279812 -116.7808198,34.2799349000001 -116.7822307,34.2790059000001 -116.7842078,34.2796208 -116.7895509,34.2831198000001 -116.7879654,34.2848785 -116.7887553,34.2873666 -116.7914064,34.2875208 -116.7923156,34.2868002000001 -116.7952634,34.2873401000001 -116.7950898,34.2879846000001 -116.7955319,34.2882438 -116.7969663,34.2869951000001 -116.8005291,34.2869417000001 -116.8019793,34.2883472 -116.8013106,34.2890897 -116.8021508,34.2904595000001 -116.8048927,34.2907996000001 -116.8044655,34.2919312000001 -116.8065267,34.2946231 -116.8057284,34.295039 -116.8064581,34.2980463000001 -116.8078148,34.2980702 -116.8090316,34.3003056000001 -116.8127079,34.3016180000001 -116.8145933,34.3037425000001 -116.8181439,34.3031422 -116.820373,34.3015553000001 -116.8231125,34.3022911 -116.8247369,34.3017429000001 -116.8242066,34.2985352000001 -116.8249759,34.2961043 -116.8264791,34.2950891 -116.831201,34.2883395000001 -116.8318566,34.2931484000001 -116.8334972,34.2878906 -116.8347854,34.2929946 -116.8361736,34.2945467000001 -116.8386286,34.2943383 -116.8408273,34.2954577 -116.8415109,34.2960651000001 -116.8410377,34.2974268 -116.8424743,34.2986070000001 -116.842143,34.3002462000001 -116.8462148,34.3011635 -116.8472336,34.2999495 -116.8470687,34.2988373000001 -116.8487694,34.2983546 -116.8472544,34.2958675 -116.8499034,34.2944193000001 -116.8519799,34.2943556000001 -116.852714,34.2916836000001 -116.8544084,34.2914266000001 -116.8566269,34.2928709 -116.8596495,34.2925934 -116.8614616,34.2935165000001 -116.865557,34.2894144000001 -116.8706395,34.2877552 -116.8740759,34.2887021000001 -116.877918,34.2885289000001 -116.8792604,34.2899697 -116.8805003,34.2887101000001 -116.8834738,34.2903891 -116.8831601,34.2881816 -116.8842972,34.2870694000001 -116.8844521,34.2880069 -116.8859816,34.2874008000001 -116.886446,34.2880817000001 -116.8880157,34.2870593000001 -116.8928104,34.2867527000001 -116.8937882,34.2874359 -116.8976768,34.2862508000001 -116.8971811,34.2873322 -116.8972788,34.2881207 -116.9019546,34.2848947000001 -116.9036187,34.2848283000001 -116.9036095,34.2837180000001 -116.904814,34.2840380000001 -116.9048008,34.2831056000001 -116.9060875,34.2828649 -116.9070757,34.2814055000001 -116.9091055,34.2808476000001 -116.913163,34.2808909 -116.9096775,34.2835305 -116.9121654,34.2847647 -116.9171393,34.2842976000001 -116.9179065,34.2824919 -116.9217488,34.2820951 -116.9249817,34.2855290000001 -116.9269116,34.2850332 -116.9280817,34.2865400000001 -116.9298397,34.2868664000001 -116.9300913,34.2860822000001 -116.9313198,34.2870434000001 -116.9323681,34.2867084000001 -116.9329169,34.2877847 -116.9322793,34.2886257000001 -116.9367635,34.2910089000001 -116.9372501,34.2931727000001 -116.9393374,34.2936791000001 -116.9404534,34.2931718 -116.9434888,34.2960357000001 -116.9453138,34.2961732000001 -116.9467193,34.2979109 -116.9459703,34.3005395000001 -116.9464995,34.3013618000001 -116.9479085,34.3002031 -116.9500466,34.2999926000001 -116.9518141,34.3010448000001 -116.9514081,34.3026039000001 -116.9540144,34.3042548 -116.9553748,34.3028042 -116.956846,34.3030717 -116.9570442,34.3022615 -116.9580911,34.3022806000001 -116.9574913,34.3014282 -116.9580492,34.3010992000001 -116.9598254,34.3011871 -116.9598387,34.3001209 -116.9607143,34.2996497 -116.9592943,34.2987299000001 -116.9593289,34.2971903000001 -116.9667495,34.300687 -116.9675175,34.2993670000001 -116.9659918,34.2975547 -116.9671757,34.2971488000001 -116.968893,34.2978666000001 -116.9695501,34.2974080000001 -116.9732729,34.2993722000001 -116.9730626,34.2981685 -116.9737377,34.2980764000001 -116.978595,34.2990812 -116.9795184,34.2997921 -116.9780977,34.3000548000001 -116.9778677,34.3013378000001 -116.9788482,34.3021095 -116.9815384,34.3002123000001 -116.9852151,34.3011241 -116.9925327,34.2979982000001 -116.9942853,34.2965718 -116.9987231,34.2894562000001 -117.0046357,34.2884871000001 -117.0057315,34.2860589000001</coordinates></LineString>
  </Placemark>
  <Placemark id="simplified.71">
	<Style><LineStyle><color>ff0000ff</color></LineStyle><PolyStyle><fill>0</fill></PolyStyle></Style>
	<ExtendedData><SchemaData schemaUrl="#simplified">
		<SimpleData name="OBJECTID">71</SimpleData>
		<SimpleData name="Section_Name">CA Section C</SimpleData>
		<SimpleData name="Shape_Length">0.422397424200828</SimpleData>
		<SimpleData name="FolderPath">Track/1 - Southern California/CA Section C</SimpleData>
		<SimpleData name="Region">Southern California</SimpleData>
	</SchemaData></ExtendedData>
      <LineString><coordinates>-117.0057315,34.2860589000001 -117.0140637,34.2793753 -117.0194214,34.2788091 -117.0251696,34.2800120000001 -117.0277783,34.2797775000001 -117.0304212,34.2817052 -117.0316394,34.281028 -117.032648,34.2814377 -117.0333939,34.2800776 -117.0338219,34.2815129000001 -117.0358292,34.2795884000001 -117.037745,34.2795624 -117.0409414,34.2779209 -117.0432506,34.2790504000001 -117.0421821,34.2800921 -117.0436656,34.28 -117.050184,34.275226 -117.055222,34.2752140000001 -117.0573652,34.2771844000001 -117.0575459,34.2789231 -117.0601011,34.2793456000001 -117.0623089,34.2781443000001 -117.0639072,34.2787913000001 -117.0681333,34.2781913000001 -117.0717922,34.2787365 -117.0725733,34.2776007000001 -117.0749325,34.2770443000001 -117.075747,34.2760807000001 -117.0786296,34.2758762 -117.0853448,34.278399 -117.0881914,34.2767649 -117.0891246,34.2752567000001 -117.0935663,34.2741173000001 -117.0957028,34.2744985 -117.0976149,34.2724301000001 -117.1001533,34.2734885 -117.1022443,34.2724051000001 -117.1040067,34.2725080000001 -117.1070068,34.2747004 -117.1147516,34.2733593 -117.1173913,34.2741169 -117.1208837,34.2738671000001 -117.121426,34.2753806000001 -117.1226139,34.2742390000001 -117.1233223,34.2756562000001 -117.1265816,34.2725183000001 -117.1276022,34.2733492 -117.126959,34.2733538000001 -117.1267992,34.2736251000001 -117.1268787,34.2739941 -117.1280523,34.2741524 -117.1273728,34.2754392000001 -117.1291581,34.2798067000001 -117.1292111,34.2813214 -117.1282554,34.2822247 -117.1303004,34.2839059 -117.1278764,34.2874169 -117.1283029,34.288939 -117.129505,34.2885251000001 -117.1287497,34.2896441 -117.1291639,34.2905973000001 -117.126275,34.2937442 -117.1266406,34.2948494 -117.1251462,34.2958431000001 -117.1247038,34.3006431000001 -117.1282701,34.3006073 -117.1316692,34.3058428000001 -117.1340227,34.3051509000001 -117.1351489,34.3055183000001 -117.135714,34.3071131 -117.13941,34.3079837000001 -117.1394705,34.3099581000001 -117.1381586,34.3106818000001 -117.1392055,34.3131566000001 -117.1404633,34.3140477000001 -117.1394535,34.3163477000001 -117.1443689,34.3184175000001 -117.1453719,34.3206506000001 -117.146431,34.3206453 -117.1465848,34.3219027000001 -117.1476742,34.3224464 -117.1449399,34.324017 -117.1478555,34.3257452 -117.1525245,34.3217506 -117.1524439,34.3238298000001 -117.1533895,34.3256742 -117.1548988,34.3252911000001 -117.1574226,34.3259921000001 -117.1606364,34.3287808000001 -117.1613885,34.3305419000001 -117.1626678,34.3307021000001 -117.1618688,34.3321649000001 -117.1623826,34.3327529000001 -117.1601974,34.3339885 -117.1627199,34.3363207 -117.1655879,34.3368628000001 -117.1664164,34.3378821000001 -117.1681533,34.3372242 -117.1710648,34.3398761 -117.1733885,34.3401281000001 -117.1753843,34.3426172000001 -117.176919,34.3419965000001 -117.1761636,34.3398050000001 -117.1767935,34.3390261000001 -117.1800864,34.3394801000001 -117.1814768,34.3421648 -117.1853181,34.3405100000001 -117.1855192,34.3394336000001 -117.1882894,34.3423439000001 -117.1895641,34.3419490000001 -117.1903681,34.3404253 -117.1919342,34.3428548000001 -117.1944832,34.3446793000001 -117.1952075,34.343108 -117.1963002,34.3423737000001 -117.195424,34.3433949000001 -117.1956921,34.3441898 -117.1968221,34.3430791000001 -117.1981206,34.3440936000001 -117.2014879,34.3434623000001 -117.2018441,34.3442954000001 -117.202147,34.3432381000001 -117.204318,34.3433236000001 -117.209171,34.3414917000001 -117.2129573,34.3432985000001 -117.2175497,34.3427558000001 -117.2197898,34.3445189 -117.224335,34.3428725000001 -117.2257974,34.3453614000001 -117.2300186,34.3471018000001 -117.2292287,34.3462573 -117.2299338,34.3465559000001 -117.2297874,34.3455592 -117.234918997,34.342306014 -117.2350328,34.3411023 -117.2432665,34.3399094000001 -117.2463958,34.3358764000001 -117.2466584,34.3323475</coordinates></LineString>
  </Placemark>
  <Placemark id="simplified.72">
	<Style><LineStyle><color>ff0000ff</color></LineStyle><PolyStyle><fill>0</fill></PolyStyle></Style>
	<ExtendedData><SchemaData schemaUrl="#simplified">
		<SimpleData name="OBJECTID">72</SimpleData>
		<SimpleData name="Section_Name">CA Section C</SimpleData>
		<SimpleData name="Shape_Length">0.438188751083125</SimpleData>
		<SimpleData name="FolderPath">Track/1 - Southern California/CA Section C</SimpleData>
		<SimpleData name="Region">Southern California</SimpleData>
	</SchemaData></ExtendedData>
      <LineString><coordinates>-117.2466584,34.3323475 -117.2457826,34.3300248 -117.249061,34.3304066000001 -117.2500524,34.3290568 -117.2481169,34.3278516 -117.2490024,34.3256710000001 -117.2465743,34.3245749000001 -117.2476051,34.3238629000001 -117.2472531,34.3225908000001 -117.2494128,34.3241909000001 -117.2506395,34.3216367000001 -117.2531632,34.3222311000001 -117.2545872,34.3214616000001 -117.2558134,34.3225350000001 -117.2579281,34.3225499000001 -117.2583498,34.3215077 -117.2575615,34.3206345 -117.2598612,34.3197653 -117.2602645,34.3167872000001 -117.2653649,34.3159579000001 -117.2652171,34.3119280000001 -117.2691553,34.3133912000001 -117.2693528,34.314357 -117.2702466,34.3141289000001 -117.2699474,34.3124752000001 -117.2717227,34.3104452000001 -117.2702117,34.3072318000001 -117.2711775,34.3065006 -117.2707222,34.3048543 -117.2741328,34.3061108000001 -117.2742532,34.3044834 -117.2761693,34.3058693 -117.2770131,34.3055664 -117.2761917,34.3033799 -117.2789238,34.3045114 -117.2790053,34.3034405000001 -117.2810148,34.3036862000001 -117.2821472,34.3049077000001 -117.2831022,34.3037683000001 -117.2841576,34.3044785000001 -117.2854874,34.3037754000001 -117.2852871,34.3045483000001 -117.2862946,34.3049301 -117.2891071,34.3041043000001 -117.2901316,34.3028577000001 -117.2910143,34.3040779 -117.2932279,34.3036215000001 -117.2939269,34.3046385000001 -117.2942992,34.3036394000001 -117.29705,34.3046476000001 -117.2973252,34.3034207000001 -117.2994166,34.3039151 -117.3000828,34.3032587000001 -117.3034784,34.3046145000001 -117.3044121,34.3038109 -117.3066665,34.3055587000001 -117.3084675,34.3054866000001 -117.3093289,34.3062767000001 -117.3096215,34.3057774000001 -117.3117544,34.3077827000001 -117.3126556,34.3065417 -117.3166046,34.3089283 -117.3223546,34.3087247 -117.3275124,34.3061105 -117.3298651,34.3058052000001 -117.3302603,34.3054740000001 -117.3285115,34.3050702 -117.3286515,34.3045197000001 -117.3312867,34.3031598000001 -117.3325157,34.3002768000001 -117.3355788,34.2993318000001 -117.3356446,34.2976646000001 -117.3346867,34.2969021000001 -117.3353716,34.2966566000001 -117.3353574,34.2951501000001 -117.3333182,34.2963133000001 -117.331522,34.2963798000001 -117.3309019,34.2956812 -117.3319043,34.2938645 -117.3309461,34.2924505 -117.3321802,34.2921460000001 -117.3321271,34.2907637000001 -117.3341409,34.2901312000001 -117.3352564,34.2883769000001 -117.3376926,34.2886036 -117.338783,34.2879683 -117.3436689,34.2891251 -117.344737,34.2883913000001 -117.3464706,34.2900036 -117.3466777,34.2888122000001 -117.3485181,34.2893260000001 -117.3539802,34.2876496000001 -117.3681442,34.2893953 -117.3694237,34.2892183000001 -117.3695859,34.2882526000001 -117.3707342,34.2884338000001 -117.3708553,34.2870522000001 -117.3730044,34.2884593000001 -117.3735676,34.2873019 -117.3756206,34.2865274000001 -117.3737369,34.2858469 -117.3767374,34.2856641000001 -117.3757759,34.2875460000001 -117.376267,34.2887462 -117.3748386,34.2893054 -117.3753688,34.2901602000001 -117.3742479,34.2914559000001 -117.3754506,34.291931 -117.3746016,34.2924798 -117.3759494,34.2926789000001 -117.3780893,34.2945487000001 -117.3776651,34.2957581000001 -117.3784926,34.2954080000001 -117.3790903,34.2963875 -117.379625,34.2958829 -117.3804039,34.2979001 -117.3820032,34.2975996000001 -117.3822305,34.2989054 -117.3845624,34.2986212000001 -117.3829937,34.2997577 -117.3830989,34.3005470000001 -117.3861961,34.3014291000001 -117.389174,34.3044108 -117.3917921,34.3051231000001 -117.3936859,34.3079635 -117.3963954,34.3081337 -117.3964974,34.3092901000001 -117.401839,34.3122404000001 -117.4039279,34.3131208 -117.4096627,34.3117572 -117.4103748,34.3130516000001 -117.4086731,34.3137278 -117.4075764,34.3132897 -117.407313,34.3140831000001 -117.4140238,34.3153239000001 -117.4134567,34.3176447000001 -117.421943,34.3185931 -117.4235409,34.3196011000001 -117.430759,34.3170696 -117.4343254,34.3168603 -117.4346728,34.3160571000001 -117.4365856,34.3171595000001 -117.4350184,34.3174280000001 -117.4351081,34.3181388 -117.438518,34.3183659000001 -117.4398432,34.3175029000001 -117.4463593,34.319666 -117.4457498,34.3185745000001 -117.4512139,34.3183166000001 -117.4522598,34.3165147 -117.4537773,34.3158475000001 -117.4535523,34.3167275000001 -117.4554759,34.3172979 -117.4583476,34.3150585000001 -117.4607129,34.3154356000001 -117.461621,34.3149857000001 -117.4623149,34.3126369 -117.4622548,34.3081728000001 -117.4661632,34.3060557000001 -117.465203404,34.3046410100001</coordinates></LineString>
  </Placemark>
  <Placemark id="simplified.73">
	<Style><LineStyle><color>ff0000ff</color></LineStyle><PolyStyle><fill>0</fill></PolyStyle></Style>
	<ExtendedData><SchemaData schemaUrl="#simplified">
		<SimpleData name="OBJECTID">73</SimpleData>
		<SimpleData name="Section_Name">CA Section H</SimpleData>
		<SimpleData name="Shape_Length">0.34549496108751</SimpleData>
		<SimpleData name="FolderPath">Track/2 - Central California/CA Section H</SimpleData>
		<SimpleData name="Region">Central California</SimpleData>
	</SchemaData></ExtendedData>
      <MultiGeometry><LineString><coordinates>-118.3604025,36.5480895000001 -118.357406,36.5508928 -118.3575218,36.5518844000001 -118.3588248,36.5522130000001 -118.3591592,36.5547478 -118.3600353,36.5547976 -118.3608862,36.5566601 -118.3600256,36.5585801 -118.3629668,36.5596732000001 -118.3674872,36.5663791000001 -118.3706621,36.5732561 -118.3738655,36.5747177000001 -118.3744956,36.5769156000001 -118.3736215,36.5815868 -118.3694104,36.5849067 -118.3700926,36.5867574000001 -118.3691551,36.5876443000001 -118.3713825,36.5900074 -118.3703942,36.5904014000001 -118.3694518,36.5923806000001 -118.3703125,36.5921112 -118.3682703,36.5941043 -118.3707654,36.5937125 -118.3713415,36.5946629000001 -118.3772625,36.5940407000001 -118.3753086,36.5966035000001 -118.3750501,36.598033 -118.3756472,36.5984576000001 -118.3724768,36.6016436 -118.3718546,36.6035092000001 -118.3748405,36.6107047 -118.37617,36.6116315 -118.3790498,36.6118463 -118.3787566,36.6147009000001 -118.379868,36.619157 -118.3840268,36.6235481000001 -118.3857364,36.6291907 -118.3856113,36.6357762000001 -118.3882538,36.6398223 -118.3874438,36.6431968000001 -118.38822,36.6453433 -118.3904987,36.6479278 -118.3903124,36.6518509000001 -118.3884671,36.6564393 -118.3830196,36.6627285000001 -118.3851871,36.6656550000001 -118.3850428,36.666574 -118.384579,36.6679322000001 -118.3827778,36.6693168 -118.3839201,36.6713493 -118.3829944,36.6716024 -118.3822853,36.6732531000001 -118.3819713,36.6777401000001 -118.3793202,36.6791608 -118.3784888,36.6830755</coordinates></LineString><LineString><coordinates>-118.378488799,36.6830755010001 -118.3761935,36.6868864 -118.375921,36.6891542000001 -118.3737805,36.691295 -118.3721292,36.6911186 -118.3726529,36.6921696000001 -118.371548,36.6917239000001 -118.3738398,36.6942802 -118.3722442,36.696044 -118.3731459,36.6998706000001 -118.3706627,36.7021119 -118.3694914,36.70457 -118.3687051,36.7024488000001 -118.3665689,36.7049352000001 -118.3653276,36.7067919 -118.3661844,36.7069515000001 -118.3653555,36.7081388 -118.3658704,36.7100972000001 -118.3639257,36.7123203 -118.3638792,36.7134482000001 -118.3645969,36.7149728000001 -118.3646833,36.7143425 -118.3673761,36.7150131000001 -118.3716254,36.7130231 -118.3723723,36.7136189 -118.3727565,36.7151442000001 -118.371035,36.7209693 -118.3707048,36.7263579 -118.3714538,36.7298943000001 -118.3721335,36.7294482 -118.3735982,36.7324307000001 -118.37877,36.7369588 -118.3790569,36.7386046 -118.3806563,36.7405939000001 -118.3832625,36.742557 -118.3833445,36.7434170000001 -118.3848383,36.7439138 -118.3886435,36.7505308 -118.3920093,36.7525109000001</coordinates></LineString><LineString><coordinates>-118.392009301,36.7525109000001 -118.3942407,36.7529273000001 -118.3977082,36.7552399 -118.3997359,36.7552859</coordinates></LineString><LineString><coordinates>-118.399735904,36.7552858990001 -118.4067158,36.7591353</coordinates></LineString></MultiGeometry>
  </Placemark>
  <Placemark id="simplified.74">
	<Style><LineStyle><color>ff0000ff</color></LineStyle><PolyStyle><fill>0</fill></PolyStyle></Style>
	<ExtendedData><SchemaData schemaUrl="#simplified">
		<SimpleData name="OBJECTID">74</SimpleData>
		<SimpleData name="Section_Name">CA Section H</SimpleData>
		<SimpleData name="Shape_Length">0.369921045417581</SimpleData>
		<SimpleData name="FolderPath">Track/2 - Central California/CA Section H</SimpleData>
		<SimpleData name="Region">Central California</SimpleData>
	</SchemaData></ExtendedData>
      <MultiGeometry><LineString><coordinates>-118.406715802,36.7591353 -118.4089671,36.7603735000001 -118.4122517,36.7602341 -118.411377,36.7616585000001 -118.4079468,36.7630702000001 -118.4084586,36.7634004000001 -118.4077846,36.7637583000001 -118.4085677,36.7640006 -118.4077997,36.7650037000001 -118.408689,36.7652985 -118.407708,36.76593 -118.4114084,36.7662183 -118.4119244,36.7691495 -118.4140312,36.7693055 -118.4165758,36.7708821000001 -118.4225382,36.780087 -118.422666,36.7839045000001 -118.4208819,36.7847049000001 -118.417305,36.7839761000001 -118.4140187,36.7852071 -118.4132137,36.7861675 -118.4142466,36.7871477 -118.4129744,36.7889058000001 -118.4133877,36.7893559</coordinates></LineString><LineString><coordinates>-118.413387702,36.789355899 -118.4135485,36.7893073000001 -118.412649,36.7896486000001 -118.4111713,36.7893831000001 -118.4094945,36.7900986000001 -118.4103061,36.7902978000001 -118.4092216,36.7905845000001 -118.4099632,36.7908298 -118.4090275,36.7919724000001 -118.4098359,36.7919822000001 -118.4097211,36.7930240000001 -118.4073103,36.7957910000001 -118.4072645,36.7971295 -118.404937,36.7982658 -118.4042715,36.7995683 -118.4025464,36.7999815000001 -118.4021016,36.7994216000001 -118.4017034,36.8007055 -118.402561,36.8025211 -118.4020016,36.8039693000001 -118.3990787,36.8030294000001 -118.3981623,36.8034709 -118.3976759,36.8059932 -118.3986581,36.8099652000001 -118.4020039,36.8123739000001</coordinates></LineString><LineString><coordinates>-118.402003901,36.8123739010001 -118.4035475,36.8128628000001 -118.4070244,36.8176393000001 -118.4092942,36.8240241 -118.4086673,36.8254240000001 -118.4096938,36.8276585 -118.4090827,36.8291709000001 -118.4099121,36.8313903000001 -118.4084464,36.8331985 -118.4091263,36.8338929000001 -118.4078571,36.8348985000001 -118.4069579,36.8407325000001 -118.4131427,36.8502601000001 -118.4125389,36.8519359000001 -118.4153504,36.8526958</coordinates></LineString><LineString><coordinates>-118.4153504,36.852695801 -118.4168069,36.8544665000001 -118.4182739,36.8546189 -118.4216913,36.8606733 -118.4237364,36.8619409 -118.4278842,36.8701408000001 -118.4314198,36.8724661000001 -118.4392439,36.8739533 -118.435628,36.876473 -118.4295002,36.8845448000001 -118.417982,36.8904366 -118.4168518,36.8918757000001 -118.416439,36.8956344000001 -118.4141909,36.8979430000001 -118.4115163,36.8984904000001 -118.4107879,36.8995348 -118.4055194,36.9000725000001 -118.4005835,36.9023429000001 -118.4002763,36.9051984000001 -118.3981797,36.908013 -118.3982961,36.9103733000001 -118.3947368,36.9150869000001 -118.3938452,36.9200314 -118.3950404,36.9237402000001 -118.3988111,36.9265475 -118.4009805,36.9257386 -118.4053974,36.9265562000001 -118.4107752,36.9298619 -118.411307,36.9324491 -118.4105745,36.9323957 -118.4116787,36.9328606 -118.4109456,36.9330894 -118.4109744,36.9339928000001 -118.4121801,36.9339233000001 -118.4128974,36.9379885000001 -118.4159258,36.9377658000001 -118.417432,36.9391685000001 -118.421692,36.9401375</coordinates></LineString><LineString><coordinates>-118.421692001,36.940137502 -118.4266778,36.9446166000001 -118.427104,36.9439534000001 -118.4279863,36.9443374000001 -118.4288303,36.9461787000001 -118.4324676,36.9469159000001 -118.4328369,36.9477079000001</coordinates></LineString></MultiGeometry>
  </Placemark>
  <Placemark id="simplified.75">
	<Style><LineStyle><color>ff0000ff</color></LineStyle><PolyStyle><fill>0</fill></PolyStyle></Style>
	<ExtendedData><SchemaData schemaUrl="#simplified">
		<SimpleData name="OBJECTID">75</SimpleData>
		<SimpleData name="Section_Name">CA Section H</SimpleData>
		<SimpleData name="Shape_Length">0.394305767289788</SimpleData>
		<SimpleData name="FolderPath">Track/2 - Central California/CA Section H</SimpleData>
		<SimpleData name="Region">Central California</SimpleData>
	</SchemaData></ExtendedData>
      <MultiGeometry><LineString><coordinates>-118.4328369,36.947707902 -118.4329666,36.9517319 -118.4365488,36.9558482 -118.4367439,36.9586078 -118.439114,36.9604759000001 -118.4387572,36.9621240000001 -118.4405093,36.9629304000001 -118.4381324,36.9681368 -118.4397887,36.9686145000001 -118.4409921,36.9678374000001 -118.4409718,36.9688802000001 -118.4441836,36.969612 -118.4449375,36.9712153 -118.4425456,36.9747077000001 -118.443174,36.9782831000001</coordinates></LineString><LineString><coordinates>-118.443174,36.978283101 -118.4444087,36.9804990000001 -118.4444748,36.9824675 -118.4463656,36.9847045000001</coordinates></LineString><LineString><coordinates>-118.446365601,36.9847045010001 -118.4487577,36.9883363000001 -118.4518948,37.0010809 -118.4543307,37.0052062 -118.4555814,37.0098599 -118.4589339,37.0127076000001 -118.4605763,37.0176426 -118.4603791,37.0195755 -118.4578109,37.0221492000001 -118.4541712,37.0300516 -118.4548161,37.0310033000001 -118.4572849,37.0311105000001 -118.4590658,37.0304112000001 -118.459795,37.0292448000001 -118.4600696,37.0297993 -118.4602799,37.0290046000001 -118.4602669,37.0344822000001 -118.460447,37.0339817 -118.4605524,37.0339115 -118.4605461,37.0346372000001 -118.4616875,37.0345018 -118.4618915,37.035712 -118.462741,37.034834 -118.4636155,37.0350257000001 -118.4639576,37.0366549 -118.4644261,37.0358390000001 -118.465283,37.0384156000001 -118.4651443,37.0417792000001 -118.4666758,37.044515 -118.4680471,37.0452277000001 -118.4682093,37.0471663000001 -118.4696697,37.0496132000001</coordinates></LineString><LineString><coordinates>-118.469669701,37.0496132000001 -118.4704059,37.0515380000001 -118.4741665,37.0555491000001</coordinates></LineString><LineString><coordinates>-118.474166501,37.0555491000001 -118.4812984,37.0591407000001</coordinates></LineString><LineString><coordinates>-118.481298401,37.0591407000001 -118.4840372,37.0605833000001 -118.4886917,37.0601328000001 -118.4912939,37.0607449 -118.4937318,37.0573063000001</coordinates></LineString><LineString><coordinates>-118.493731801,37.0573063000001 -118.4970716,37.0545598 -118.4979432,37.0557201 -118.4985675,37.0539192000001 -118.5014917,37.0547847 -118.5030828,37.0543236 -118.5021949,37.0542804 -118.5030145,37.0533527000001 -118.5043982,37.0538511 -118.5048484,37.0532198000001 -118.5102949,37.0545257000001 -118.5192794,37.0545510000001 -118.5200686,37.0560187 -118.5226512,37.0568753000001 -118.5258722,37.0560895</coordinates></LineString><LineString><coordinates>-118.525872202,37.0560894990001 -118.5267968,37.0554103000001 -118.5366763,37.0542772000001 -118.5394098,37.0530018000001 -118.5485136,37.0525868 -118.5545798,37.0513296 -118.558612,37.0529414000001 -118.565908,37.0529752 -118.5694577,37.0548931000001 -118.5706135,37.0538839000001 -118.5749781,37.0541588 -118.576734,37.0536003 -118.5771144,37.0526127000001 -118.5790427,37.0526756 -118.580575,37.0529935000001 -118.581774,37.0556048 -118.5854062,37.0585727000001 -118.5867204,37.0616164 -118.5892725,37.0637158000001</coordinates></LineString><LineString><coordinates>-118.5892725,37.0637158010001 -118.5892754,37.0647914 -118.5927108,37.0689162</coordinates></LineString><LineString><coordinates>-118.592710801,37.068916201 -118.5957739,37.0730867 -118.5966643,37.0757897 -118.5947956,37.0869671 -118.5954543,37.0894923000001 -118.5938912,37.0926765 -118.5946783,37.0953959 -118.595782,37.0960235000001 -118.5977666,37.1001150000001</coordinates></LineString><LineString><coordinates>-118.5977666,37.1001150010001 -118.5997169,37.1045745000001 -118.6008764,37.1051370000001 -118.6002702,37.1060225000001 -118.6043475,37.1122523000001 -118.6053017,37.1128989000001 -118.6084236,37.1124005 -118.6115535,37.1134740000001</coordinates></LineString></MultiGeometry>
  </Placemark>
  <Placemark id="simplified.76">
	<Style><LineStyle><color>ff0000ff</color></LineStyle><PolyStyle><fill>0</fill></PolyStyle></Style>
	<ExtendedData><SchemaData schemaUrl="#simplified">
		<SimpleData name="OBJECTID">76</SimpleData>
		<SimpleData name="Section_Name">CA Section H</SimpleData>
		<SimpleData name="Shape_Length">0.39025054247617</SimpleData>
		<SimpleData name="FolderPath">Track/2 - Central California/CA Section H</SimpleData>
		<SimpleData name="Region">Central California</SimpleData>
	</SchemaData></ExtendedData>
      <MultiGeometry><LineString><coordinates>-118.611553502,37.1134739990001 -118.620404,37.1123896 -118.6277406,37.1138822 -118.6308668,37.1131024000001 -118.6318366,37.1137824 -118.6333811,37.1131652 -118.6334446,37.1137814000001 -118.6378233,37.1141241 -118.6377576,37.1157095 -118.6396821,37.1160826 -118.6405293,37.1170660000001 -118.639306,37.1178409 -118.641959,37.1195965000001 -118.6414287,37.1214316000001 -118.6420855,37.1226454000001 -118.6453686,37.1239734000001 -118.6467256,37.1235419000001 -118.6472702,37.1240485000001 -118.6461461,37.124287 -118.6467544,37.1246099000001 -118.6484426,37.1239800000001 -118.6492778,37.124692 -118.650094,37.1226569 -118.6529745,37.1227503000001 -118.6548709,37.1208862 -118.654739,37.119741 -118.6594933,37.1190249000001 -118.6632984,37.1156823000001 -118.6642797,37.1135723 -118.6649291,37.1132417000001 -118.6652245,37.1141242 -118.6695405,37.1115557000001 -118.6717983,37.1122754 -118.6757701,37.115435 -118.6763219,37.1150257 -118.6806756,37.1164386 -118.6832206,37.1192642 -118.6870095,37.1210512000001 -118.6926701,37.1260868000001 -118.6971746,37.1284048000001 -118.6967487,37.1298893000001 -118.6987716,37.1310215 -118.6990915,37.1333259</coordinates></LineString><LineString><coordinates>-118.6990915,37.133325901 -118.6976574,37.1417427000001 -118.6958006,37.145363 -118.6966791,37.1494048000001 -118.6954013,37.1524944000001 -118.695409,37.1550544 -118.694709,37.1569725000001 -118.6924668,37.1589566000001 -118.6922031,37.1605056000001 -118.691012,37.1608002 -118.6902963,37.1649666000001 -118.691787,37.1660876 -118.6918369,37.1690512000001 -118.6931903,37.1702915000001 -118.6931233,37.1718158 -118.6945927,37.1730166 -118.6968552,37.1735853000001 -118.700726,37.1720259000001 -118.7026428,37.1738726 -118.7028005,37.1754633 -118.7070468,37.1774466000001 -118.7081037,37.1769223000001 -118.7070988,37.1766172000001 -118.7067571,37.1750418 -118.7080553,37.1740351 -118.7090394,37.1744975 -118.7088596,37.1736889000001 -118.7099275,37.1738165 -118.7099859,37.1730065 -118.7128835,37.1734425000001 -118.7137442,37.1742649</coordinates></LineString><LineString><coordinates>-118.7137442,37.1742649010001 -118.7209955,37.1784302 -118.7215577,37.1799560000001 -118.7248415,37.1826011000001 -118.7281958,37.1830599 -118.7297429,37.1842342 -118.7394909,37.1873579000001</coordinates></LineString><LineString><coordinates>-118.739490901,37.1873579000001 -118.7450133,37.1885638000001 -118.7537056,37.189039 -118.7556569,37.1899021</coordinates></LineString><LineString><coordinates>-118.755656903,37.1899021 -118.7583507,37.1913771000001 -118.7690705,37.1931566000001 -118.7712467,37.1941870000001</coordinates></LineString><LineString><coordinates>-118.771246701,37.194187001 -118.772948,37.1947146000001 -118.7740143,37.1966907 -118.7771174,37.1970961000001 -118.7820664,37.1968188000001 -118.7817926,37.1953825000001 -118.782516,37.1948883000001</coordinates></LineString><LineString><coordinates>-118.782516003,37.194888301 -118.7852488,37.1957569 -118.7867859,37.1951326000001 -118.7895705,37.1955123000001</coordinates></LineString><LineString><coordinates>-118.789570501,37.195512299 -118.7915792,37.1941343 -118.7922266,37.1948058 -118.7925336,37.1932296000001 -118.7947314,37.1956923000001 -118.7947318,37.1929134000001 -118.7955612,37.1933141000001</coordinates></LineString><LineString><coordinates>-118.795561201,37.1933141000001 -118.7979786,37.1952313 -118.7984956,37.2002966000001 -118.8008796,37.2033031 -118.8035448,37.2042626</coordinates></LineString><LineString><coordinates>-118.803544804,37.204262601 -118.8091927,37.2064873 -118.8142468,37.212697 -118.8240452,37.2165108</coordinates></LineString><LineString><coordinates>-118.824045201,37.216510801 -118.8252175,37.2176219 -118.8240963,37.2193553000001 -118.8245043,37.2203068000001 -118.8271025,37.2218592</coordinates></LineString><LineString><coordinates>-118.827102502,37.221859201 -118.8328564,37.2252436000001 -118.8340497,37.2247624</coordinates></LineString></MultiGeometry>
  </Placemark>
  <Placemark id="simplified.77">
	<Style><LineStyle><color>ff0000ff</color></LineStyle><PolyStyle><fill>0</fill></PolyStyle></Style>
	<ExtendedData><SchemaData schemaUrl="#simplified">
		<SimpleData name="OBJECTID">77</SimpleData>
		<SimpleData name="Section_Name">CA Section H</SimpleData>
		<SimpleData name="Shape_Length">0.383808137253663</SimpleData>
		<SimpleData name="FolderPath">Track/2 - Central California/CA Section H</SimpleData>
		<SimpleData name="Region">Central California</SimpleData>
	</SchemaData></ExtendedData>
      <MultiGeometry><LineString><coordinates>-118.834049701,37.2247624 -118.8395325,37.2236187 -118.8428705,37.225308 -118.8487434,37.2225673 -118.853683,37.222265 -118.8590109,37.2241256 -118.8621388,37.2261310000001 -118.8649336,37.2284389000001 -118.8668563,37.2326949000001 -118.8707037,37.2346112000001 -118.8685186,37.2349247000001 -118.8697067,37.2358282000001 -118.8671368,37.2361397 -118.8718211,37.2422633 -118.8696423,37.2428982000001 -118.8716556,37.2440507000001 -118.8712391,37.2454858 -118.8696678,37.2445737 -118.8698373,37.2463432000001 -118.8714862,37.2490128000001 -118.8684646,37.2477950000001 -118.8693045,37.2497579000001 -118.8669296,37.2481722000001 -118.8670801,37.2493354000001</coordinates></LineString><LineString><coordinates>-118.8670801,37.2493354010001 -118.8678975,37.2506121000001 -118.866704,37.2501477000001 -118.8669764,37.2509907 -118.8665226,37.2505721000001 -118.8644395,37.2534173 -118.8655868,37.2551678 -118.865076,37.2570456 -118.8661513,37.2570666 -118.8652088,37.2579302</coordinates></LineString><LineString><coordinates>-118.865208799,37.2579302 -118.8677954,37.2585128000001 -118.8690642,37.2580244000001 -118.8697307,37.2592435 -118.8726031,37.2586288000001 -118.8733762,37.2610513000001 -118.8746516,37.2607110000001 -118.876667,37.2621288</coordinates></LineString><LineString><coordinates>-118.876667,37.2621288010001 -118.8762692,37.2631015000001 -118.8781434,37.2641932000001 -118.8772578,37.2664193000001 -118.877814,37.2694558000001 -118.8753925,37.2708677000001 -118.8753811,37.2738655000001 -118.8757737,37.2756306000001 -118.8769914,37.2756004 -118.8781489,37.2773040000001 -118.8759222,37.278396 -118.8749311,37.2798206000001 -118.8741309,37.2815031000001 -118.8745039,37.2847810000001</coordinates></LineString><LineString><coordinates>-118.8745039,37.2847810050001 -118.8737194,37.2871504 -118.8742942,37.2879404 -118.8735511,37.2884394000001 -118.8729764,37.2879057000001 -118.8733352,37.2896404000001 -118.8720793,37.2919196 -118.872996,37.2938879000001</coordinates></LineString><LineString><coordinates>-118.872996,37.2938879010001 -118.873361,37.2950323000001 -118.8715541,37.2981979 -118.8713542,37.3011405 -118.8747922,37.3043711 -118.8751024,37.3092448 -118.8722082,37.3121465 -118.8715946,37.3142139 -118.8721737,37.3166069000001 -118.8694713,37.3191801 -118.8697175,37.3204345 -118.8681013,37.322164 -118.8681994,37.3232231000001</coordinates></LineString><LineString><coordinates>-118.868199399,37.3232231000001 -118.8670762,37.3244111000001 -118.8683952,37.3250887 -118.8677069,37.3264304 -118.8687106,37.3283443 -118.866753,37.3307848000001 -118.8680425,37.3351379000001 -118.8698332,37.3362848 -118.8733841,37.3432942000001 -118.8781565,37.3469728000001 -118.8787602,37.3509072000001 -118.8770475,37.3517890000001 -118.8845119,37.3657195000001 -118.8886625,37.3682595000001 -118.890455,37.3703618000001 -118.8949863,37.371628 -118.8992696,37.3757811 -118.9043004,37.3775452 -118.9033762,37.3781383 -118.9043493,37.378272 -118.9042319,37.378878 -118.9067051,37.3788649000001 -118.9048954,37.3797706 -118.9060014,37.3800850000001 -118.9057451,37.380772 -118.9084724,37.3812280000001 -118.9133562,37.3836903000001 -118.9206516,37.3888138 -118.9271247,37.3952718 -118.9277609,37.3943308 -118.9293816,37.3952676000001 -118.9297875,37.3967137000001 -118.9303404,37.3962573000001 -118.9296698,37.3979476000001 -118.9305179,37.397617 -118.9280594,37.4001777 -118.9286563,37.4007374 -118.9269594,37.4011848000001 -118.928391,37.4021828 -118.9277346,37.4025755000001</coordinates></LineString><LineString><coordinates>-118.927734601,37.4025755000001 -118.9295329,37.4028159000001 -118.9276956,37.4035577000001 -118.9314749,37.4040055 -118.9309109,37.4043365000001 -118.9321803,37.405153 -118.9301575,37.4068921000001 -118.9307685,37.4083095 -118.9300701,37.4081672 -118.9300463,37.4090100000001 -118.9270841,37.4094539000001 -118.9251449,37.411028</coordinates></LineString></MultiGeometry>
  </Placemark>
  <Placemark id="simplified.78">
	<Style><LineStyle><color>ff0000ff</color></LineStyle><PolyStyle><fill>0</fill></PolyStyle></Style>
	<ExtendedData><SchemaData schemaUrl="#simplified">
		<SimpleData name="OBJECTID">78</SimpleData>
		<SimpleData name="Section_Name">CA Section H</SimpleData>
		<SimpleData name="Shape_Length">0.396964052768457</SimpleData>
		<SimpleData name="FolderPath">Track/2 - Central California/CA Section H</SimpleData>
		<SimpleData name="Region">Central California</SimpleData>
	</SchemaData></ExtendedData>
      <MultiGeometry><LineString><coordinates>-118.925144898,37.411028 -118.923726,37.4114315 -118.9234814,37.4121948000001 -118.9246585,37.4125573000001 -118.9228666,37.4142351 -118.913919,37.4155933000001 -118.9124287,37.4177898 -118.9115748,37.4177229000001 -118.9123992,37.4188457000001 -118.9114653,37.4191689 -118.9089576,37.4254943 -118.9099393,37.4262248000001 -118.9105019,37.4297028 -118.907933375,37.4347643460001 -118.9075643,37.4385776</coordinates></LineString><LineString><coordinates>-118.907564301,37.4385776 -118.908918,37.4391702 -118.9122164,37.4375142000001 -118.9127906,37.4402566000001 -118.9166448,37.4415537 -118.9194293,37.4415633 -118.9232193,37.4442333000001 -118.9230165,37.4466191000001 -118.922344,37.4462753 -118.9200908,37.4477206 -118.9184652,37.4582511 -118.919517,37.4607591000001 -118.9195573,37.4635808 -118.9210321,37.4641759 -118.9230985,37.4668282000001 -118.923204,37.4686305000001 -118.9226004,37.4685469 -118.9237306,37.4694082 -118.922386123,37.470747773 -118.923064806,37.4724565070001 -118.9243503,37.4733664 -118.9255614,37.4721221 -118.9272812,37.4722590000001 -118.9294218,37.4751115</coordinates></LineString><LineString><coordinates>-118.9294218,37.4751115010001 -118.9276193,37.4760611 -118.9264932,37.4754618000001 -118.9254512,37.4759009000001 -118.9242582,37.4778380000001 -118.930813,37.4809758000001 -118.9322119,37.4811932000001 -118.9315572,37.4801232 -118.9326708,37.4798706 -118.9343682,37.4813330000001 -118.9360724,37.4811889000001 -118.9368119,37.4837106000001 -118.9344846,37.4873881 -118.9344106,37.4879682000001 -118.9354861,37.4879354 -118.9352961,37.4887892 -118.9332515,37.4896555 -118.9329292,37.4914111000001 -118.9321364,37.4918139000001 -118.9329008,37.4930301000001 -118.9339127,37.4926495 -118.9242956,37.5021374 -118.9227854,37.5027882000001 -118.9230318,37.5043036000001 -118.9248948,37.5039883000001 -118.9216396,37.5063423 -118.9276722,37.5061854 -118.9304176,37.5094164000001</coordinates></LineString><LineString><coordinates>-118.930417601,37.5094164010001 -118.9311527,37.5131260000001 -118.9329389,37.5149870000001 -118.9329093,37.5162762 -118.9368686,37.5160741 -118.9380029,37.5172021000001 -118.9384173,37.5165202000001 -118.9411246,37.5201092 -118.9437001,37.5216957000001</coordinates></LineString><LineString><coordinates>-118.943700101,37.5216957010001 -118.945053,37.5243346 -118.9456582,37.5239017000001 -118.9454099,37.5265773 -118.9460646,37.5261681000001</coordinates></LineString><LineString><coordinates>-118.946064601,37.5261681000001 -118.946519,37.5258708000001 -118.9459807,37.5275295000001 -118.9482416,37.5263435000001 -118.9501848,37.5289914000001 -118.9505311,37.5279992000001 -118.9550619,37.5277056 -118.9574721,37.5260776000001 -118.9632146,37.5242192000001 -118.9684529,37.5299815000001</coordinates></LineString><LineString><coordinates>-118.9684529,37.5299815010001 -118.9700811,37.5321637000001 -118.9703518,37.5354406000001 -118.9691834,37.5367346 -118.9691521,37.5383469000001 -118.9704089,37.5390684000001 -118.9813398,37.5357477000001 -118.9825167,37.5379556 -118.9875517,37.5379886000001 -118.990012,37.5403627000001 -118.9906355,37.5430323 -118.9949141,37.5433871000001 -118.9957423,37.5446227 -118.9952667,37.5457895000001 -118.9958588,37.5471745 -118.998403,37.5496017 -119.0036985,37.5467497000001 -119.0054556,37.5467244000001 -119.0081149,37.5485676000001 -119.0109506,37.5483263 -119.0195768,37.5516071000001</coordinates></LineString><LineString><coordinates>-119.019576801,37.5516071000001 -119.0288228,37.5514630000001 -119.0311033,37.5525828 -119.0311082,37.5567945000001</coordinates></LineString><LineString><coordinates>-119.0311082,37.5567945010001 -119.0342385,37.5601926000001 -119.0336841,37.5636181 -119.0354713,37.5641947 -119.038276,37.5635806000001 -119.0391775,37.5644334 -119.0391475,37.5661685000001 -119.0405105,37.5686121000001 -119.0395302,37.5712413000001 -119.0400058,37.5726735000001</coordinates></LineString></MultiGeometry>
  </Placemark>
  <Placemark id="simplified.79">
	<Style><LineStyle><color>ff0000ff</color></LineStyle><PolyStyle><fill>0</fill></PolyStyle></Style>
	<ExtendedData><SchemaData schemaUrl="#simplified">
		<SimpleData name="OBJECTID">79</SimpleData>
		<SimpleData name="Section_Name">CA Section H</SimpleData>
		<SimpleData name="Shape_Length">0.44496541144081</SimpleData>
		<SimpleData name="FolderPath">Track/2 - Central California/CA Section H</SimpleData>
		<SimpleData name="Region">Central California</SimpleData>
	</SchemaData></ExtendedData>
      <MultiGeometry><LineString><coordinates>-119.040005801,37.572673502 -119.044316,37.5749493000001 -119.0456801,37.5771147 -119.0454923,37.5789445 -119.0487246,37.5815432000001 -119.0514762,37.5862049 -119.0547838,37.5875148000001 -119.0561198,37.5886792000001 -119.0551541,37.5889835 -119.0582603,37.5906426 -119.0584723,37.5934681000001 -119.0601202,37.5956945 -119.060809,37.5987846 -119.0617704,37.5942537 -119.0622839,37.5969143</coordinates></LineString><LineString><coordinates>-119.0622839,37.5969143020001 -119.0620893,37.6004437 -119.0634315,37.6038264000001</coordinates></LineString><LineString><coordinates>-119.0634315,37.603826401 -119.0646286,37.6029553000001 -119.0645685,37.6039269 -119.0664297,37.6040257000001 -119.069359,37.6028515 -119.0721307,37.6047812 -119.0768328,37.6118952 -119.0816424,37.6130993 -119.0832961,37.6145643 -119.0846391,37.6136913 -119.0860553,37.6141254</coordinates></LineString><LineString><coordinates>-119.0860553,37.614125401 -119.0861666,37.6154787 -119.0871222,37.6149984 -119.0871525,37.6194172</coordinates></LineString><LineString><coordinates>-119.0871525,37.619417201 -119.0878575,37.6213557 -119.0873197,37.6251532000001 -119.089445,37.6325679 -119.0874897,37.6342038000001 -119.0884647,37.6366541 -119.0864824,37.6410714 -119.0811269,37.6433027 -119.0802498,37.6456355 -119.0773215,37.6484282000001 -119.0773943,37.6509927000001 -119.080543,37.6530392000001 -119.0799214,37.6538703000001 -119.080001,37.6587251 -119.0781736,37.6612459 -119.0766643,37.665921 -119.0770771,37.666453</coordinates></LineString><LineString><coordinates>-119.0770771,37.666453001 -119.0814369,37.6716789000001</coordinates></LineString><LineString><coordinates>-119.081436901,37.6716789000001 -119.0884669,37.6747411000001</coordinates></LineString><LineString><coordinates>-119.088466901,37.6747411000001 -119.091226235,37.676738743 -119.0942586,37.6774702000001</coordinates></LineString><LineString><coordinates>-119.094258601,37.6774702000001 -119.0978303,37.6807469 -119.0964477,37.6807237 -119.0976186,37.6825122000001 -119.0942601,37.6807016000001 -119.0902443,37.6798448000001 -119.0868239,37.6807259 -119.0858619,37.6822861000001 -119.0822518,37.6835602 -119.0830363,37.6842089 -119.0817114,37.6843519 -119.0826828,37.6848282 -119.0815104,37.6848133 -119.0823934,37.6852243000001 -119.081529,37.6854584000001 -119.0863107,37.6869172 -119.0874693,37.6864751000001 -119.0919004,37.6896127000001 -119.0993443,37.6964082000001 -119.1009438,37.6967905000001 -119.1080277,37.7025642 -119.1090837,37.7040400000001 -119.1089596,37.7055297000001 -119.1101684,37.7067225000001 -119.109754,37.707163 -119.1136338,37.7083420000001 -119.1156129,37.7116005 -119.1169658,37.7123057000001 -119.1169555,37.7114099 -119.1189005,37.7130422000001 -119.1189248,37.7124287 -119.1199525,37.7128527 -119.12266,37.7165734000001 -119.1278596,37.7207175 -119.1331845,37.7234327 -119.1375004,37.7275732000001</coordinates></LineString><LineString><coordinates>-119.137500401,37.7275732000001 -119.1450795,37.7294119000001</coordinates></LineString><LineString><coordinates>-119.145079501,37.7294119000001 -119.1467535,37.7301985 -119.1533817,37.7295447000001</coordinates></LineString><LineString><coordinates>-119.153381701,37.7295447000001 -119.1552172,37.7308439 -119.1604424,37.7299095000001</coordinates></LineString><LineString><coordinates>-119.160442402,37.7299095020001 -119.164684,37.7330873000001 -119.1663274,37.7304568000001 -119.169106,37.7287405000001 -119.171331,37.7285116 -119.173967,37.7305657000001 -119.1787256,37.7302607</coordinates></LineString><LineString><coordinates>-119.178725601,37.7302607 -119.1811354,37.7316089 -119.1847272,37.7314184000001 -119.1866655,37.7322927000001</coordinates></LineString><LineString><coordinates>-119.186665501,37.7322927000001 -119.1921388,37.7330766000001 -119.1928487,37.7355285 -119.1961371,37.7390114 -119.1989724,37.7396216000001</coordinates></LineString><LineString><coordinates>-119.198972401,37.7396216000001 -119.1997528,37.7402499 -119.2062922,37.7404818000001 -119.2087131,37.7423824000001 -119.2104407,37.7423604000001 -119.2113353,37.7439512 -119.215167,37.7446935 -119.2144733,37.7458229000001 -119.2158042,37.7455476000001 -119.2147724,37.7467585000001 -119.2203053,37.7493249 -119.2199115,37.7503783000001 -119.2207666,37.7520213 -119.2225363,37.7528685 -119.2254643,37.7564766 -119.225892,37.7594889000001 -119.2284608,37.7612669000001 -119.2304642,37.7611306000001 -119.2337618,37.763221 -119.2367288,37.7637062000001</coordinates></LineString></MultiGeometry>
  </Placemark>
  <Placemark id="simplified.80">
	<Style><LineStyle><color>ff0000ff</color></LineStyle><PolyStyle><fill>0</fill></PolyStyle></Style>
	<ExtendedData><SchemaData schemaUrl="#simplified">
		<SimpleData name="OBJECTID">80</SimpleData>
		<SimpleData name="Section_Name">CA Section H</SimpleData>
		<SimpleData name="Shape_Length">0.214488698775004</SimpleData>
		<SimpleData name="FolderPath">Track/2 - Central California/CA Section H</SimpleData>
		<SimpleData name="Region">Central California</SimpleData>
	</SchemaData></ExtendedData>
      <MultiGeometry><LineString><coordinates>-119.236728801,37.7637062000001 -119.2413655,37.7650401000001 -119.2427597,37.7619999 -119.243975,37.7619232000001 -119.2467272,37.7596296 -119.2497239,37.7619817 -119.2510694,37.7621894000001 -119.2521595,37.7659075 -119.2536391,37.7639711 -119.257006,37.7623487000001</coordinates></LineString><LineString><coordinates>-119.257006001,37.7623487000001 -119.2576009,37.7626852000001 -119.2586642,37.7617146000001 -119.2592493,37.7634196000001 -119.2586423,37.7657574 -119.2568707,37.7670327000001 -119.2568356,37.7696244000001 -119.2606048,37.7745766 -119.26354,37.7811463 -119.2637089,37.7834142 -119.2626616,37.7838645 -119.2635954,37.7854308 -119.2629817,37.7886897000001</coordinates></LineString><LineString><coordinates>-119.2629817,37.7886897010001 -119.261642,37.7905920000001 -119.2628676,37.7934470000001 -119.2620604,37.7979922000001 -119.2665989,37.8082337000001</coordinates></LineString><LineString><coordinates>-119.266598901,37.8082337010001 -119.2683303,37.8122834000001 -119.2704157,37.8127751000001 -119.2723225,37.8163854000001 -119.2767397,37.821625 -119.2775375,37.8246334 -119.2796631,37.8255518 -119.2792355,37.8265829000001 -119.2822571,37.8310078000001 -119.2816253,37.8318083 -119.287622,37.8460329000001</coordinates></LineString><LineString><coordinates>-119.287622002,37.8460329010001 -119.2892567,37.8475782 -119.2904934,37.8504825000001 -119.2925891,37.8517919000001</coordinates></LineString><LineString><coordinates>-119.292589102,37.8517919010001 -119.2959368,37.8543952000001 -119.3035658,37.8634885000001</coordinates></LineString><LineString><coordinates>-119.303565802,37.8634885010001 -119.3080135,37.8659601000001 -119.309654,37.8654784 -119.3115933,37.8661519 -119.3227164,37.8665488 -119.3261798,37.8679519 -119.3330335,37.8677655000001 -119.3336358,37.8687321 -119.3321119,37.8718264 -119.3334829,37.875127686</coordinates></LineString></MultiGeometry>
  </Placemark>
  <Placemark id="simplified.81">
	<Style><LineStyle><color>ff0000ff</color></LineStyle><PolyStyle><fill>0</fill></PolyStyle></Style>
	<ExtendedData><SchemaData schemaUrl="#simplified">
		<SimpleData name="OBJECTID">81</SimpleData>
		<SimpleData name="Section_Name">CA Section B</SimpleData>
		<SimpleData name="Shape_Length">0.35852340152366</SimpleData>
		<SimpleData name="FolderPath">Track/1 - Southern California/CA Section B</SimpleData>
		<SimpleData name="Region">Southern California</SimpleData>
	</SchemaData></ExtendedData>
      <MultiGeometry><LineString><coordinates>-116.644956729,33.2735120790001 -116.6478752,33.2727717000001 -116.6515213,33.2730339 -116.6585965,33.2778183 -116.6581795,33.2827552000001 -116.6533985,33.2874469000001 -116.6539625,33.2894415000001 -116.6491881,33.2931164 -116.6475365,33.2935399</coordinates></LineString><LineString><coordinates>-116.647536499,33.293539901 -116.6395574,33.2948187000001</coordinates></LineString><LineString><coordinates>-116.639557399,33.2948187000001 -116.6379604,33.2955751000001 -116.6373288,33.2969923000001 -116.6370232,33.2958734000001 -116.6353183,33.2957777 -116.6340974,33.2967275 -116.632339,33.2967503 -116.6316916,33.2984959 -116.629645,33.2977407000001 -116.6295675,33.2989551000001 -116.6278625,33.2995447000001 -116.6285901,33.3001569 -116.627916,33.3011063000001 -116.6318034,33.3027797 -116.6309221,33.3059033000001 -116.6295832,33.3067353000001 -116.6296816,33.3077825 -116.6305711,33.3081061 -116.6304994,33.3098002 -116.6272443,33.3113483000001 -116.6282699,33.3133507000001 -116.6269085,33.314651 -116.6264849,33.3169571 -116.6271962,33.3172598 -116.6247054,33.3175641 -116.6249044,33.3185381000001 -116.6228575,33.3199912000001</coordinates></LineString><LineString><coordinates>-116.6228575,33.3199912010001 -116.6227751,33.3219502000001 -116.6237672,33.3199518000001 -116.624696,33.3231307 -116.6259094,33.3222273000001 -116.62829,33.3232242 -116.6286452,33.3248479000001 -116.6280651,33.3245524000001 -116.6290018,33.3264074000001 -116.6307003,33.3263211 -116.6314828,33.3254996000001 -116.6377673,33.3271542000001 -116.6392523,33.3296259000001 -116.6385938,33.3308595 -116.6392778,33.3313749000001 -116.6390486,33.3324384000001</coordinates></LineString><LineString><coordinates>-116.639048599,33.3324384000001 -116.6377116,33.3343429 -116.6362263,33.3348984 -116.636673,33.3355522000001 -116.6360415,33.3363335 -116.63787,33.3366893 -116.6367657,33.3396449000001 -116.6388227,33.3429417 -116.6381872,33.3436872 -116.6362999,33.3436661000001 -116.6357607,33.3445819 -116.6351158,33.344594 -116.6365737,33.3429773 -116.6361903,33.3417056000001 -116.6358273,33.3426643 -116.6325652,33.3413833000001 -116.6305216,33.3427435 -116.6272199,33.3414718000001 -116.6279738,33.3423448</coordinates></LineString><LineString><coordinates>-116.6279738,33.342344801 -116.6284921,33.3432158000001 -116.6278331,33.34468 -116.6289923,33.3453145 -116.6277294,33.3465296000001 -116.6257987,33.3450084 -116.6246435,33.34651 -116.6215399,33.3449078 -116.6208437,33.3454959000001 -116.62134,33.3469454 -116.6200052,33.3472667 -116.6084289,33.3462525 -116.6083069,33.3500842 -116.6102751,33.3520247000001 -116.6076618,33.3542182 -116.6090069,33.3585933000001 -116.6069224,33.3592244000001 -116.6057879,33.3611256 -116.6071346,33.3626637 -116.6066666,33.3637771 -116.6014143,33.3660336 -116.6025861,33.3685412 -116.6001243,33.3691219 -116.5992492,33.3706721 -116.5998889,33.3716557000001 -116.598634,33.3730716000001</coordinates></LineString><LineString><coordinates>-116.598633999,33.3730716000001 -116.5976408,33.3734910000001 -116.5978373,33.3746564 -116.5960352,33.3755096 -116.5965566,33.3767917000001 -116.5959462,33.3776587 -116.5918079,33.3771348000001 -116.5923515,33.3790522 -116.5952244,33.3797945000001 -116.5953718,33.3829282 -116.5978288,33.3830349 -116.597105,33.3841219 -116.5978995,33.3852448000001 -116.5969096,33.3863798 -116.5983649,33.3870077 -116.5985208,33.3879943000001 -116.597239,33.390027 -116.5989017,33.3903953000001 -116.6000895,33.3890296000001 -116.6010707,33.3897027 -116.6016349,33.3940871 -116.600582,33.3962108000001 -116.6046221,33.3972247 -116.6054975,33.4000287000001 -116.6048814,33.4015571 -116.6077173,33.4036854 -116.6065827,33.4055076000001 -116.6081877,33.4065562000001 -116.607035,33.4078453000001 -116.607462,33.4087055000001 -116.6057107,33.408662 -116.6051202,33.409503 -116.6058445,33.4106022 -116.6075538,33.4104247000001 -116.6075057,33.4123535000001 -116.6087003,33.4123250000001 -116.6070288,33.4138174 -116.6080617,33.4156100000001 -116.6074852,33.4172679000001 -116.6061096,33.4178162000001 -116.6072564,33.4200307</coordinates></LineString><LineString><coordinates>-116.6072564,33.420030701 -116.6092216,33.4220302000001 -116.6085474,33.4239725 -116.606878,33.4242751</coordinates></LineString></MultiGeometry>
  </Placemark>
  <Placemark id="simplified.82">
	<Style><LineStyle><color>ff0000ff</color></LineStyle><PolyStyle><fill>0</fill></PolyStyle></Style>
	<ExtendedData><SchemaData schemaUrl="#simplified">
		<SimpleData name="OBJECTID">82</SimpleData>
		<SimpleData name="Section_Name">CA Section B</SimpleData>
		<SimpleData name="Shape_Length">0.822104224844018</SimpleData>
		<SimpleData name="FolderPath">Track/1 - Southern California/CA Section B</SimpleData>
		<SimpleData name="Region">Southern California</SimpleData>
	</SchemaData></ExtendedData>
      <MultiGeometry><LineString><coordinates>-116.606877998,33.4242750990001 -116.6033968,33.4288302 -116.6033811,33.4299596000001 -116.6012211,33.4313437000001 -116.5999316,33.4373135000001 -116.6034232,33.4359346000001 -116.6029123,33.4379989 -116.6047356,33.4400778 -116.604277,33.4409719000001 -116.6050962,33.4421397 -116.6064232,33.4432942 -116.6075136,33.4423127000001 -116.6083861,33.4425402000001 -116.6076531,33.4436298000001 -116.608284,33.4438166 -116.6081507,33.4450184 -116.606184,33.4466018000001 -116.6074181,33.4477483000001 -116.6061431,33.4523794 -116.6067747,33.4548032000001 -116.6062666,33.4560935000001 -116.6051294,33.4557192 -116.6046766,33.4570461000001 -116.6037251,33.4568547000001 -116.6047322,33.4580403000001 -116.6014925,33.4580574 -116.5995057,33.4615059000001 -116.5959603,33.4614999 -116.5957497,33.4635670000001 -116.5939767,33.461285 -116.591905,33.4619842000001 -116.5915755,33.4640468000001 -116.5898673,33.4643859 -116.5895817,33.4667897 -116.5869018,33.4683345 -116.5875116,33.4707883 -116.5856999,33.4736173000001 -116.5823865,33.4742900000001 -116.5808655,33.4756418000001 -116.5779777,33.4750464000001 -116.5767842,33.4783387000001 -116.5733602,33.4793702000001 -116.5750927,33.4808887 -116.5749678,33.4812152000001 -116.571924,33.4804411000001 -116.5718306,33.4814158 -116.5730656,33.4821473000001 -116.5700506,33.4828172000001 -116.569699,33.48787 -116.5687184,33.4878631 -116.5681947,33.4869606 -116.5671586,33.4863571000001 -116.5669169,33.4863312000001 -116.5676513,33.4872237000001 -116.5678272,33.4894033 -116.5670204,33.4898420000001 -116.5676946,33.490597 -116.5654532,33.4915627 -116.5691735,33.4924126000001 -116.570206,33.4934904 -116.5695624,33.4935562000001 -116.5701807,33.4940348000001 -116.5694066,33.4953344 -116.5701384,33.496402 -116.5682754,33.49719 -116.5697809,33.4987752000001</coordinates></LineString><LineString><coordinates>-116.5697809,33.4987752010001 -116.5706684,33.4999977000001 -116.5725308,33.5000352000001 -116.573265,33.5023184 -116.5748369,33.5020101000001 -116.5739074,33.5039467 -116.5753274,33.5058070000001 -116.5770202,33.5057939000001 -116.5776834,33.5072084 -116.5792577,33.5068910000001 -116.5792262,33.5080859 -116.5819003,33.5089382 -116.5818384,33.5099262000001 -116.5826642,33.5097544000001 -116.5835002,33.5123083 -116.583072,33.5132051000001 -116.5845573,33.5130019000001 -116.5886535,33.5152337000001 -116.5877535,33.5167807 -116.5891239,33.5182983 -116.5911631,33.5179684 -116.5903992,33.5192153 -116.5918202,33.5209421000001 -116.5927037,33.5208354000001 -116.5919496,33.5215934 -116.5935939,33.5242151 -116.5926271,33.5278545 -116.5880242,33.5282275000001 -116.5871513,33.5292998 -116.5844384,33.5298108000001 -116.5869543,33.5299643000001 -116.585437,33.5318878 -116.5871141,33.5331074000001 -116.5861579,33.5338487000001 -116.5871039,33.5349627000001 -116.5857442,33.5357899000001</coordinates></LineString><LineString><coordinates>-116.585744201,33.535789901 -116.5861159,33.5368733 -116.5868815,33.5368554 -116.5868055,33.5379651000001 -116.5829729,33.5376848000001 -116.5822873,33.5370019000001 -116.5818112,33.5386414000001 -116.5798495,33.5392217 -116.5804516,33.5423407000001 -116.57891,33.5426527000001 -116.5789294,33.5449772000001 -116.5771377,33.5459966</coordinates></LineString><LineString><coordinates>-116.577137699,33.5459966 -116.5761285,33.5464137000001 -116.575303,33.548681 -116.5780985,33.5500039 -116.578631,33.5517612 -116.5811994,33.5521225000001 -116.5813226,33.5543629000001 -116.5798414,33.5554856000001 -116.5802116,33.5585669000001 -116.5791435,33.5599397 -116.5768514,33.5607018000001 -116.576897018,33.564356016 -116.575237988,33.5653650290001 -116.575393975,33.566718958 -116.574203996,33.567604003 -116.575767975,33.570029978 -116.57715803,33.5704080020001 -116.577462964,33.5709509810001 -116.573090041,33.570532976 -116.573689012,33.5718299910001 -116.572613027,33.5723540280001 -116.573990006,33.5731349700001 -116.572514037,33.5737800410001 -116.57376403,33.574868012 -116.571729993,33.5751750410001 -116.570933964,33.576557972 -116.572253024,33.5766189920001 -116.57129799,33.5779610180001 -116.572594,33.579312013 -116.571272006,33.581944015 -116.571649024,33.586024996 -116.570154028,33.5887170120001 -116.571421036,33.588760011 -116.571344007,33.589848988 -116.571719013,33.5888709870001 -116.572491992,33.5899459660001 -116.570271961,33.5943479740001 -116.571416007,33.5957380290001 -116.567832995,33.6000380290001 -116.567625962,33.605705034 -116.564863035,33.6078229730001 -116.565464018,33.608335024 -116.564199021,33.6119249930001 -116.566762039,33.615049012 -116.567274006,33.6198299660001 -116.564812995,33.6204880290001 -116.564549971,33.6223410160001 -116.562260035,33.626190992 -116.56324097,33.629987994 -116.562003968,33.630958032 -116.564550977,33.631548034 -116.56698701,33.633589027 -116.568129966,33.6359259860001 -116.569072008,33.635854991 -116.569633009,33.63733096 -116.568978969,33.638288006 -116.569447014,33.6409459920001 -116.568903029,33.642784981 -116.57023198,33.641001983 -116.570610004,33.641984006 -116.569799976,33.64334397 -116.566379992,33.645339031 -116.566648968,33.649747996 -116.571502006,33.6544270250001 -116.571440985,33.6588649920001 -116.570522999,33.6619109750001 -116.572236009,33.6639939620001 -116.572905974,33.6662630270001 -116.575744003,33.6662799590001 -116.577390963,33.66754001 -116.579997987,33.6716769820001 -116.583054028,33.6727910210001 -116.586089032,33.6769200300001 -116.590235978,33.6774109580001 -116.593386987,33.6789279990001 -116.597299995,33.6784919720001 -116.599678025,33.680199031 -116.60186897,33.6833 -116.602982003,33.6818759980001 -116.603650041,33.6853409930001 -116.602259986,33.6856040170001 -116.600158978,33.684702041 -116.605852973,33.68783704 -116.607316034,33.689535968 -116.610261016,33.690365022 -116.612078967,33.6954720320001 -116.615405995,33.69919301 -116.616519028,33.6987320050001 -116.618085019,33.7008780240001 -116.618562033,33.7010419740001 -116.618510988,33.6998860260001 -116.619527964,33.700820021 -116.619860977,33.7034189980001 -116.622121995,33.7055989630001 -116.623084741,33.713891264 -116.624951977,33.7172890360001 -116.623208039,33.718463005 -116.624227026,33.7196590190001</coordinates></LineString><LineString><coordinates>-116.624227032,33.7196590230001 -116.627344005,33.721061982 -116.629124992,33.7258359790001 -116.629033964,33.7267920190001 -116.629036982,33.7264360390001 -116.628595004,33.725259975 -116.628398029,33.7249960280001 -116.628504982,33.727184962 -116.635011015,33.728508968 -116.636364022,33.7309460060001 -116.639059978,33.731559981 -116.641567005,33.7350500380001 -116.641375981,33.733603992 -116.644446021,33.736636983 -116.646206975,33.7401769960001 -116.644707033,33.7420439810001 -116.645323019,33.7439470090001 -116.645331988,33.7421459890001 -116.647296036,33.740503974 -116.65033699,33.742251014 -116.646837965,33.7417409760001 -116.649103006,33.74656803 -116.648894968,33.749604961 -116.647801967,33.7504569810001 -116.649085991,33.752987981 -116.64817404,33.754440984 -116.648703022,33.758824971 -116.647765003,33.7598219980001 -116.646822039,33.759953007 -116.64620203,33.76034 -116.645528041,33.7603140160001 -116.645076005,33.7604509760001 -116.644673003,33.7606679830001 -116.646339996,33.7605659760001 -116.645164015,33.7607969810001 -116.645423016,33.762470009 -116.647058995,33.7629689840001 -116.651123967,33.7620410230001 -116.655112999,33.763137041 -116.657577027,33.7629809700001 -116.662386982,33.76156996 -116.664655041,33.7598159630001 -116.66559197,33.759749997 -116.665619966,33.760705031 -116.666386994,33.7608490330001 -116.665960019,33.76005996 -116.667340016,33.760630013</coordinates></LineString><LineString><coordinates>-116.667340022,33.7606300150001 -116.668301001,33.7604020260001 -116.667776965,33.759665005 -116.668479033,33.757860968 -116.671633981,33.757495014 -116.670982959,33.758475026 -116.671849983,33.7591719810001 -116.671518981,33.7610559820001 -116.67062304,33.7620960080001 -116.671436001,33.7646499740001 -116.673937999,33.7680439740001 -116.67406599,33.7697709820001 -116.674807034,33.7700839620001 -116.672872491,33.775333129 -116.673739,33.7756837000001 -116.6734063,33.7769318000001 -116.6741987,33.7774124000001 -116.6735303,33.7780720000001 -116.6740443,33.7780750000001 -116.6714087,33.7798356000001 -116.6736587,33.7795499000001 -116.6740038,33.7803933000001 -116.6728114,33.7805556000001 -116.6746456,33.7841262000001 -116.6737743,33.7855015000001 -116.6744519,33.7863247000001 -116.6772854,33.7885669 -116.6786682,33.7874345000001 -116.6814167,33.7874441000001 -116.6859999,33.7849698000001 -116.6895029,33.7865807000001 -116.6911246,33.7858996000001 -116.6932483,33.7815096 -116.6951462,33.7802038 -116.696116,33.7823744 -116.6999369,33.7837242000001 -116.7034006,33.7823299 -116.705837,33.7877838000001 -116.7053272,33.7906505 -116.7074783,33.7914318000001 -116.7084473,33.7926579000001 -116.7074533,33.7945197 -116.7069228,33.7971634 -116.7074372,33.7987076000001 -116.7067829,33.7996236000001</coordinates></LineString><LineString><coordinates>-116.706782899,33.7996236000001 -116.7027173,33.8011020000001 -116.6997509,33.8001211000001</coordinates></LineString></MultiGeometry>
  </Placemark>
  <Placemark id="simplified.83">
	<Style><LineStyle><color>ff0000ff</color></LineStyle><PolyStyle><fill>0</fill></PolyStyle></Style>
	<ExtendedData><SchemaData schemaUrl="#simplified">
		<SimpleData name="OBJECTID">83</SimpleData>
		<SimpleData name="Section_Name">CA Section B</SimpleData>
		<SimpleData name="Shape_Length">0.380965671608218</SimpleData>
		<SimpleData name="FolderPath">Track/1 - Southern California/CA Section B</SimpleData>
		<SimpleData name="Region">Southern California</SimpleData>
	</SchemaData></ExtendedData>
      <MultiGeometry><LineString><coordinates>-116.699750899,33.8001211000001 -116.6986345,33.8010192 -116.6992816,33.8049133000001 -116.698713,33.8066886 -116.6973966,33.8077193 -116.6974094,33.8106983000001 -116.6993398,33.8113941 -116.7005488,33.8108363000001 -116.7016699,33.8147355 -116.7017389,33.8187414000001 -116.7071602,33.8220564000001 -116.7073838,33.8239712000001 -116.7106704,33.8257193000001 -116.7116547,33.8294855 -116.7148302,33.8331649 -116.7244007,33.8364768000001 -116.7261904,33.8384039000001 -116.7357401,33.8388306000001 -116.7384274,33.8406429 -116.7377109,33.8419946000001 -116.7382004,33.8446297 -116.7400651,33.8441194000001 -116.7377587,33.8459865 -116.737714,33.8473246 -116.7355844,33.8503853 -116.7357434,33.8514359000001 -116.7350179,33.8517679 -116.734436,33.8501798</coordinates></LineString><LineString><coordinates>-116.734436,33.850179801 -116.734647,33.8530993000001 -116.7359774,33.8528849 -116.7336447,33.8552188 -116.7332726,33.8570961 -116.7321714,33.8571534000001 -116.7311059,33.8556117000001 -116.7311621,33.8541329 -116.7297805,33.8552599000001 -116.7302691,33.8562838 -116.7278532,33.8571561000001 -116.726986,33.8557091000001 -116.7253036,33.8556484000001 -116.7247981,33.8564033000001 -116.7226141,33.8551417 -116.7218956,33.8580416 -116.721808,33.8565644 -116.7217816,33.8570805000001 -116.7216696,33.8572711 -116.7213009,33.8565394 -116.7209431,33.8565399 -116.7202269,33.8559009000001 -116.7198359,33.8557379000001 -116.7196429,33.8557516000001 -116.7207969,33.8568919000001 -116.7206936,33.8598286000001 -116.7196282,33.8621771000001 -116.7181172,33.8626402 -116.7184335,33.8643228 -116.7173459,33.8654884000001 -116.7170697,33.8643111000001 -116.7153676,33.8637803 -116.7144307,33.8630182000001 -116.7144256,33.8626224000001 -116.7142299,33.8624483 -116.7140278,33.8623687 -116.7150126,33.8644630000001 -116.7141694,33.8655078</coordinates></LineString><LineString><coordinates>-116.7141694,33.865507801 -116.7147213,33.8674567 -116.7134182,33.8649803000001 -116.7134796,33.8671354000001 -116.7129032,33.8655146 -116.7119443,33.8651074000001 -116.7125484,33.8657365 -116.7121988,33.8704481 -116.7103528,33.8718344000001 -116.7110042,33.8724445 -116.7083415,33.8725069000001</coordinates></LineString><LineString><coordinates>-116.708341499,33.8725069000001 -116.7071141,33.8730171 -116.7074925,33.8718062 -116.7093112,33.8709571000001 -116.7096307,33.8693661 -116.7079061,33.8673628 -116.7081278,33.8686823 -116.707067,33.8684862000001 -116.7071338,33.8694639 -116.7051777,33.8688540000001 -116.7045888,33.8694363000001 -116.7042503,33.8717185 -116.7021796,33.8732223000001 -116.7027116,33.8744341 -116.7016227,33.8732129000001 -116.7023186,33.8712360000001 -116.7029981,33.8711270000001 -116.702668,33.8684051000001 -116.7007722,33.8678971000001 -116.698789,33.8659967 -116.6962809,33.8667763</coordinates></LineString><LineString><coordinates>-116.696280899,33.8667763 -116.695456,33.8665009000001 -116.6955826,33.8650367000001 -116.6948156,33.8644249000001 -116.6951516,33.8652772 -116.6942851,33.8669099000001 -116.6978791,33.8692854 -116.6969964,33.8706711 -116.6937589,33.8719152 -116.6959989,33.8698793 -116.693938,33.8689099000001</coordinates></LineString><LineString><coordinates>-116.693937999,33.8689098990001 -116.6917407,33.8674639000001 -116.6934275,33.8697247000001 -116.6911436,33.8707304000001 -116.68848,33.8739384 -116.6882013,33.8758398000001 -116.6926245,33.8820876 -116.6954979,33.8838286000001 -116.700263,33.8843801 -116.6977802,33.8849247000001 -116.6989109,33.8850835000001 -116.698418,33.8853328000001 -116.6943633,33.8855273 -116.6881038,33.8834365000001 -116.6856744,33.8812638000001 -116.6839122,33.8805693 -116.6852429,33.882146 -116.682519,33.8807811 -116.6807726,33.878518 -116.680932,33.8770734 -116.6789018,33.8781755000001 -116.6785194,33.8816662</coordinates></LineString><LineString><coordinates>-116.6785194,33.8816662020001 -116.6787319,33.8870294000001 -116.6797739,33.8895836 -116.68492483,33.896523044 -116.684804549,33.9167051580001 -116.6944665,33.9235953 -116.694741835,33.92465731</coordinates></LineString></MultiGeometry>
  </Placemark>
  <Placemark id="simplified.84">
	<Style><LineStyle><color>ff0000ff</color></LineStyle><PolyStyle><fill>0</fill></PolyStyle></Style>
	<ExtendedData><SchemaData schemaUrl="#simplified">
		<SimpleData name="OBJECTID">84</SimpleData>
		<SimpleData name="Section_Name">OR Section D</SimpleData>
		<SimpleData name="Shape_Length">0.515529832960867</SimpleData>
		<SimpleData name="FolderPath">Track/4 - Oregon/OR Section D</SimpleData>
		<SimpleData name="Region">Oregon</SimpleData>
	</SchemaData></ExtendedData>
      <LineString><coordinates>-122.1025601,43.0701460000001 -122.0991275,43.0744564 -122.0992646,43.0759366 -122.0972663,43.0808701 -122.0937334,43.0842049 -122.0915801,43.0895816 -122.0900874,43.0902966 -122.0864824,43.0958348 -122.0837507,43.09788 -122.0808765,43.1074846000001 -122.0830367,43.1095442000001 -122.0809056,43.1125727 -122.081681,43.1130404 -122.0797529,43.1145685000001 -122.0806087,43.1151518 -122.0795422,43.1173767000001 -122.0813716,43.118007 -122.0821604,43.1219409 -122.0814125,43.1240224000001 -122.0761588,43.1292439000001 -122.0746151,43.1317869000001 -122.0750809,43.1338863 -122.0764837,43.1347959 -122.0810826,43.1359374 -122.0858152,43.1351683 -122.0865407,43.1358478000001 -122.0851146,43.1370824000001 -122.0841644,43.1397478000001 -122.0765173,43.1419769 -122.074507,43.1442801000001 -122.0754545,43.1459391000001 -122.0791405,43.1488898000001 -122.0791919,43.1516713 -122.0807691,43.1535410000001 -122.0775217,43.1533983 -122.0741044,43.1566504 -122.0715815,43.1601655000001 -122.0734844,43.1628263000001 -122.0698085,43.1618544 -122.0731019,43.1633685 -122.0743867,43.1647914000001 -122.0722511,43.1636167 -122.0688875,43.1632979 -122.0654581,43.1611055000001 -122.0655853,43.1619602000001 -122.0645677,43.1611549 -122.0643208,43.1621900000001 -122.0626339,43.1628034 -122.0627423,43.1636967000001 -122.0614059,43.1651449 -122.0613718,43.1672513 -122.0643605,43.1755686000001 -122.0635429,43.1769486000001 -122.0589394,43.1788551000001 -122.0571908,43.1826163000001 -122.0584623,43.1847890000001 -122.0547963,43.1862487000001 -122.052839,43.1899964 -122.0526788,43.1928936 -122.0485202,43.1950297000001 -122.0488491,43.1963715000001 -122.051006,43.1974755000001 -122.0509304,43.1986954000001 -122.0524302,43.1997683000001 -122.0493168,43.2005773000001 -122.0465716,43.2028818000001 -122.0453548,43.2049084000001 -122.043258,43.2062663 -122.0436558,43.2086725 -122.040263,43.2111143000001 -122.0350579,43.2131238000001 -122.033961,43.215447 -122.0306303,43.2175616000001 -122.0293576,43.2199241000001 -122.0273664,43.2193018 -122.0232273,43.2202992000001 -122.023581,43.2239555 -122.02592,43.2244498000001 -122.026514,43.2253215000001 -122.0205006,43.2265732000001 -122.0197442,43.2264039 -122.019669,43.2253158 -122.0174383,43.2260371 -122.0157231,43.2275069 -122.0157735,43.2299979000001 -122.0142675,43.2305912 -122.0127052,43.2253947 -122.0127823,43.2231548 -122.0113698,43.2229047000001 -122.0090593,43.2250186000001 -122.0067455,43.2258983 -122.0060755,43.2274295 -122.0080474,43.2290512000001 -122.0071091,43.2315716000001 -122.0004488,43.2354313000001 -121.9996572,43.2369934000001 -121.9985301,43.2366494 -121.9970814,43.2373671 -121.9951452,43.2418838 -121.9882844,43.2445377000001 -121.9885799,43.2466107000001 -121.9867284,43.245276 -121.9856519,43.2457507 -121.9875648,43.2486038000001 -121.9875527,43.2511754000001 -121.9914866,43.2518257 -121.9908692,43.2540126000001 -121.9912728,43.2607556 -121.989751,43.2629123 -121.98995,43.2694812 -121.9885295,43.2725656000001 -121.9890963,43.2741436000001 -121.9974689,43.2810076000001 -121.9997268,43.2814757 -122.0053895,43.2850641000001 -122.0069414,43.2872550000001 -122.0103965,43.2895011000001 -122.0164337,43.2952975000001 -122.0095278,43.2988048 -122.0085862,43.2997159000001 -122.0083175,43.3025968000001 -122.0032449,43.3043319000001 -122.0020617,43.3063862000001 -122.0033828,43.3110648000001 -122.00313,43.3128760000001 -122.004256,43.3140665000001 -122.0127147,43.3152422000001 -122.0181015,43.3185193 -122.0169759,43.3226091000001 -122.0186756,43.3261273000001 -122.0155326,43.3252881000001 -122.0142069,43.3258020000001 -122.009388,43.3321684000001 -122.009527,43.3348359 -122.0085591,43.3373402 -122.0098894,43.3391524 -122.0108252,43.3436373000001 -122.0153099,43.3488308 -122.0192154,43.3556175000001 -122.0219862,43.3588762000001 -122.0254291,43.3592452</coordinates></LineString>
  </Placemark>
  <Placemark id="simplified.85">
	<Style><LineStyle><color>ff0000ff</color></LineStyle><PolyStyle><fill>0</fill></PolyStyle></Style>
	<ExtendedData><SchemaData schemaUrl="#simplified">
		<SimpleData name="OBJECTID">85</SimpleData>
		<SimpleData name="Section_Name">OR Section D</SimpleData>
		<SimpleData name="Shape_Length">0.496996328184492</SimpleData>
		<SimpleData name="FolderPath">Track/4 - Oregon/OR Section D</SimpleData>
		<SimpleData name="Region">Oregon</SimpleData>
	</SchemaData></ExtendedData>
      <LineString><coordinates>-122.0254291,43.3592452 -122.029943,43.3598617000001 -122.0289961,43.3627246 -122.0320307,43.3655528 -122.031143,43.3661200000001 -122.0335136,43.3678278 -122.0328942,43.3690016 -122.0375373,43.3696663000001 -122.0421968,43.3726271 -122.044811,43.3728605000001 -122.0434871,43.3738672000001 -122.0469175,43.3773964000001 -122.0483164,43.3777509000001 -122.0522715,43.376633 -122.0518839,43.3775603 -122.0531339,43.3786755 -122.0513796,43.3795881 -122.0516712,43.3804133 -122.0553559,43.3802741000001 -122.0609961,43.3853869000001 -122.0618515,43.3890277 -122.0597151,43.3889292000001 -122.0621037,43.3916863000001 -122.0613811,43.3919405 -122.0631431,43.3928123000001 -122.0637474,43.3940354000001 -122.0623082,43.3962143000001 -122.0599541,43.3978435000001 -122.0619928,43.4029229000001 -122.0649355,43.4059039000001 -122.0718627,43.4089802 -122.0736268,43.4110875000001 -122.0753674,43.4104338000001 -122.0763361,43.4122706000001 -122.0787705,43.4132567 -122.0796798,43.4128630000001 -122.0820966,43.4156572000001 -122.0831848,43.4149915 -122.083436,43.4169169 -122.0825699,43.41758 -122.08534,43.4160753 -122.0850273,43.4179368000001 -122.0834311,43.4192772000001 -122.0863031,43.4194873000001 -122.0863039,43.4208098 -122.085202,43.4218766000001 -122.0881111,43.4221035 -122.0889856,43.4234688000001 -122.0923549,43.4244808 -122.0925429,43.4279116000001 -122.0961138,43.4280111 -122.0954906,43.4307807000001 -122.096051,43.4315455 -122.0973354,43.4318022 -122.0995224,43.4339002 -122.1013902,43.4339974000001 -122.1039313,43.4363406000001 -122.106208,43.4368886 -122.1084615,43.4401749 -122.1109936,43.4416732 -122.1113832,43.4429834000001 -122.1130846,43.4418678000001 -122.1199864,43.443474 -122.1218535,43.4418615000001 -122.1251925,43.4413050000001 -122.1290745,43.4436564000001 -122.1289289,43.4461619 -122.1312709,43.4459405000001 -122.1337766,43.4471361000001 -122.1359335,43.4499880000001 -122.1335697,43.4549177000001 -122.1336232,43.4575627 -122.1345715,43.4586586 -122.1344291,43.4639669000001 -122.1377688,43.4662137 -122.1367425,43.4685354000001 -122.1402195,43.4687049 -122.1397585,43.4713458000001 -122.1414682,43.4720661000001 -122.1416742,43.4734950000001 -122.1433612,43.4739124000001 -122.1426374,43.4772887 -122.143545,43.4776589000001 -122.1422329,43.4806411000001 -122.1408996,43.4819624 -122.1386097,43.482269 -122.1385164,43.4835170000001 -122.1361451,43.4854282000001 -122.1357093,43.4871684 -122.1370038,43.4879602 -122.1367517,43.4911107 -122.1347006,43.4933959000001 -122.1332917,43.4974799 -122.1337175,43.4998788 -122.1364928,43.5014979000001 -122.1395729,43.5018033000001 -122.1386104,43.5032584 -122.1392783,43.5047529 -122.14155,43.5052996000001 -122.1425261,43.5044731 -122.1419475,43.5062931000001 -122.1413491,43.5073996 -122.1377985,43.5084485 -122.1356853,43.5105458 -122.1362382,43.5121245 -122.1348731,43.5160891 -122.133663,43.5164331 -122.1343405,43.5185746000001 -122.1333614,43.5200953 -122.1300344,43.5214767000001 -122.12655,43.5217894 -122.1210264,43.521082 -122.1181034,43.5224711000001 -122.119855,43.5277528 -122.1215316,43.5288580000001 -122.1213884,43.5320054000001 -122.1224851,43.5328368 -122.1217502,43.5335079000001 -122.1220872,43.5359681 -122.1337819,43.5412382000001 -122.1336257,43.5479191000001 -122.1322168,43.5526746 -122.12645,43.5576452 -122.1205193,43.5586898 -122.1188293,43.5604973000001 -122.1189242,43.5613139000001 -122.1167205,43.5623991000001 -122.1125109,43.5624617 -122.1116405,43.5631883 -122.1076873,43.5626941 -122.1065165,43.563928 -122.1037129,43.5646949000001 -122.1027278,43.5657845000001 -122.1029869,43.5673806 -122.099267,43.5686821 -122.0965945,43.5707471000001 -122.0959582,43.5723249000001 -122.0922275,43.5744575000001 -122.0921197,43.5769540000001 -122.0902121,43.5785593000001 -122.0861085,43.5764158000001 -122.0795531,43.5772879 -122.0783111,43.5786898000001 -122.0792531,43.580564 -122.0790917,43.5828394000001 -122.0760093,43.5830234000001 -122.0731769,43.5862302 -122.0638647,43.590221 -122.0618032,43.5905298000001 -122.0594446,43.5883349000001 -122.0573197,43.5919961000001 -122.0548923,43.5915636</coordinates></LineString>
  </Placemark>
  <Placemark id="simplified.86">
	<Style><LineStyle><color>ff0000ff</color></LineStyle><PolyStyle><fill>0</fill></PolyStyle></Style>
	<ExtendedData><SchemaData schemaUrl="#simplified">
		<SimpleData name="OBJECTID">86</SimpleData>
		<SimpleData name="Section_Name">OR Section D</SimpleData>
		<SimpleData name="Shape_Length">1.74596678096989e-05</SimpleData>
		<SimpleData name="FolderPath">Track/4 - Oregon/OR Section D</SimpleData>
		<SimpleData name="Region">Oregon</SimpleData>
	</SchemaData></ExtendedData>
      <LineString><coordinates>-122.0548617,43.5915534000001 -122.0548445,43.5915504000001</coordinates></LineString>
  </Placemark>
  <Placemark id="simplified.87">
	<Style><LineStyle><color>ff0000ff</color></LineStyle><PolyStyle><fill>0</fill></PolyStyle></Style>
	<ExtendedData><SchemaData schemaUrl="#simplified">
		<SimpleData name="OBJECTID">87</SimpleData>
		<SimpleData name="Section_Name">CA Section M</SimpleData>
		<SimpleData name="Shape_Length">0.785987100526463</SimpleData>
		<SimpleData name="FolderPath">Track/3 - Northern California/CA Section M</SimpleData>
		<SimpleData name="Region">Northern California</SimpleData>
	</SchemaData></ExtendedData>
      <LineString><coordinates>-120.603573424,39.5759098510001 -120.604875696,39.5792522580001 -120.607903843,39.58062103 -120.607926723,39.5785843090001 -120.61246901,39.5763661390001 -120.609866306,39.5779965240001 -120.608866574,39.5793922490001 -120.609305343,39.579008491 -120.60920311,39.580336894 -120.610371117,39.5826666080001 -120.610596996,39.582205378 -120.611273099,39.585819686 -120.613387673,39.588175081 -120.612917151,39.5874115770001 -120.614278268,39.588093923 -120.613404698,39.5865952730001 -120.617162047,39.5881122750001 -120.61536946,39.5862839010001 -120.615128711,39.585419851 -120.618386193,39.5873706560001 -120.617188009,39.585983293 -120.619515426,39.587243765 -120.617349133,39.584817109 -120.61901272,39.585486835 -120.618236443,39.5844751930001 -120.621862807,39.583282384 -120.628570018,39.578696151 -120.63022064,39.578151817 -120.63411173,39.5793612570001 -120.638154291,39.5773679210001 -120.639294456,39.5811124260001 -120.642284524,39.583078266 -120.643616016,39.582044474 -120.646172871,39.582067216 -120.64827631,39.584269998 -120.648501158,39.584932054 -120.646877095,39.583555727 -120.64843665,39.586873208 -120.649823739,39.5878419800001 -120.651086396,39.587881338 -120.6518317,39.5868638260001 -120.65510396,39.586866467 -120.661793928,39.58879933 -120.662079645,39.591868149 -120.66464852,39.598782396 -120.66268714,39.599942857 -120.661975192,39.6017640920001 -120.661184862,39.6007176950001 -120.662281634,39.60555112 -120.661370773,39.6039958580001 -120.66098026,39.6078696380001 -120.659517785,39.609466307 -120.660771131,39.609177215 -120.65850433,39.6098421510001 -120.660123127,39.610599205 -120.657740906,39.610308101 -120.657733194,39.6082280480001 -120.654349085,39.6097216200001 -120.654507168,39.611788765 -120.652095694,39.6154405080001 -120.652948553,39.614933068 -120.652342709,39.615763631 -120.653062966,39.6158212980001 -120.652711261,39.6173215750001 -120.650482345,39.620784391 -120.651526144,39.6209804430001 -120.649971468,39.6218881200001 -120.651031025,39.6217302050001 -120.6516797,39.623580007 -120.650899764,39.623023281 -120.650948212,39.6243823230001 -120.649644239,39.6254086870001 -120.65171,39.6261200000001 -120.65224,39.6282 -120.65291,39.6283700000001 -120.65228,39.6291600000001 -120.6554,39.62825 -120.65411,39.6295400000001 -120.65521,39.6307400000001 -120.65688,39.6310500000001 -120.65849,39.6338200000001 -120.65731,39.6348100000001 -120.65794,39.6356200000001 -120.65663,39.6358200000001 -120.66198,39.6381900000001 -120.66073,39.6390400000001 -120.66049,39.6412700000001 -120.65817,39.6419300000001 -120.65898,39.64221 -120.66042,39.6449200000001 -120.65995,39.64547 -120.661828844,39.6478622130001 -120.663920464,39.648372587 -120.664399741,39.649966406 -120.667291079,39.6487595790001 -120.667753844,39.649327956 -120.668847263,39.6489700490001 -120.667995803,39.6505672430001 -120.668788605,39.652079348 -120.668087567,39.6536864620001 -120.668761145,39.6579243670001 -120.67027644,39.660199692 -120.671647079,39.659198078 -120.672362144,39.6607636140001 -120.672931957,39.660580483 -120.6720606,39.6622629330001 -120.676121942,39.662145665 -120.678002327,39.6642764380001 -120.682753823,39.6661298720001 -120.682582026,39.67122211 -120.680444469,39.677473171 -120.682899446,39.6795696500001 -120.682434008,39.681109136 -120.689793827,39.6826745170001 -120.69351851,39.6869437670001 -120.696392165,39.688943427 -120.69774313,39.6922005600001 -120.700514383,39.6913349920001 -120.701766918,39.688926678 -120.7032408,39.6901334080001 -120.705334021,39.6898927170001 -120.707007127,39.6946016910001 -120.705041016,39.696620071 -120.708023463,39.6974608790001 -120.707610827,39.6984858590001 -120.709145852,39.6989252970001 -120.709360563,39.6998105860001 -120.710951424,39.6992801800001 -120.711964216,39.7007287870001 -120.713558998,39.701294207 -120.712939703,39.702628813 -120.715009575,39.703830366 -120.714658362,39.7055267640001 -120.715547185,39.706264929 -120.71634575,39.7056365720001 -120.722445739,39.7080169110001 -120.727126773,39.705425377 -120.7294785,39.706344228 -120.735452921,39.7059343400001 -120.738173887,39.7078781910001 -120.738602901,39.707192734 -120.739740419,39.711339606 -120.742133962,39.710896534 -120.745106277,39.7118647560001 -120.744606078,39.712998499 -120.745203237,39.7150190180001 -120.74854606,39.7147064860001 -120.750554733,39.7166135420001 -120.752744262,39.7160124390001 -120.758341445,39.718351726 -120.759123598,39.7171094620001 -120.767856888,39.7162529730001 -120.765661344,39.7173283000001 -120.769281234,39.7184675230001 -120.770142919,39.720069761 -120.771974651,39.7182141320001 -120.773389073,39.7178306160001 -120.77190283,39.71940977 -120.772797755,39.7187760360001 -120.77270915,39.7193631970001 -120.773033345,39.7186731630001 -120.773628948,39.718556209 -120.772532193,39.720050519 -120.773024653,39.7205808050001 -120.773171707,39.720939661 -120.773188695,39.7209565900001 -120.773224741,39.72096665 -120.772983878,39.7200085850001 -120.775043695,39.7184894170001 -120.774594925,39.7153773220001 -120.775618547,39.714587781 -120.780751025,39.7142287130001 -120.783057627,39.7150916470001 -120.781533677,39.7158851 -120.782578578,39.7162567880001 -120.787433893,39.7142234740001 -120.787471713,39.7158226720001 -120.788906699,39.717994139 -120.787651335,39.7173883360001 -120.787313658,39.717410424 -120.7931774,39.7230195880001 -120.79453691,39.7261760380001 -120.797242882,39.72804648 -120.798354717,39.7311201970001 -120.802831974,39.735537455 -120.806328902,39.734388519 -120.807117429,39.7351811990001 -120.809726993,39.734466986 -120.809594404,39.7335520830001 -120.810722463,39.7327411520001 -120.814811865,39.7370034950001 -120.813616319,39.740426218 -120.815506045,39.741001054 -120.814640307,39.7428989800001 -120.81646996,39.744439416 -120.820975633,39.744056562 -120.823143728,39.746635584 -120.826503932,39.7455480950001 -120.826234817,39.7476599410001 -120.826924735,39.74813104 -120.83364774,39.74747059 -120.83659662,39.7486812820001 -120.838739917,39.747938543 -120.841976493,39.751158936 -120.843255207,39.750592478 -120.844956489,39.7510360580001 -120.845967415,39.7567510710001 -120.84807083,39.757936107 -120.85526831,39.7589695020001 -120.855589351,39.7612714360001 -120.858352155,39.767090528 -120.861488926,39.770158743 -120.863594652,39.7711213960001 -120.865184662,39.7738717610001 -120.874708182,39.7742499390001 -120.874702809,39.776553209 -120.872783701,39.7766231800001 -120.870740935,39.779145124 -120.874898546,39.783527292 -120.876458038,39.7865233650001 -120.877867379,39.7873518230001 -120.89675756,39.779979617 -120.898672925,39.779999172 -120.901484564,39.7821853820001 -120.90708811,39.7806179390001 -120.909750834,39.780844599 -120.912509275,39.783922444 -120.913864311,39.784287567 -120.91386868,39.7852998710001 -120.915476337,39.784344134 -120.920229448,39.7847533080001 -120.93267817,39.781728634 -120.935563719,39.7799412200001 -120.938701297,39.7797244220001 -120.942098652,39.778145931 -120.946200401,39.778628779 -120.948688906,39.7780589270001 -120.951575639,39.7763909110001 -120.955953621,39.771049792 -120.961478192,39.7724788690001 -120.961459188,39.77037718 -120.963515647,39.7703831790001 -120.966096544,39.76892394 -120.970584475,39.7687334550001 -120.971511879,39.767255161 -120.9737595,39.7660324620001 -120.977067194,39.766153316 -120.981193344,39.767593489 -120.983827117,39.7672594420001</coordinates></LineString>
  </Placemark>
  <Placemark id="simplified.88">
	<Style><LineStyle><color>ff0000ff</color></LineStyle><PolyStyle><fill>0</fill></PolyStyle></Style>
	<ExtendedData><SchemaData schemaUrl="#simplified">
		<SimpleData name="OBJECTID">88</SimpleData>
		<SimpleData name="Section_Name">CA Section M</SimpleData>
		<SimpleData name="Shape_Length">0.740187557924117</SimpleData>
		<SimpleData name="FolderPath">Track/3 - Northern California/CA Section M</SimpleData>
		<SimpleData name="Region">Northern California</SimpleData>
	</SchemaData></ExtendedData>
      <LineString><coordinates>-120.983827117,39.7672594420001 -120.987439566,39.7661652620001 -120.988603891,39.7667413410001 -120.98940853,39.76863243 -120.99314244,39.7713120280001 -120.992142541,39.7740378190001 -120.992872853,39.774906867 -121.001257446,39.775577044 -121.005006922,39.7778365790001 -121.008140837,39.781866537 -121.00707311,39.7821276560001 -121.005857123,39.7806016060001 -121.004168895,39.780344993 -121.003290428,39.7813940440001 -121.004011723,39.782462111 -121.002573781,39.784247556 -121.00394779,39.7858425860001 -121.006504913,39.7864142500001 -121.007791415,39.787962818 -121.008984845,39.7865493900001 -121.014247957,39.787304616 -121.015801219,39.7866635720001 -121.017609451,39.788990562 -121.020267293,39.788945283 -121.021404935,39.788135309 -121.022228795,39.789801088 -121.024744767,39.789218098 -121.029507742,39.7916798140001 -121.030024015,39.791241486 -121.030287097,39.7918347350001 -121.029092881,39.7924482130001 -121.030887816,39.7920619000001 -121.031684358,39.791104628 -121.030838445,39.790066875 -121.033085838,39.7903044190001 -121.032471483,39.793396681 -121.031007714,39.7933749800001 -121.030548112,39.793628051 -121.037399047,39.7952747310001 -121.039804769,39.797355999 -121.042301061,39.797853758 -121.044317222,39.799720843 -121.04752237,39.8009053490001 -121.048861142,39.8029796220001 -121.045812692,39.8043425710001 -121.04361483,39.8021283080001 -121.039265433,39.8021906390001 -121.042803941,39.8033121990001 -121.042739289,39.8048399910001 -121.043733643,39.8058180720001 -121.041820909,39.804094836 -121.041609163,39.8052207800001 -121.045468611,39.8086398390001 -121.044248992,39.8097912060001 -121.043785556,39.8111754720001 -121.043745591,39.811753681 -121.044769695,39.8099748320001 -121.046443853,39.809339369 -121.047172622,39.809342454 -121.045418308,39.810271308 -121.05183192,39.809774588 -121.056155605,39.8081699690001 -121.058433602,39.809787559 -121.059490667,39.811894728 -121.060907892,39.8122572130001 -121.061068575,39.814711614 -121.062356602,39.815003459 -121.062212693,39.8160981720001 -121.066646708,39.816297397 -121.066832778,39.8178319630001 -121.068354052,39.8168554310001 -121.070310137,39.8169371810001 -121.072778674,39.818749059 -121.074986051,39.8186833660001 -121.081051376,39.8223611330001 -121.081002061,39.821262475 -121.079088064,39.8197574640001 -121.077376773,39.816910073 -121.079915934,39.815864957 -121.07450502,39.814944645 -121.07321364,39.8125775170001 -121.070020533,39.8111577560001 -121.069430728,39.8086973010001 -121.078482964,39.806900263 -121.077831884,39.8058396500001 -121.079683525,39.805082703 -121.07838101,39.8035551350001 -121.078134148,39.8030915730001 -121.078281591,39.802799662 -121.080497554,39.8050637800001 -121.079240636,39.806101836 -121.080414594,39.8074903250001 -121.077689869,39.8091717610001 -121.077674225,39.810022389 -121.080967418,39.811569159 -121.085636722,39.809990918 -121.087642339,39.8104207490001 -121.089113939,39.811713372 -121.08755908,39.813614928 -121.088009649,39.814825822 -121.089533613,39.815166209 -121.092806785,39.8142632870001 -121.095026242,39.8153950870001 -121.095778255,39.8166831190001 -121.093912638,39.8195096160001 -121.096982958,39.8215244680001 -121.097451581,39.822971436 -121.104597476,39.8225390370001 -121.111180755,39.825338425 -121.111651281,39.827687021 -121.111113863,39.8294935480001 -121.115951016,39.834502 -121.118095206,39.843741354 -121.122064899,39.8469707620001 -121.123599572,39.8502970380001 -121.1274103,39.849892352 -121.131446037,39.851098521 -121.135914252,39.8535367430001 -121.137639868,39.85537916 -121.13780872,39.856980074 -121.14313577,39.860296023 -121.141720242,39.861181775 -121.135079379,39.8582347820001 -121.131307406,39.8585158060001 -121.128780058,39.8604803470001 -121.127057834,39.8630899820001 -121.124551221,39.864568788 -121.127860369,39.8684197750001 -121.125841584,39.870643102 -121.123169461,39.8700920050001 -121.121766418,39.872261774 -121.117262418,39.8731322720001 -121.116064714,39.874983522 -121.1197931,39.8757640000001 -121.114263404,39.879387604 -121.116476273,39.8803803930001 -121.117019912,39.8821824980001 -121.116464564,39.8846340530001 -121.117285207,39.8857793180001 -121.116106843,39.8881914840001 -121.117446516,39.8891923240001 -121.116053497,39.891008992 -121.117863232,39.8915915900001 -121.118182676,39.892542701 -121.116789081,39.8945682900001 -121.116600718,39.897420084 -121.119324202,39.897738159 -121.120255116,39.898407256 -121.120064088,39.8992751700001 -121.120776426,39.8992765030001 -121.119545711,39.9010319120001 -121.120776616,39.9019125790001 -121.120188533,39.9040237310001 -121.124716361,39.901270685 -121.126639058,39.9017003120001 -121.12936253,39.904945271 -121.131463276,39.9031191230001 -121.130291328,39.9064411030001 -121.127114748,39.9056432780001 -121.12650458,39.906314669 -121.127381633,39.9062212380001 -121.129138338,39.907790608 -121.132344286,39.9078701760001 -121.130787006,39.909860268 -121.133969713,39.9140018510001 -121.133589184,39.9197761670001 -121.132498177,39.9211790140001 -121.134363689,39.9247610560001 -121.134373416,39.9263920940001 -121.132871681,39.9292148710001 -121.132494187,39.93329949 -121.13716085,39.9321150580001 -121.140204491,39.9336005710001 -121.145091548,39.934182713 -121.14583347,39.9352726770001 -121.145869909,39.9383350590001 -121.147907308,39.9383596420001 -121.150173964,39.942016272 -121.152738691,39.9427178760001 -121.154198822,39.945989909 -121.156509766,39.9478467230001 -121.156712619,39.950359039 -121.158850098,39.954450223 -121.163682316,39.9553594400001 -121.164985754,39.9594200860001 -121.168436441,39.9605087260001 -121.170374277,39.958704793 -121.177615442,39.960413101 -121.178605581,39.9610010100001 -121.17916446,39.9628182100001 -121.184832586,39.966406347 -121.186432897,39.96684043 -121.189910398,39.9659791980001 -121.196663086,39.968674347 -121.196868871,39.97042471 -121.198626055,39.9705415330001 -121.202224789,39.972711944 -121.218187721,39.9751046310001 -121.223763591,39.9745257500001 -121.226533591,39.9734731510001 -121.229171448,39.975897843 -121.23528694,39.9738995550001 -121.237268953,39.9745288 -121.239109415,39.976566086 -121.242361565,39.975691463 -121.247866424,39.981358399 -121.24776102,39.980600506 -121.251877842,39.976819843 -121.250721682,39.980607336 -121.25757637,39.984530471 -121.257230019,39.985381481 -121.259042723,39.9849661170001 -121.260013939,39.9856338910001 -121.258494404,39.988691858 -121.260103798,39.9889823400001 -121.261774379,39.992675917 -121.260940172,39.9923069160001 -121.260847296,39.994146114 -121.26146552,39.993931203 -121.260638732,39.994838513 -121.259728926,39.9936091000001 -121.259944661,39.9957288790001 -121.26150048,39.995686236 -121.26133382,39.99638886 -121.260457094,39.9962979100001 -121.26015888,39.996367734 -121.260057124,39.9964311260001 -121.26203679,39.997394107 -121.262393166,39.9964825490001 -121.263222891,39.998847019 -121.262189232,39.9985200740001 -121.263996561,39.9993823180001 -121.262425777,39.9996002230001 -121.26421677,40.0002092230001 -121.263262926,39.999947349 -121.262831824,39.999977481 -121.264616026,40.000827826 -121.264200908,40.001467002</coordinates></LineString>
  </Placemark>
  <Placemark id="simplified.89">
	<Style><LineStyle><color>ff0000ff</color></LineStyle><PolyStyle><fill>0</fill></PolyStyle></Style>
	<ExtendedData><SchemaData schemaUrl="#simplified">
		<SimpleData name="OBJECTID">89</SimpleData>
		<SimpleData name="Section_Name">OR Section E</SimpleData>
		<SimpleData name="Shape_Length">0.427364473581305</SimpleData>
		<SimpleData name="FolderPath">Track/4 - Oregon/OR Section E</SimpleData>
		<SimpleData name="Region">Oregon</SimpleData>
	</SchemaData></ExtendedData>
      <LineString><coordinates>-122.0548923,43.5915636 -122.0449737,43.5929560000001 -122.0427772,43.5946018000001 -122.0383449,43.5943765000001 -122.0372867,43.5965185000001 -122.0355679,43.5958890000001 -122.0357154,43.5968090000001 -122.0348925,43.5963755000001 -122.0347853,43.5971756000001 -122.0318436,43.5979297000001 -122.0240409,43.5951533 -122.0168821,43.5941057000001 -122.0139695,43.5928943000001 -122.0107063,43.5944185000001 -122.0050155,43.5937985 -121.9997209,43.5914687000001 -121.9969001,43.592479 -122.0007072,43.5979296 -121.9989139,43.5984936 -121.9985325,43.6000955000001 -121.9964286,43.6013063 -121.9969264,43.6055680000001 -121.9990632,43.6063675 -122.0004049,43.6081945 -121.9998655,43.6099549 -122.0004108,43.6112147000001 -122.0040642,43.6107272 -122.0032393,43.6117203000001 -121.9994012,43.6126227 -121.9999789,43.6135229000001 -122.005547,43.6133642 -122.0024793,43.6140885 -122.0029976,43.6142554 -122.0009656,43.6157883000001 -122.0011013,43.619788 -122.0019902,43.620821 -121.9995759,43.6262590000001 -122.0001395,43.6274839000001 -122.0022052,43.6286888000001 -122.0011574,43.6300875000001 -122.0030543,43.630001 -122.0028935,43.6310361000001 -122.0050407,43.6312325000001 -122.0061399,43.6340327 -122.0094973,43.6346026000001 -122.0088532,43.6352182000001 -122.008934,43.6388106000001 -122.010456,43.6404214 -122.0080673,43.6418833000001 -122.0079223,43.6447134000001 -122.0053794,43.6476406 -121.9979925,43.6513765 -121.9910271,43.6528058000001 -121.9898582,43.6579891000001 -121.9885802,43.6594447000001 -121.9894178,43.6621892000001 -121.9879167,43.6624931000001 -121.9880617,43.6636887000001 -121.9869375,43.6644167000001 -121.9882765,43.6687943000001 -121.9872884,43.6706718 -121.9886964,43.6738050000001 -121.997384,43.6774604 -121.9969909,43.6806857 -121.9950077,43.6832622000001 -121.9954863,43.6851994 -121.9944964,43.6876244000001 -121.9954095,43.6892561000001 -121.9945649,43.6902066000001 -121.9946218,43.6924909000001 -121.9930066,43.6943020000001 -121.993267,43.6986793 -121.99499,43.7011821 -121.9944448,43.7019125 -121.9949818,43.7061475 -121.9924239,43.7096030000001 -121.9933888,43.7115660000001 -121.9916982,43.7134523 -121.9923423,43.715107 -121.9895937,43.717974 -121.9898403,43.7194932 -121.9885881,43.7207593000001 -121.9842,43.7215967000001 -121.9821487,43.7260338 -121.979511,43.7275136000001 -121.9766535,43.727993 -121.9756967,43.7296621 -121.97501,43.7296363 -121.9764064,43.7301063 -121.9773447,43.7296400000001 -121.9787496,43.7311005 -121.9792785,43.7339032 -121.9771513,43.7358600000001 -121.9806351,43.7416831 -121.9780876,43.7456332 -121.9756321,43.7462672 -121.9726413,43.7490993000001 -121.9744496,43.7526241 -121.9707819,43.7544419000001 -121.9697539,43.7574553000001 -121.971221,43.7590101000001 -121.9672156,43.7620924 -121.9676083,43.7633157000001 -121.966915,43.7651941 -121.9684078,43.7662017000001 -121.9696718,43.7721904000001 -121.9651276,43.7776737 -121.9643721,43.7815395000001 -121.96806,43.7838579 -121.9676086,43.7853322 -121.9682827,43.7880121000001 -121.9668305,43.7916938000001 -121.9674394,43.7935132000001 -121.9667907,43.7961063000001 -121.9652383,43.7975169000001 -121.9644735,43.8012130000001 -121.9622544,43.8046967000001 -121.9640348,43.8114995 -121.9587375,43.8174978000001 -121.9592343,43.8193439 -121.9578143,43.8204972 -121.9581209,43.8231146000001</coordinates></LineString>
  </Placemark>
  <Placemark id="simplified.90">
	<Style><LineStyle><color>ff0000ff</color></LineStyle><PolyStyle><fill>0</fill></PolyStyle></Style>
	<ExtendedData><SchemaData schemaUrl="#simplified">
		<SimpleData name="OBJECTID">90</SimpleData>
		<SimpleData name="Section_Name">OR Section E</SimpleData>
		<SimpleData name="Shape_Length">0.428056252511298</SimpleData>
		<SimpleData name="FolderPath">Track/4 - Oregon/OR Section E</SimpleData>
		<SimpleData name="Region">Oregon</SimpleData>
	</SchemaData></ExtendedData>
      <LineString><coordinates>-121.9581209,43.8231146000001 -121.9581886,43.8244944 -121.9546048,43.8264981 -121.9536863,43.8281212000001 -121.9542655,43.8334779 -121.9519814,43.8355105000001 -121.9489644,43.8362565 -121.947059,43.8378702000001 -121.9468173,43.8393234000001 -121.9523797,43.8427693 -121.9529616,43.8448495000001 -121.9556108,43.8448421000001 -121.9618066,43.8480789000001 -121.9606091,43.8494829000001 -121.9639683,43.8505355 -121.9657221,43.8530675000001 -121.9631467,43.8555303000001 -121.9600516,43.8554457000001 -121.9621858,43.8574803000001 -121.9626469,43.859181 -121.9590903,43.8604239000001 -121.958808,43.8614374000001 -121.9563165,43.862787 -121.9561024,43.8642286 -121.9536743,43.8649964000001 -121.9543662,43.8665052000001 -121.9532981,43.8675769000001 -121.9548179,43.8694369 -121.9512972,43.8730258000001 -121.9514119,43.8749184000001 -121.9541458,43.8787192 -121.9539693,43.8797611000001 -121.9522772,43.8818802000001 -121.9450069,43.8830579 -121.9421765,43.8847377000001 -121.938329,43.8900308 -121.9332913,43.8934580000001 -121.930867,43.8972162000001 -121.9289158,43.8974492 -121.9270011,43.8995927 -121.9186412,43.9021844000001 -121.9179342,43.9034785000001 -121.9178479,43.9076001 -121.9150939,43.9095529000001 -121.9167918,43.9174389 -121.9122276,43.9177209000001 -121.9094982,43.9213099 -121.8980625,43.922194 -121.8961261,43.9231076 -121.8952125,43.9261556000001 -121.8982036,43.9329085000001 -121.8955093,43.9341538 -121.8968857,43.9355785000001 -121.8901603,43.9355551 -121.8840907,43.9373752000001 -121.8826171,43.9388109000001 -121.877957,43.9407231000001 -121.8775017,43.9418549000001 -121.8783184,43.9431098000001 -121.8762164,43.9463163 -121.8791238,43.9483672000001 -121.878629,43.9486902 -121.8811533,43.9492112 -121.8796692,43.950854 -121.8801837,43.9513756000001 -121.8796359,43.9522235000001 -121.882073,43.9530866000001 -121.8817152,43.9543704000001 -121.8825077,43.9552886000001 -121.8812129,43.9564321 -121.8819059,43.9573849000001 -121.8814439,43.9601169000001 -121.8821882,43.9620491000001 -121.8841464,43.9637534 -121.8833628,43.9654269000001 -121.8842472,43.9659827 -121.8837775,43.9673367 -121.8858027,43.9676991000001 -121.8856408,43.9696520000001 -121.8829074,43.9704751 -121.8789162,43.9759973000001 -121.8714262,43.9782316000001 -121.8684067,43.9764112 -121.8668293,43.9771135 -121.8625381,43.9762953000001 -121.860658,43.9748660000001 -121.8575372,43.9752023 -121.8542005,43.9741729 -121.8525906,43.9751161 -121.8525197,43.9767714000001 -121.8495447,43.9769160000001 -121.8486052,43.9777753000001 -121.8479151,43.9810977000001 -121.8467198,43.9825451 -121.8389163,43.9798273000001 -121.835994,43.9817288 -121.8308388,43.9829037000001 -121.8251368,43.9820052000001 -121.8254229,43.9835381 -121.8264898,43.9843361000001 -121.8255245,43.9860008000001 -121.8261777,43.986705 -121.824653,43.9879304 -121.8248125,43.9894352000001 -121.8261796,43.9908118000001 -121.8291952,43.9912528 -121.8289824,43.9923198000001 -121.8300189,43.9936117 -121.8279215,43.9943674 -121.8277567,43.9969830000001 -121.825931026,43.999164971 -121.8266912,44.0000876 -121.8258735,44.0010225 -121.8255905,44.0062796 -121.8239298,44.0070666 -121.8236563,44.0080839 -121.8229305,44.0078116 -121.8222564,44.0098605000001 -121.8229882,44.0147933000001 -121.8224624,44.0153320000001 -121.8234098,44.0170383000001 -121.826198,44.0183263000001 -121.8249763,44.0187288000001 -121.8260752,44.0194249 -121.8261163,44.0210198 -121.8296734,44.0220515 -121.829044,44.0226062 -121.8309205,44.0240433000001 -121.8306263,44.0261461000001</coordinates></LineString>
  </Placemark>
  <Placemark id="simplified.91">
	<Style><LineStyle><color>ff0000ff</color></LineStyle><PolyStyle><fill>0</fill></PolyStyle></Style>
	<ExtendedData><SchemaData schemaUrl="#simplified">
		<SimpleData name="OBJECTID">91</SimpleData>
		<SimpleData name="Section_Name">OR Section E</SimpleData>
		<SimpleData name="Shape_Length">0.430164168600749</SimpleData>
		<SimpleData name="FolderPath">Track/4 - Oregon/OR Section E</SimpleData>
		<SimpleData name="Region">Oregon</SimpleData>
	</SchemaData></ExtendedData>
      <LineString><coordinates>-121.8306263,44.0261461000001 -121.8306132,44.0267079000001 -121.8270626,44.0243491000001 -121.8284089,44.0262123000001 -121.8276236,44.0259458 -121.8269814,44.0280263000001 -121.8277113,44.0287365 -121.8285885,44.0282634000001 -121.8280447,44.0291812 -121.8293486,44.0284153000001 -121.8296726,44.0291199000001 -121.8278862,44.0306739000001 -121.8288946,44.0308484 -121.8285624,44.0325013 -121.8301883,44.0338731000001 -121.829606,44.0381453000001 -121.8273973,44.039227 -121.8265875,44.0405502 -121.8177938,44.0395392 -121.8158393,44.0422904000001 -121.8106587,44.0439074000001 -121.8098693,44.0454463 -121.8100612,44.0483524000001 -121.808701,44.0552773000001 -121.8088486,44.0598483000001 -121.811917,44.0705009000001 -121.8139033,44.0720843 -121.8167264,44.07345 -121.8189854,44.0734919000001 -121.8195064,44.0747375 -121.8211442,44.0750555000001 -121.8192875,44.0755974 -121.8202648,44.0759077000001 -121.817356,44.0761285 -121.8170972,44.0778291 -121.818554,44.0805896000001 -121.8229727,44.0834390000001 -121.8212997,44.0842260000001 -121.8172124,44.0835382000001 -121.8170754,44.0854099000001 -121.8190957,44.0857774 -121.8181189,44.0873016 -121.8154938,44.0883925000001 -121.8161692,44.0889968000001 -121.8135001,44.0922575000001 -121.8138778,44.0938509000001 -121.8150624,44.0941802 -121.813138,44.095021 -121.8142203,44.0976739000001 -121.8163708,44.0996514 -121.8164801,44.1009881000001 -121.8156211,44.1028678000001 -121.8130902,44.1042973 -121.8126264,44.1054007000001 -121.8124371,44.1071568 -121.8137748,44.1080624000001 -121.8096899,44.1102808000001 -121.8095245,44.1121685000001 -121.8112515,44.1141229 -121.8132283,44.1142306 -121.8131842,44.1156149 -121.81448,44.1163752 -121.8137076,44.1191234 -121.8159538,44.1213375 -121.8202657,44.1215009000001 -121.8189254,44.1229999 -121.819728,44.1241725 -121.8191033,44.1249628 -121.8212527,44.1253984000001 -121.8201561,44.127194 -121.8213474,44.1297741000001 -121.8209134,44.1302418000001 -121.82334,44.131425 -121.8238961,44.1333019 -121.8230659,44.1356636 -121.820771,44.1362925 -121.8193841,44.1376474 -121.8219855,44.1408868 -121.8200939,44.1427844 -121.8232416,44.1452027 -121.8204646,44.1456272 -121.8209617,44.1463897 -121.8193905,44.1485193 -121.8164278,44.1505608000001 -121.816708,44.1519872000001 -121.8195288,44.1528117 -121.819854,44.1538498 -121.8186248,44.1574903000001 -121.819977,44.1590589 -121.8182357,44.1613373000001 -121.8180288,44.1639035000001 -121.8172103,44.1642451000001 -121.8183901,44.1675910000001 -121.8155454,44.1692021000001 -121.8166558,44.1714241000001 -121.815004,44.1749092000001 -121.8168501,44.1774703 -121.8185559,44.1776723 -121.8165664,44.1806235000001 -121.8203423,44.1836357 -121.8182752,44.184179 -121.8165535,44.1873753 -121.8128231,44.1896834 -121.8054375,44.188902 -121.8044656,44.1896698 -121.8019762,44.1884440000001 -121.8021704,44.1900677 -121.8014329,44.1902927 -121.7914643,44.1902892000001 -121.7930254,44.1911009 -121.7934094,44.1927821 -121.791963028,44.1923280250001 -121.7928197,44.1957468000001 -121.793406,44.1958458 -121.7913447,44.1977802000001 -121.7933027,44.2004924 -121.7927629,44.2039716 -121.7914109,44.2058756000001 -121.7918872,44.2089781000001 -121.7909865,44.2099772 -121.7918353,44.2110053000001 -121.7915477,44.2118325000001 -121.7881876,44.2123927000001 -121.7876169,44.2150932000001 -121.7854677,44.2168065000001 -121.7831087,44.2169700000001 -121.7803789,44.2157762000001 -121.7770292,44.2186001000001 -121.7754412,44.2212822000001 -121.7757203,44.2240146 -121.7744861,44.2240981 -121.7753603,44.2255524 -121.7725811,44.2313069 -121.7752559,44.2327717000001 -121.7762153,44.2344586 -121.7756452,44.2380483000001 -121.7729126,44.2392108000001 -121.7718148,44.2410922 -121.7731582,44.2428561 -121.7731148,44.2461930000001 -121.7759691,44.2472264 -121.7777815,44.2497513000001 -121.7781399,44.2486214 -121.7803236,44.2482462 -121.7832466,44.2505884 -121.7847215,44.2502931000001 -121.784674,44.2520618 -121.7879626,44.2537192</coordinates></LineString>
  </Placemark>
  <Placemark id="simplified.92">
	<Style><LineStyle><color>ff0000ff</color></LineStyle><PolyStyle><fill>0</fill></PolyStyle></Style>
	<ExtendedData><SchemaData schemaUrl="#simplified">
		<SimpleData name="OBJECTID">92</SimpleData>
		<SimpleData name="Section_Name">CA Section J</SimpleData>
		<SimpleData name="Shape_Length">0.405019420581998</SimpleData>
		<SimpleData name="FolderPath">Track/2 - Central California/CA Section J</SimpleData>
		<SimpleData name="Region">Central California</SimpleData>
	</SchemaData></ExtendedData>
      <LineString><coordinates>-119.6365177,38.3205241000001 -119.6361594,38.3219916 -119.6351113,38.3226533000001 -119.6382445,38.3224135 -119.637483,38.3238482 -119.6393525,38.3245926000001 -119.6399393,38.3263892000001 -119.6392387,38.3275685 -119.637332289,38.327915138 -119.6358648,38.3298136000001 -119.6362445,38.3316245 -119.6336561,38.3358997 -119.6358897,38.3393476000001 -119.6342863,38.3407929000001 -119.635723,38.3435397000001 -119.636772,38.3444569000001 -119.637931,38.343891 -119.6384807,38.3460508000001 -119.6399791,38.3461125000001 -119.6384161,38.3471693000001 -119.6375482,38.3463286 -119.6328752,38.346522 -119.631872,38.3443767000001 -119.6309963,38.3442348 -119.6247975,38.3458325 -119.6253779,38.3472088 -119.6244228,38.3490949000001 -119.6251145,38.3566141000001 -119.6236199,38.3587946000001 -119.623075,38.3614249 -119.6246031,38.3618117 -119.6242102,38.3627193 -119.6263235,38.3628747000001 -119.6254064,38.3637442 -119.627837,38.3639757 -119.6294683,38.3698878000001 -119.6350624,38.3732801 -119.6371059,38.3806831000001 -119.640342,38.3846351 -119.6423773,38.3852991000001 -119.6468518,38.3900884 -119.6518284,38.3924205000001 -119.6540301,38.3943875000001 -119.6549312,38.3967587000001 -119.6567929,38.3985781000001 -119.6575631,38.401894 -119.6625153,38.4073564 -119.6651235,38.4087523000001 -119.6656227,38.4110876 -119.667787,38.4123361000001 -119.6698299,38.4179455 -119.6711883,38.4149751 -119.6704782,38.4142512000001 -119.6720484,38.4147925 -119.6719297,38.4167861 -119.6725482,38.4165877 -119.6743218,38.4224652 -119.6761285,38.4234963000001 -119.6761217,38.4259924 -119.6808734,38.4294814 -119.6810403,38.4312617000001 -119.6793783,38.4329727000001 -119.6802105,38.4353085000001 -119.6792307,38.4360943 -119.6797013,38.4400075 -119.681324,38.4409275 -119.6863728,38.4407769000001 -119.6880444,38.4436567000001 -119.6976161,38.4430395000001 -119.6988655,38.4470518000001 -119.7010331,38.445927 -119.7025837,38.4470534000001 -119.7022373,38.4497099000001 -119.7004218,38.4528316 -119.7015067,38.4533290000001 -119.7036717,38.4527936000001 -119.7055924,38.4504324000001 -119.7086135,38.4505413000001 -119.7106912,38.4517913 -119.7137812,38.4492476 -119.7169461,38.4487457000001 -119.7178425,38.4473694000001 -119.7196268,38.4467301 -119.7209265,38.4487274000001 -119.7231693,38.4492247000001 -119.7230263,38.4517439000001 -119.7249859,38.4533745000001 -119.7243038,38.4554067 -119.7254071,38.4571153000001 -119.7273482,38.4581361 -119.7267872,38.4610061000001 -119.7237429,38.4626871 -119.7189357,38.4629386 -119.7183279,38.4636279000001 -119.7187098,38.4653427000001 -119.7223889,38.4660556000001 -119.7253157,38.4696742 -119.7274475,38.4701189 -119.7288982,38.4729092000001 -119.729041,38.4748545 -119.7283796,38.4755135 -119.7318612,38.4771504 -119.7358506,38.4821102000001 -119.736154,38.4863619000001 -119.7377547,38.4861394000001 -119.7382982,38.4817359 -119.7398585,38.4805226 -119.7399362,38.4829569 -119.7412541,38.4811382 -119.7436002,38.4802053000001 -119.7479543,38.4821262 -119.750252,38.4819307000001 -119.7512862,38.4850165 -119.754403,38.4849219000001 -119.754644,38.4874564 -119.7593293,38.4866778000001 -119.7606775,38.4886416000001 -119.7609123,38.4921527000001 -119.7629913,38.4932786000001 -119.7631497,38.4951097000001 -119.7701446,38.4985245</coordinates></LineString>
  </Placemark>
  <Placemark id="simplified.93">
	<Style><LineStyle><color>ff0000ff</color></LineStyle><PolyStyle><fill>0</fill></PolyStyle></Style>
	<ExtendedData><SchemaData schemaUrl="#simplified">
		<SimpleData name="OBJECTID">93</SimpleData>
		<SimpleData name="Section_Name">CA Section J</SimpleData>
		<SimpleData name="Shape_Length">0.393040683031793</SimpleData>
		<SimpleData name="FolderPath">Track/2 - Central California/CA Section J</SimpleData>
		<SimpleData name="Region">Central California</SimpleData>
	</SchemaData></ExtendedData>
      <LineString><coordinates>-119.7701446,38.4985245 -119.7708533,38.50176 -119.7683847,38.5025509000001 -119.7678396,38.5039945 -119.7706172,38.5044238 -119.7731404,38.5036707 -119.774801,38.5052941000001 -119.7741139,38.5058796000001 -119.7762839,38.5067525000001 -119.7760786,38.5138157000001 -119.7772664,38.5170158 -119.7810861,38.5193320000001 -119.7797414,38.5199089000001 -119.7795917,38.5208047 -119.7758138,38.5221414000001 -119.7748393,38.5244825 -119.7749657,38.5262433 -119.7768085,38.5261800000001 -119.775855,38.5285471 -119.7774148,38.5329498 -119.7776078,38.5315771 -119.7787142,38.5339892000001 -119.7790945,38.5323153000001 -119.781322,38.5325401000001 -119.7822694,38.5358287 -119.7832159,38.5350175 -119.7828898,38.5336739000001 -119.7847143,38.5337759000001 -119.7862316,38.5359499 -119.7896171,38.5384582 -119.789819,38.5405538000001 -119.792529,38.5440024000001 -119.7925757,38.5454088000001 -119.7937582,38.5446969000001 -119.793758,38.542966 -119.7964021,38.5425625 -119.80329,38.5441749 -119.8041408,38.5449667 -119.8037232,38.5464865000001 -119.8074005,38.5459398 -119.8093301,38.5447579 -119.811526,38.5461642000001 -119.8097179,38.5478011000001 -119.8122688,38.5492756 -119.8147667,38.5495592 -119.8189313,38.5541117000001 -119.8272498,38.5542494000001 -119.828785,38.5558042000001 -119.831435,38.5554528000001 -119.8330258,38.5560809 -119.8341708,38.5583996 -119.8332454,38.5598356 -119.8314965,38.5604045000001 -119.8307924,38.5646815000001 -119.8260634,38.5687157 -119.82864,38.5702972 -119.8278006,38.5736195000001 -119.8299972,38.5730294000001 -119.8320049,38.5736346 -119.8321799,38.5757186000001 -119.8312066,38.5781815 -119.832097,38.5799312 -119.8303271,38.5838301000001 -119.8326455,38.5831134000001 -119.833624,38.5843883000001 -119.8277084,38.5890504000001 -119.8244641,38.5892229 -119.8244049,38.5886017 -119.8223721,38.5892431 -119.8202761,38.5940620000001 -119.8212161,38.5938997000001 -119.8220604,38.5947350000001 -119.8207703,38.5950638 -119.8200362,38.5965085 -119.8216691,38.5966643 -119.8178074,38.6005226 -119.8165725,38.6033429 -119.817762,38.6056696000001 -119.8172934,38.6080255000001 -119.8205486,38.6087542000001 -119.8217366,38.6080608 -119.8232569,38.6096118 -119.8243972,38.6088902000001 -119.8242724,38.6108973 -119.8274713,38.6113289 -119.827738,38.6135297000001 -119.8264126,38.6134186 -119.826731,38.6145325000001 -119.8301615,38.6156580000001 -119.8320604,38.6175212000001 -119.8326655,38.6164878000001 -119.8334178,38.6193757 -119.8342672,38.6169475 -119.8353511,38.6203532000001 -119.836717,38.6171486000001 -119.8402237,38.6184046000001 -119.8428502,38.6173826 -119.843525,38.6186899 -119.8453795,38.6183026 -119.8448099,38.6197463 -119.8452872,38.6206652000001 -119.8465717,38.6199175 -119.8451211,38.6232988 -119.8496486,38.6211434000001 -119.8499257,38.6193535 -119.8564559,38.6142794 -119.8567141,38.6124235 -119.8610228,38.6110047000001 -119.8636666,38.6085957000001 -119.8658083,38.6090662 -119.8682858,38.6082005000001 -119.870422,38.6091623 -119.8729515,38.6074749000001 -119.8750003,38.6078081000001 -119.8791635,38.6048993000001 -119.883627,38.604948 -119.8862918,38.6059614000001 -119.8869077,38.6079320000001 -119.8904023,38.6108786 -119.8946985,38.6097753 -119.8936749,38.6122760000001 -119.8950131,38.6129004000001 -119.8952276,38.613949 -119.8964261,38.613909 -119.8971316,38.6154743000001 -119.898803,38.6157159000001 -119.899739,38.6167330000001 -119.9010133,38.6165515000001 -119.9011561,38.6183994 -119.9031767,38.6191992</coordinates></LineString>
  </Placemark>
  <Placemark id="simplified.94">
	<Style><LineStyle><color>ff0000ff</color></LineStyle><PolyStyle><fill>0</fill></PolyStyle></Style>
	<ExtendedData><SchemaData schemaUrl="#simplified">
		<SimpleData name="OBJECTID">94</SimpleData>
		<SimpleData name="Section_Name">CA Section J</SimpleData>
		<SimpleData name="Shape_Length">0.427931544815257</SimpleData>
		<SimpleData name="FolderPath">Track/2 - Central California/CA Section J</SimpleData>
		<SimpleData name="Region">Central California</SimpleData>
	</SchemaData></ExtendedData>
      <LineString><coordinates>-119.9031767,38.6191992 -119.9080668,38.6218751000001 -119.9086905,38.6246851000001 -119.9106458,38.6251978000001 -119.9109436,38.6240969 -119.911766,38.6249857 -119.9131833,38.6239309000001 -119.9142847,38.6254386000001 -119.9148944,38.6246895 -119.9173484,38.6248110000001 -119.9183084,38.6261410000001 -119.9201453,38.6261014 -119.9214864,38.6271324000001 -119.9220497,38.6266818 -119.9227148,38.6291340000001 -119.9243534,38.6294423000001 -119.9256475,38.6313133 -119.9246785,38.6343160000001 -119.9296728,38.6350173000001 -119.9289953,38.6381765 -119.9378006,38.6382523 -119.9429217,38.6406527 -119.9423213,38.6410839000001 -119.9450017,38.6409603000001 -119.9516983,38.6447663000001 -119.9526489,38.645793 -119.9519886,38.6467015000001 -119.9522227,38.6491963 -119.9542808,38.6498271 -119.9575778,38.6494109000001 -119.959781,38.6561520000001 -119.9590696,38.6592725 -119.9597319,38.6603143 -119.9662577,38.6609029000001 -119.9715739,38.6591816000001 -119.9714921,38.6609383000001 -119.9690182,38.663234 -119.9759406,38.6658737000001 -119.9756524,38.6664476 -119.9763759,38.6666146000001 -119.9746854,38.6672247000001 -119.9761078,38.6703807000001 -119.9777333,38.67134 -119.9774417,38.6742603000001 -119.97601,38.6760610000001 -119.9768957,38.6757228000001 -119.9745267,38.6775185000001 -119.9752595,38.6787759000001 -119.9740675,38.679943 -119.9742858,38.6808071 -119.9755751,38.6800396 -119.9762311,38.680868 -119.9787317,38.6796091000001 -119.9815695,38.6809071000001 -119.9830335,38.6831482000001 -119.9850203,38.6835154 -119.9862674,38.6827909 -119.9870463,38.6868177000001 -119.9893533,38.6865111000001 -119.9895656,38.6873772000001 -119.9925496,38.6875001000001 -119.9925113,38.6896090000001 -119.991025,38.6909811 -119.9923433,38.6922247000001 -119.9893023,38.6947393 -119.9896924,38.6959982000001 -119.9913442,38.6968143 -119.9977133,38.695617 -119.999732,38.6968571 -120.0011029,38.6989144 -120.0007518,38.7021798000001 -120.0029912,38.7026901 -120.0049336,38.7102613000001 -120.005387,38.7114145 -120.0062028,38.7112581000001 -120.0061227,38.7146001 -120.0090065,38.7180601000001 -120.0113779,38.7186315000001 -120.0122023,38.7229369 -120.014434,38.7238674000001 -120.0218411,38.7309864000001 -120.0212194,38.7326742000001 -120.0217554,38.7334644000001 -120.0259931,38.7364705000001 -120.0298313,38.7369992000001 -120.0329565,38.7403079000001 -120.0339585,38.7400224 -120.0344333,38.7444729000001 -120.0362343,38.7429697000001 -120.0426793,38.7411392000001 -120.0454019,38.7417747000001 -120.0474855,38.7444993 -120.0482347,38.7469532000001 -120.0477933,38.7477884 -120.0502028,38.7512284000001 -120.0516,38.7515910000001 -120.0522278,38.7538496000001 -120.0516847,38.7544901000001 -120.0523598,38.7558049 -120.0513408,38.7577035 -120.0488171,38.759847 -120.0499544,38.7615111000001 -120.0471431,38.7639438 -120.048538,38.7691227 -120.0502279,38.7707298 -120.0497942,38.7715015000001 -120.051812,38.7774759000001 -120.049825,38.779476 -120.0470954,38.7799390000001 -120.0446235,38.7817232 -120.041886,38.7857392000001 -120.0448065,38.7871341000001 -120.0431389,38.7882011 -120.0369243,38.7893845 -120.0354191,38.7954617 -120.036107,38.7960328 -120.0340923,38.7972418000001 -120.0358338,38.7977214000001 -120.037417,38.8004049 -120.0358529,38.8017028 -120.0321336,38.8020019000001 -120.0316911,38.8033746 -120.0329394,38.8051577000001 -120.033197,38.8072873 -120.034363,38.8078770000001 -120.036171,38.810841 -120.035416,38.812328 -120.035332,38.8161390000001 -120.038399,38.81802 -120.040077,38.8204500000001 -120.039375,38.8216550000001 -120.0401052,38.8232082000001 -120.0391465,38.8232564 -120.0385392,38.8257706000001 -120.0390673,38.8267284 -120.040403086,38.8269228730001</coordinates></LineString>
  </Placemark>
  <Placemark id="simplified.95">
	<Style><LineStyle><color>ff0000ff</color></LineStyle><PolyStyle><fill>0</fill></PolyStyle></Style>
	<ExtendedData><SchemaData schemaUrl="#simplified">
		<SimpleData name="OBJECTID">95</SimpleData>
		<SimpleData name="Section_Name">WA Section J</SimpleData>
		<SimpleData name="Shape_Length">0.586944364450291</SimpleData>
		<SimpleData name="FolderPath">Track/5 - Washington/WA Section J</SimpleData>
		<SimpleData name="Region">Washington</SimpleData>
	</SchemaData></ExtendedData>
      <LineString><coordinates>-121.4300523,47.4074471000001 -121.4276004,47.4084562 -121.4265298,47.410064 -121.4258281,47.4129633000001 -121.4275422,47.4152925000001 -121.4227193,47.4190635 -121.4209542,47.4223882000001 -121.4209807,47.4255921000001 -121.4227381,47.4268802 -121.4204807,47.4272896000001 -121.4157883,47.4257927 -121.414869288,47.427713871 -121.408931756,47.4269152860001 -121.405076213,47.4236246840001 -121.405370907,47.4260268670001 -121.40747849,47.4301261300001 -121.406664894,47.433032773 -121.405677482,47.429859671 -121.404982065,47.4323277230001 -121.399688488,47.435613754 -121.397821155,47.4389948520001 -121.393180224,47.4440589820001 -121.394615076,47.439807327 -121.393865696,47.4361540850001 -121.398658414,47.4328907 -121.397508513,47.4324417390001 -121.385991278,47.4347523650001 -121.384878332,47.436749681 -121.387652358,47.442324963 -121.387716473,47.444770578 -121.387053633,47.4435858430001 -121.386968321,47.444978022 -121.385455012,47.4465791970001 -121.381141856,47.4482808430001 -121.376845407,47.454568168 -121.375288155,47.4546836100001 -121.368691514,47.4581943900001 -121.369230989,47.4606004880001 -121.367717129,47.4621942530001 -121.365797404,47.462040449 -121.35944746,47.464738197 -121.355903992,47.464100305 -121.3506733,47.464744298 -121.3474467,47.4622343 -121.3436455,47.4636001000001 -121.3420658,47.4633715000001 -121.3448766,47.4649973000001 -121.3431542,47.4649441 -121.345667418,47.4664283760001 -121.34591236,47.4679183000001 -121.345218526,47.4687557410001 -121.340619488,47.471460865 -121.329750987,47.470554576 -121.3280582,47.4733696000001 -121.3268296,47.4737243000001 -121.3284187,47.4763094 -121.3273008,47.4773615 -121.3266744,47.4768940000001 -121.326844,47.4776068 -121.3261568,47.4771599000001 -121.3251835,47.4786696 -121.3224164,47.4793888 -121.3209872,47.478774 -121.3184873,47.4752373000001 -121.3158397,47.4744079000001 -121.3144392,47.470781 -121.3112024,47.4672986 -121.3074916,47.4653504 -121.3074073,47.4620564000001 -121.305793569,47.4602742230001 -121.3061112,47.4590291000001 -121.3053278,47.4578499 -121.3065913,47.4553579000001 -121.3018911,47.4568943 -121.2970905,47.4573044000001 -121.297626,47.4556858 -121.2969896,47.4550847 -121.2985807,47.4527396 -121.2960258,47.4533204000001 -121.293658465,47.4514366330001 -121.291016757,47.4519828480001 -121.289547927,47.453042908 -121.289111087,47.4544494020001 -121.2870814,47.4517591000001 -121.286945,47.4535819000001 -121.28517,47.4527135000001 -121.2816136,47.4527042 -121.278910142,47.454828401 -121.278541836,47.454352945 -121.278806135,47.455267506 -121.2778378,47.4547920000001 -121.2777762,47.4560038000001 -121.2765394,47.4550601 -121.2760027,47.4560539 -121.2755676,47.4556899 -121.275716,47.4569551000001 -121.2756142,47.4567066000001 -121.2752175,47.4565055 -121.2746833,47.4574546000001 -121.2732962,47.4568512000001 -121.273899,47.4582677000001 -121.2724983,47.4580271 -121.2728503,47.4585932000001 -121.2725735,47.4588936000001 -121.27247,47.4584251000001 -121.2717574,47.4583006 -121.2715533,47.4598157 -121.2692112,47.461666 -121.2689202,47.4601230000001 -121.2687216,47.4601355 -121.2681824,47.4606213000001 -121.2680623,47.4606411 -121.2684684,47.4592852000001 -121.2675837,47.4602299000001 -121.266937,47.4592510000001 -121.2633013,47.4656805000001 -121.2603024,47.4686976 -121.2577885,47.4689015000001 -121.2558704,47.470157 -121.2558795,47.4716393 -121.2567322,47.4717259000001 -121.257682,47.4737209 -121.261784061,47.4765993450001 -121.260049501,47.480502125 -121.258696634,47.4805752520001 -121.259776679,47.484601807 -121.25790984,47.4867918140001 -121.258426527,47.4882514120001 -121.25793221,47.4893441680001 -121.260339629,47.493420384 -121.258120123,47.492666338 -121.258894386,47.4943197490001 -121.256541389,47.492866873 -121.25355559,47.4898011330001 -121.252733985,47.487055067 -121.252284846,47.4882965690001 -121.252156243,47.486826165 -121.251687429,47.4880428430001 -121.252404964,47.4911397020001 -121.250871112,47.488663569 -121.251451271,47.49176097 -121.24932813,47.48777784 -121.249384633,47.490372607 -121.248727356,47.4894611400001 -121.248119961,47.486780858 -121.247647857,47.4889159510001 -121.24836738,47.4919719920001 -121.2473479,47.4903345000001 -121.2470454,47.4899416000001 -121.2470245,47.4899546 -121.2491869,47.4946355000001 -121.2482114,47.4941829000001 -121.249654666,47.49580036 -121.2485026,47.4949669000001 -121.248114,47.4948111 -121.2492787,47.496313 -121.2466065,47.4938799000001 -121.2482706,47.4964559000001 -121.24833,47.4989406 -121.2479313,47.4980078 -121.2475118,47.4994029000001 -121.2465016,47.4998184 -121.246858,47.4988283000001 -121.2456368,47.4964883000001 -121.2431376,47.4953683000001 -121.2409078,47.4970287 -121.2383141,47.4966605000001 -121.2382771,47.4990291 -121.236588,47.4997406000001 -121.2357403,47.5012859 -121.2355589,47.5026363000001 -121.2374715,47.5033488 -121.236778,47.5039678000001 -121.2296317,47.5027337000001 -121.2212024,47.4991617000001 -121.2213164,47.5012276 -121.2192242,47.5026664000001 -121.2129745,47.4987517000001 -121.2156563,47.5020723000001 -121.2121496,47.4997095000001 -121.2130293,47.5008544 -121.2121821,47.5003703 -121.2119146,47.5012317000001 -121.213710897,47.502602224 -121.213115296,47.5033220940001 -121.213684699,47.5054402390001 -121.216602414,47.5066581470001 -121.215542372,47.5076411420001 -121.217987262,47.508906859 -121.21389616,47.5076796270001 -121.215785237,47.5094212270001</coordinates></LineString>
  </Placemark>
  <Placemark id="simplified.96">
	<Style><LineStyle><color>ff0000ff</color></LineStyle><PolyStyle><fill>0</fill></PolyStyle></Style>
	<ExtendedData><SchemaData schemaUrl="#simplified">
		<SimpleData name="OBJECTID">96</SimpleData>
		<SimpleData name="Section_Name">WA Section J</SimpleData>
		<SimpleData name="Shape_Length">0.647583783326441</SimpleData>
		<SimpleData name="FolderPath">Track/5 - Washington/WA Section J</SimpleData>
		<SimpleData name="Region">Washington</SimpleData>
	</SchemaData></ExtendedData>
      <LineString><coordinates>-121.215785237,47.5094212270001 -121.2139958,47.5090070000001 -121.215015111,47.510030941 -121.213215,47.509263 -121.2158403,47.5108295000001 -121.2151227,47.5110386000001 -121.2109476,47.5089955 -121.213555118,47.5111163880001 -121.213724104,47.5114125420001 -121.206511356,47.507073909 -121.207951615,47.5089919710001 -121.205291646,47.5075775650001 -121.206511591,47.508825684 -121.204283546,47.5081236020001 -121.210711244,47.5158702790001 -121.2084791,47.5172548 -121.2068902,47.5168965 -121.2037984,47.5185433 -121.201892988,47.5185694100001 -121.191821916,47.513586161 -121.183634903,47.5112755170001 -121.173750279,47.506947564 -121.168203714,47.5061054330001 -121.165181418,47.504294014 -121.160159799,47.5029450480001 -121.158748901,47.5034400420001 -121.153075754,47.5087141710001 -121.148145336,47.5106802990001 -121.146263788,47.5129612320001 -121.144065067,47.513728402 -121.141788251,47.517268636 -121.141783743,47.51787324 -121.142392508,47.517223147 -121.142689886,47.5178771060001 -121.1403703,47.5227759000001 -121.1367308,47.5229727 -121.1381777,47.5240108 -121.1365298,47.5235709 -121.1369876,47.5239930000001 -121.1347816,47.5244952 -121.1356227,47.526661 -121.1352591,47.5289637000001 -121.138758065,47.534438584 -121.136937609,47.5359749720001 -121.139528824,47.539745693 -121.139191806,47.5403251270001 -121.136212906,47.5404085170001 -121.134381599,47.5392933690001 -121.134437322,47.540555979 -121.133485206,47.5393616060001 -121.133089177,47.5409434600001 -121.131544381,47.5392815820001 -121.131774518,47.5408444280001 -121.130876566,47.5396136730001 -121.1324631,47.5426081000001 -121.1315637,47.5427743000001 -121.1324908,47.5435198000001 -121.1316457,47.5433871000001 -121.1323863,47.5445109 -121.131512,47.5438441000001 -121.1322568,47.5462282 -121.1339592,47.5486772 -121.1315557,47.5467998 -121.1333662,47.5493689 -121.1325051,47.5493530000001 -121.1308758,47.5476726000001 -121.1317481,47.5499928 -121.133992305,47.5507014200001 -121.1287449,47.5508096 -121.1282025,47.5544782000001 -121.1293491,47.5554464000001 -121.1286986,47.5573791 -121.1306877,47.5580717 -121.129847948,47.558815978 -121.131199089,47.55908787 -121.1308079,47.5600687 -121.1313624,47.5600059000001 -121.1307009,47.5606680000001 -121.1288386,47.5600860000001 -121.1304418,47.5616474 -121.1302688,47.5627252 -121.1298251,47.5618694 -121.1282586,47.5615359000001 -121.129573121,47.5631670230001 -121.132507833,47.5645946440001 -121.13536552,47.5637711970001 -121.1355201,47.5677294000001 -121.1347957,47.5672319000001 -121.134701131,47.570760428 -121.141117475,47.5759639450001 -121.144172506,47.577084567 -121.1438449,47.5778997 -121.146400722,47.580903903 -121.1443839,47.5836416000001 -121.144360207,47.584858701 -121.148615062,47.588805006 -121.148365073,47.589594366 -121.14660953,47.5901869210001 -121.140973973,47.5895945550001 -121.140950271,47.5948272380001 -121.139306516,47.5971614250001 -121.1376947,47.5965086200001 -121.138131085,47.5987375730001 -121.13742719,47.6008822810001 -121.138806214,47.605834821 -121.138470928,47.607196141 -121.134420462,47.6069591520001 -121.133368999,47.6075476170001 -121.133318612,47.6086646420001 -121.136893478,47.611953758 -121.1418672,47.621854 -121.148220648,47.6287668630001 -121.145474726,47.6305919760001 -121.142738989,47.6339476200001 -121.147369674,47.6363686450001 -121.1487341,47.6406492 -121.1510002,47.6434606 -121.1503337,47.6431554000001 -121.1517807,47.6476714 -121.1510395,47.6470233000001 -121.151661062,47.650413084 -121.150414508,47.6522188000001 -121.149113699,47.6503174630001 -121.148399271,47.6515056040001 -121.146087468,47.6516201380001 -121.142807878,47.6487890170001 -121.142214723,47.648939774 -121.1427143,47.6498243 -121.1416289,47.6490687 -121.1421972,47.6500008 -121.1407719,47.6495362000001 -121.1412605,47.6518612 -121.1421986,47.6521204000001 -121.1406575,47.653289 -121.1402747,47.6554347000001 -121.140998,47.6578895000001 -121.1399621,47.6591512000001 -121.139800417,47.6634003300001 -121.136688837,47.6618944680001 -121.134899287,47.6629830910001 -121.132734631,47.6682197060001 -121.13333229,47.6723996380001 -121.132640063,47.672873376 -121.132105336,47.672249616 -121.131815093,47.6736677050001 -121.130309981,47.673298989 -121.1264627,47.6763090000001 -121.1258256,47.6757785 -121.1247058,47.6773624 -121.1218289,47.6783160000001 -121.1187133,47.6828379 -121.1073875,47.6845321000001 -121.106109217,47.686128334 -121.100755349,47.6872859950001 -121.098001027,47.6899467790001 -121.0939567,47.6906565 -121.0933827,47.6911437000001 -121.0940796,47.6916346 -121.0937053,47.6931567 -121.0907045,47.6926615 -121.0893241,47.6941437 -121.0889808,47.6937795000001 -121.0888843,47.693568 -121.0889326,47.6934458000001 -121.0889437,47.6933371000001 -121.0889235,47.6933218 -121.0885476,47.6937901000001 -121.0886643,47.6954372000001 -121.091143,47.6978767000001 -121.0899387,47.7013374000001 -121.088408629,47.701839611 -121.090085818,47.7021924200001 -121.089570712,47.703894086 -121.0872591,47.7047712 -121.0829576,47.7037418 -121.082623,47.7027124000001 -121.078526024,47.704019644 -121.074974409,47.703189062 -121.075638586,47.7083498060001 -121.068944707,47.7086179560001 -121.067105788,47.709355665 -121.0635425,47.7135818 -121.0588768,47.7147733 -121.0608476,47.7164957000001 -121.0606986,47.7190898000001 -121.0639681,47.7204484000001 -121.0645545,47.7224975 -121.0720508,47.7220169 -121.0774582,47.7238442 -121.0795045,47.7272360000001 -121.0808501,47.7273523000001 -121.0803296,47.7286193 -121.0824669,47.7297678 -121.0820468,47.7309902000001 -121.0783762,47.7332417000001 -121.0779376,47.7337625000001 -121.0841088,47.7324233000001</coordinates></LineString>
  </Placemark>
  <Placemark id="simplified.97">
	<Style><LineStyle><color>ff0000ff</color></LineStyle><PolyStyle><fill>0</fill></PolyStyle></Style>
	<ExtendedData><SchemaData schemaUrl="#simplified">
		<SimpleData name="OBJECTID">97</SimpleData>
		<SimpleData name="Section_Name">OR Section B</SimpleData>
		<SimpleData name="Shape_Length">0.465825464820511</SimpleData>
		<SimpleData name="FolderPath">Track/4 - Oregon/OR Section B</SimpleData>
		<SimpleData name="Region">Oregon</SimpleData>
	</SchemaData></ExtendedData>
      <LineString><coordinates>-122.6176505,42.0745045 -122.6150261,42.0746098000001 -122.6158456,42.0735265000001 -122.612978,42.0724049 -122.6112015,42.0703895 -122.6079556,42.0714221000001 -122.6040422,42.0693230000001 -122.6040063,42.0678568000001 -122.602808,42.066336 -122.6024347,42.0582617000001 -122.5997919,42.059696 -122.5965884,42.0584594000001 -122.5951414,42.0585340000001 -122.5935535,42.0601481 -122.5919036,42.0590790000001 -122.5895656,42.0593879 -122.5890293,42.0616012 -122.5873674,42.0602466 -122.5865815,42.0573633000001 -122.5850508,42.057553 -122.5854439,42.0557915000001 -122.5843061,42.0546312000001 -122.5854943,42.0533405 -122.5856048,42.0516808 -122.5869273,42.0511149000001 -122.5836822,42.0484274 -122.5844007,42.0464706000001 -122.5826416,42.0451806 -122.5811984,42.0412506000001 -122.5815324,42.0399015 -122.57678,42.0376621 -122.5758357,42.0352581000001 -122.5731898,42.0336581 -122.5741939,42.0311537000001 -122.5731114,42.0305955000001 -122.5678313,42.0309539 -122.5661508,42.0327285000001 -122.5637098,42.0328669 -122.5607876,42.0356458000001 -122.5589316,42.0349998 -122.5559052,42.036078 -122.553289,42.0359023 -122.5532174,42.0385542000001 -122.5495663,42.0393402 -122.5488609,42.0413239000001 -122.5425125,42.0384735000001 -122.5412832,42.0389339000001 -122.5414096,42.0399532000001 -122.5370617,42.0402599000001 -122.5376147,42.0411884000001 -122.536346,42.0416737 -122.5298305,42.0413579 -122.5280617,42.0428082 -122.5233373,42.0426889 -122.5198677,42.0441348000001 -122.5173193,42.0459667000001 -122.517018,42.0491305 -122.5142138,42.05224 -122.5119276,42.0528498 -122.5089502,42.0523404 -122.4997702,42.0590579 -122.4989557,42.0583887000001 -122.496836,42.0593512 -122.4959024,42.0612252000001 -122.4961868,42.0626137 -122.4928797,42.0637256000001 -122.4903826,42.0671206000001 -122.4858093,42.0671617 -122.4817366,42.0687989 -122.4785902,42.0733631000001 -122.4803335,42.0768397000001 -122.4800394,42.077993 -122.4818519,42.0807529 -122.4808419,42.0825532000001 -122.4820141,42.0858691 -122.4785446,42.0886367000001 -122.4779896,42.0925388000001 -122.474031,42.0942214 -122.4722695,42.0970121 -122.4757207,42.0999744000001 -122.473676,42.1018858 -122.4758727,42.1038843000001 -122.4763345,42.1054224000001 -122.4755259,42.1068667000001 -122.4773948,42.1066674 -122.4755479,42.1090257000001 -122.4802951,42.1116569000001 -122.4811301,42.1130155000001 -122.4778966,42.1171857000001 -122.4786082,42.1173031000001 -122.478637,42.1196826 -122.4775928,42.1238626000001 -122.4801214,42.1255819 -122.4827112,42.1300138 -122.4808974,42.1320187000001 -122.4816143,42.1340246 -122.4833795,42.1345301000001 -122.4837989,42.1366884 -122.4868037,42.1377762000001 -122.4894639,42.1425511 -122.4932741,42.1436541 -122.4950368,42.143153 -122.4963299,42.1415112 -122.5003158,42.1409179 -122.50067,42.1393882 -122.5036314,42.1378473 -122.5041102,42.1361779000001 -122.5072888,42.1355859000001 -122.5089455,42.1361437 -122.5095616,42.1402501000001 -122.5120399,42.1424865000001 -122.5082695,42.1453307 -122.5068994,42.1473152 -122.509754,42.1493668000001 -122.5100893,42.1506174 -122.5070903,42.1545986 -122.5024312,42.1566983000001 -122.501575,42.1583607000001 -122.4988942,42.1584262000001 -122.4961631,42.157134 -122.4928513,42.1581294000001 -122.4903498,42.1568782000001 -122.4892819,42.1583805000001 -122.4866764,42.1580357 -122.4855647,42.1587481 -122.4832882,42.1570396000001 -122.4805544,42.1563506000001 -122.4811061,42.1577754 -122.4761824,42.1575867 -122.4731132,42.1604507000001 -122.4677603,42.1617917 -122.4654628,42.1643584 -122.4603601,42.1639509 -122.4553606,42.1650908 -122.4547443,42.1667974000001 -122.4562395,42.1696620000001 -122.4511767,42.1718104 -122.4504889,42.1729082000001 -122.4523013,42.1762898000001 -122.450624,42.1770191000001 -122.447822,42.1768274 -122.4468665,42.1781318000001 -122.4446094,42.1788230000001 -122.4446843,42.1801162</coordinates></LineString>
  </Placemark>
  <Placemark id="simplified.98">
	<Style><LineStyle><color>ff0000ff</color></LineStyle><PolyStyle><fill>0</fill></PolyStyle></Style>
	<ExtendedData><SchemaData schemaUrl="#simplified">
		<SimpleData name="OBJECTID">98</SimpleData>
		<SimpleData name="Section_Name">OR Section B</SimpleData>
		<SimpleData name="Shape_Length">0.463966551433273</SimpleData>
		<SimpleData name="FolderPath">Track/4 - Oregon/OR Section B</SimpleData>
		<SimpleData name="Region">Oregon</SimpleData>
	</SchemaData></ExtendedData>
      <LineString><coordinates>-122.4446843,42.1801162 -122.4431992,42.1823299000001 -122.439717,42.1824995000001 -122.4379274,42.1839963 -122.4381759,42.1855653000001 -122.4365999,42.1867024000001 -122.4314849,42.1877425000001 -122.4325491,42.1907420000001 -122.428755,42.1917617 -122.4276403,42.1930633000001 -122.4289491,42.1949270000001 -122.4267918,42.1947069 -122.4251968,42.1972545 -122.4211554,42.1993917 -122.4198896,42.2015594000001 -122.4156577,42.2026500000001 -122.4129297,42.2009205000001 -122.4101986,42.2010105000001 -122.4091916,42.2003425 -122.3932998,42.2002018000001 -122.3895256,42.2012540000001 -122.3813474,42.2002522000001 -122.3770825,42.2029019 -122.3758818,42.2050861000001 -122.3727747,42.2062471 -122.3692211,42.2103351000001 -122.3688344,42.211397 -122.3696158,42.2134523 -122.3672754,42.2160005000001 -122.367948,42.2170817000001 -122.3654775,42.2169308000001 -122.358113,42.2196621000001 -122.351292,42.2237180000001 -122.3502595,42.2269334000001 -122.3455342,42.2298040000001 -122.3392056,42.2314554000001 -122.3338302,42.2297328000001 -122.3302644,42.230397 -122.3239849,42.2348806000001 -122.3209969,42.2355466000001 -122.3184902,42.2343677000001 -122.3124377,42.2369383000001 -122.3083848,42.2398022 -122.3077464,42.242535 -122.3068404,42.2430875000001 -122.3006143,42.2431566000001 -122.2975762,42.2416741000001 -122.2875623,42.2432484 -122.2853502,42.2454694 -122.2859803,42.2493447000001 -122.2896401,42.2510724000001 -122.2903132,42.2522645000001 -122.290448,42.254853 -122.2887373,42.2612678 -122.2896709,42.2618025 -122.2885715,42.2627140000001 -122.2902465,42.2657664000001 -122.2911518,42.2653893 -122.2919297,42.2661998 -122.2884345,42.2694773000001 -122.2809835,42.2696164000001 -122.2780788,42.2725294000001 -122.2751954,42.2741117 -122.2763595,42.2754549000001 -122.2760821,42.2761408000001 -122.269154,42.2806905 -122.2665626,42.2814890000001 -122.2659563,42.2880643 -122.2708028,42.2894531000001 -122.2715804,42.2912535 -122.2720717,42.2979665 -122.271298002,42.3011130090001 -122.26555204,42.3041429840001 -122.264311016,42.3055639680001 -122.26413399,42.3071720360001 -122.2609401,42.3093381 -122.2631921,42.3140858 -122.262975,42.3154166 -122.2589546,42.3179463000001 -122.2548029,42.3182837000001 -122.2529988,42.3208553000001 -122.2546088,42.3224487000001 -122.2536711,42.3245658000001 -122.2557853,42.3266054000001 -122.2578937,42.334098 -122.2617495,42.3371614000001 -122.2634528,42.3375489000001 -122.2700298,42.3345297000001 -122.2736942,42.3339725000001 -122.2766331,42.3347245 -122.2772354,42.3338705 -122.278296,42.3340322000001 -122.2819782,42.3370344000001 -122.284799991,42.3426239660001 -122.2898241,42.3427704000001 -122.2904938,42.3437289 -122.2923716,42.3441692000001 -122.2926796,42.3465763 -122.2938835,42.3471528000001 -122.2911061,42.3481616 -122.2909006,42.3494099000001 -122.2917515,42.3502043 -122.2911698,42.3518396000001 -122.2944684,42.3543339 -122.2964242,42.3547909000001 -122.2968296,42.3572995000001 -122.2961839,42.3579262000001 -122.2984596,42.3584583000001 -122.2972226,42.3603121 -122.2980809,42.3606293 -122.2972006,42.3626944000001 -122.2982413,42.3637779000001 -122.296181,42.3652747 -122.3026637,42.3695951 -122.3027635,42.3717970000001 -122.301404,42.372279 -122.3017182,42.373477 -122.299227,42.3742814 -122.2996804,42.3756966 -122.2957109,42.3763729 -122.2960581,42.3775891000001 -122.293643,42.3786415000001 -122.2942744,42.3795419 -122.2927506,42.3807421000001 -122.2927459,42.3815927000001</coordinates></LineString>
  </Placemark>
</Folder>
</Document></kml>
